ts_utc,equity_usd,peak_equity_usd,drawdown_pct
2024-10-05T00:15:00+00:00,5000.000000,5000.000000,0.0000
2024-10-05T00:30:00+00:00,5000.000000,5000.000000,0.0000
2024-10-05T00:45:00+00:00,5000.000000,5000.000000,0.0000
2024-10-05T01:00:00+00:00,5000.000000,5000.000000,0.0000
2024-10-05T01:15:00+00:00,5000.000000,5000.000000,0.0000
2024-10-05T01:30:00+00:00,5000.000000,5000.000000,0.0000
2024-10-05T01:45:00+00:00,5000.000000,5000.000000,0.0000
2024-10-05T02:00:00+00:00,5000.000000,5000.000000,0.0000
2024-10-05T02:15:00+00:00,5000.000000,5000.000000,0.0000
2024-10-05T02:30:00+00:00,5000.000000,5000.000000,0.0000
2024-10-05T02:45:00+00:00,5000.000000,5000.000000,0.0000
2024-10-05T03:00:00+00:00,5000.000000,5000.000000,0.0000
2024-10-05T03:15:00+00:00,5000.000000,5000.000000,0.0000
2024-10-05T03:30:00+00:00,5000.000000,5000.000000,0.0000
2024-10-05T03:45:00+00:00,5000.000000,5000.000000,0.0000
2024-10-05T04:00:00+00:00,5000.000000,5000.000000,0.0000
2024-10-05T04:15:00+00:00,5000.000000,5000.000000,0.0000
2024-10-05T04:30:00+00:00,5000.000000,5000.000000,0.0000
2024-10-05T04:45:00+00:00,5000.000000,5000.000000,0.0000
2024-10-05T05:00:00+00:00,5000.000000,5000.000000,0.0000
2024-10-05T05:15:00+00:00,5000.000000,5000.000000,0.0000
2024-10-05T05:30:00+00:00,5000.000000,5000.000000,0.0000
2024-10-05T05:45:00+00:00,5000.000000,5000.000000,0.0000
2024-10-05T06:00:00+00:00,5000.000000,5000.000000,0.0000
2024-10-05T06:15:00+00:00,5000.000000,5000.000000,0.0000
2024-10-05T06:30:00+00:00,5000.000000,5000.000000,0.0000
2024-10-05T06:45:00+00:00,5000.000000,5000.000000,0.0000
2024-10-05T07:00:00+00:00,5000.000000,5000.000000,0.0000
2024-10-05T07:15:00+00:00,5000.000000,5000.000000,0.0000
2024-10-05T07:30:00+00:00,5000.000000,5000.000000,0.0000
2024-10-05T07:45:00+00:00,5000.000000,5000.000000,0.0000
2024-10-05T08:00:00+00:00,5000.000000,5000.000000,0.0000
2024-10-05T08:15:00+00:00,5000.000000,5000.000000,0.0000
2024-10-05T08:30:00+00:00,5000.000000,5000.000000,0.0000
2024-10-05T08:45:00+00:00,5000.000000,5000.000000,0.0000
2024-10-05T09:00:00+00:00,5000.000000,5000.000000,0.0000
2024-10-05T09:15:00+00:00,5000.000000,5000.000000,0.0000
2024-10-05T09:30:00+00:00,5000.000000,5000.000000,0.0000
2024-10-05T09:45:00+00:00,5000.000000,5000.000000,0.0000
2024-10-05T10:00:00+00:00,5000.000000,5000.000000,0.0000
2024-10-05T10:15:00+00:00,5000.000000,5000.000000,0.0000
2024-10-05T10:30:00+00:00,5000.000000,5000.000000,0.0000
2024-10-05T10:45:00+00:00,5000.000000,5000.000000,0.0000
2024-10-05T11:00:00+00:00,5000.000000,5000.000000,0.0000
2024-10-05T11:15:00+00:00,5000.000000,5000.000000,0.0000
2024-10-05T11:30:00+00:00,5000.000000,5000.000000,0.0000
2024-10-05T11:45:00+00:00,5000.000000,5000.000000,0.0000
2024-10-05T12:00:00+00:00,5000.000000,5000.000000,0.0000
2024-10-05T12:15:00+00:00,5000.000000,5000.000000,0.0000
2024-10-05T12:30:00+00:00,5000.000000,5000.000000,0.0000
2024-10-05T12:45:00+00:00,5000.000000,5000.000000,0.0000
2024-10-05T13:00:00+00:00,5000.000000,5000.000000,0.0000
2024-10-05T13:15:00+00:00,5000.000000,5000.000000,0.0000
2024-10-05T13:30:00+00:00,5000.000000,5000.000000,0.0000
2024-10-05T13:45:00+00:00,5000.000000,5000.000000,0.0000
2024-10-05T14:00:00+00:00,5000.000000,5000.000000,0.0000
2024-10-05T14:15:00+00:00,5000.000000,5000.000000,0.0000
2024-10-05T14:30:00+00:00,5000.000000,5000.000000,0.0000
2024-10-05T14:45:00+00:00,5000.000000,5000.000000,0.0000
2024-10-05T15:00:00+00:00,5000.000000,5000.000000,0.0000
2024-10-05T15:15:00+00:00,5000.000000,5000.000000,0.0000
2024-10-05T15:30:00+00:00,5000.000000,5000.000000,0.0000
2024-10-05T15:45:00+00:00,5000.000000,5000.000000,0.0000
2024-10-05T16:00:00+00:00,5000.000000,5000.000000,0.0000
2024-10-05T16:15:00+00:00,5000.000000,5000.000000,0.0000
2024-10-05T16:30:00+00:00,5000.000000,5000.000000,0.0000
2024-10-05T16:45:00+00:00,5000.000000,5000.000000,0.0000
2024-10-05T17:00:00+00:00,5000.000000,5000.000000,0.0000
2024-10-05T17:15:00+00:00,5000.000000,5000.000000,0.0000
2024-10-05T17:30:00+00:00,5000.000000,5000.000000,0.0000
2024-10-05T17:45:00+00:00,5000.000000,5000.000000,0.0000
2024-10-05T18:00:00+00:00,5000.000000,5000.000000,0.0000
2024-10-05T18:15:00+00:00,5000.000000,5000.000000,0.0000
2024-10-05T18:30:00+00:00,5000.000000,5000.000000,0.0000
2024-10-05T18:45:00+00:00,5000.000000,5000.000000,0.0000
2024-10-05T19:00:00+00:00,5000.000000,5000.000000,0.0000
2024-10-05T19:15:00+00:00,5000.000000,5000.000000,0.0000
2024-10-05T19:30:00+00:00,5000.000000,5000.000000,0.0000
2024-10-05T19:45:00+00:00,5000.000000,5000.000000,0.0000
2024-10-05T20:00:00+00:00,5000.000000,5000.000000,0.0000
2024-10-05T20:15:00+00:00,5000.000000,5000.000000,0.0000
2024-10-05T20:30:00+00:00,5000.000000,5000.000000,0.0000
2024-10-05T20:45:00+00:00,5000.000000,5000.000000,0.0000
2024-10-05T21:00:00+00:00,5000.000000,5000.000000,0.0000
2024-10-05T21:15:00+00:00,5000.000000,5000.000000,0.0000
2024-10-05T21:30:00+00:00,5000.000000,5000.000000,0.0000
2024-10-05T21:45:00+00:00,5000.000000,5000.000000,0.0000
2024-10-05T22:00:00+00:00,5000.000000,5000.000000,0.0000
2024-10-05T22:15:00+00:00,5000.000000,5000.000000,0.0000
2024-10-05T22:30:00+00:00,5000.000000,5000.000000,0.0000
2024-10-05T22:45:00+00:00,5000.000000,5000.000000,0.0000
2024-10-05T23:00:00+00:00,5000.000000,5000.000000,0.0000
2024-10-05T23:15:00+00:00,5000.000000,5000.000000,0.0000
2024-10-05T23:30:00+00:00,5000.000000,5000.000000,0.0000
2024-10-05T23:45:00+00:00,5000.000000,5000.000000,0.0000
2024-10-06T00:00:00+00:00,5000.000000,5000.000000,0.0000
2024-10-06T00:15:00+00:00,5000.000000,5000.000000,0.0000
2024-10-06T00:30:00+00:00,5000.000000,5000.000000,0.0000
2024-10-06T00:45:00+00:00,5000.000000,5000.000000,0.0000
2024-10-06T01:00:00+00:00,5000.000000,5000.000000,0.0000
2024-10-06T01:15:00+00:00,5000.000000,5000.000000,0.0000
2024-10-06T01:30:00+00:00,5000.000000,5000.000000,0.0000
2024-10-06T01:45:00+00:00,5000.000000,5000.000000,0.0000
2024-10-06T02:00:00+00:00,5000.000000,5000.000000,0.0000
2024-10-06T02:15:00+00:00,5000.000000,5000.000000,0.0000
2024-10-06T02:30:00+00:00,5000.000000,5000.000000,0.0000
2024-10-06T02:45:00+00:00,5000.000000,5000.000000,0.0000
2024-10-06T03:00:00+00:00,5000.000000,5000.000000,0.0000
2024-10-06T03:15:00+00:00,5000.000000,5000.000000,0.0000
2024-10-06T03:30:00+00:00,5000.000000,5000.000000,0.0000
2024-10-06T03:45:00+00:00,5000.000000,5000.000000,0.0000
2024-10-06T04:00:00+00:00,5000.000000,5000.000000,0.0000
2024-10-06T04:15:00+00:00,5000.000000,5000.000000,0.0000
2024-10-06T04:30:00+00:00,5000.000000,5000.000000,0.0000
2024-10-06T04:45:00+00:00,5000.000000,5000.000000,0.0000
2024-10-06T05:00:00+00:00,5000.000000,5000.000000,0.0000
2024-10-06T05:15:00+00:00,5000.000000,5000.000000,0.0000
2024-10-06T05:30:00+00:00,5000.000000,5000.000000,0.0000
2024-10-06T05:45:00+00:00,5000.000000,5000.000000,0.0000
2024-10-06T06:00:00+00:00,5000.000000,5000.000000,0.0000
2024-10-06T06:15:00+00:00,5000.000000,5000.000000,0.0000
2024-10-06T06:30:00+00:00,5000.000000,5000.000000,0.0000
2024-10-06T06:45:00+00:00,5000.000000,5000.000000,0.0000
2024-10-06T07:00:00+00:00,5000.000000,5000.000000,0.0000
2024-10-06T07:15:00+00:00,5000.000000,5000.000000,0.0000
2024-10-06T07:30:00+00:00,5000.000000,5000.000000,0.0000
2024-10-06T07:45:00+00:00,5000.000000,5000.000000,0.0000
2024-10-06T08:00:00+00:00,5000.000000,5000.000000,0.0000
2024-10-06T08:15:00+00:00,5000.000000,5000.000000,0.0000
2024-10-06T08:30:00+00:00,5000.000000,5000.000000,0.0000
2024-10-06T08:45:00+00:00,5000.000000,5000.000000,0.0000
2024-10-06T09:00:00+00:00,5000.000000,5000.000000,0.0000
2024-10-06T09:15:00+00:00,5000.000000,5000.000000,0.0000
2024-10-06T09:30:00+00:00,5000.000000,5000.000000,0.0000
2024-10-06T09:45:00+00:00,5000.000000,5000.000000,0.0000
2024-10-06T10:00:00+00:00,5000.000000,5000.000000,0.0000
2024-10-06T10:15:00+00:00,5000.000000,5000.000000,0.0000
2024-10-06T10:30:00+00:00,5000.000000,5000.000000,0.0000
2024-10-06T10:45:00+00:00,5000.000000,5000.000000,0.0000
2024-10-06T11:00:00+00:00,5000.000000,5000.000000,0.0000
2024-10-06T11:15:00+00:00,5000.000000,5000.000000,0.0000
2024-10-06T11:30:00+00:00,5000.000000,5000.000000,0.0000
2024-10-06T11:45:00+00:00,5000.000000,5000.000000,0.0000
2024-10-06T12:00:00+00:00,5000.000000,5000.000000,0.0000
2024-10-06T12:15:00+00:00,5000.000000,5000.000000,0.0000
2024-10-06T12:30:00+00:00,5000.000000,5000.000000,0.0000
2024-10-06T12:45:00+00:00,5000.000000,5000.000000,0.0000
2024-10-06T13:00:00+00:00,5000.000000,5000.000000,0.0000
2024-10-06T13:15:00+00:00,5000.000000,5000.000000,0.0000
2024-10-06T13:30:00+00:00,5000.000000,5000.000000,0.0000
2024-10-06T13:45:00+00:00,5000.000000,5000.000000,0.0000
2024-10-06T14:00:00+00:00,5000.000000,5000.000000,0.0000
2024-10-06T14:15:00+00:00,5000.000000,5000.000000,0.0000
2024-10-06T14:30:00+00:00,5000.000000,5000.000000,0.0000
2024-10-06T14:45:00+00:00,5000.000000,5000.000000,0.0000
2024-10-06T15:00:00+00:00,5000.000000,5000.000000,0.0000
2024-10-06T15:15:00+00:00,5000.000000,5000.000000,0.0000
2024-10-06T15:30:00+00:00,5000.000000,5000.000000,0.0000
2024-10-06T15:45:00+00:00,5000.000000,5000.000000,0.0000
2024-10-06T16:00:00+00:00,5000.000000,5000.000000,0.0000
2024-10-06T16:15:00+00:00,5000.000000,5000.000000,0.0000
2024-10-06T16:30:00+00:00,5000.000000,5000.000000,0.0000
2024-10-06T16:45:00+00:00,5000.000000,5000.000000,0.0000
2024-10-06T17:00:00+00:00,5000.000000,5000.000000,0.0000
2024-10-06T17:15:00+00:00,5000.000000,5000.000000,0.0000
2024-10-06T17:30:00+00:00,5000.000000,5000.000000,0.0000
2024-10-06T17:45:00+00:00,5000.000000,5000.000000,0.0000
2024-10-06T18:00:00+00:00,5000.000000,5000.000000,0.0000
2024-10-06T18:15:00+00:00,5000.000000,5000.000000,0.0000
2024-10-06T18:30:00+00:00,5000.000000,5000.000000,0.0000
2024-10-06T18:45:00+00:00,5000.000000,5000.000000,0.0000
2024-10-06T19:00:00+00:00,5000.000000,5000.000000,0.0000
2024-10-06T19:15:00+00:00,5000.000000,5000.000000,0.0000
2024-10-06T19:30:00+00:00,5000.000000,5000.000000,0.0000
2024-10-06T19:45:00+00:00,5000.000000,5000.000000,0.0000
2024-10-06T20:00:00+00:00,5000.000000,5000.000000,0.0000
2024-10-06T20:15:00+00:00,5000.000000,5000.000000,0.0000
2024-10-06T20:30:00+00:00,5000.000000,5000.000000,0.0000
2024-10-06T20:45:00+00:00,5000.000000,5000.000000,0.0000
2024-10-06T21:00:00+00:00,5000.000000,5000.000000,0.0000
2024-10-06T21:15:00+00:00,5000.000000,5000.000000,0.0000
2024-10-06T21:30:00+00:00,5000.000000,5000.000000,0.0000
2024-10-06T21:45:00+00:00,5000.000000,5000.000000,0.0000
2024-10-06T22:00:00+00:00,5000.000000,5000.000000,0.0000
2024-10-06T22:15:00+00:00,5000.000000,5000.000000,0.0000
2024-10-06T22:30:00+00:00,5000.000000,5000.000000,0.0000
2024-10-06T22:45:00+00:00,5000.000000,5000.000000,0.0000
2024-10-06T23:00:00+00:00,5000.000000,5000.000000,0.0000
2024-10-06T23:15:00+00:00,5000.000000,5000.000000,0.0000
2024-10-06T23:30:00+00:00,5000.000000,5000.000000,0.0000
2024-10-06T23:45:00+00:00,5000.000000,5000.000000,0.0000
2024-10-07T00:00:00+00:00,5000.000000,5000.000000,0.0000
2024-10-07T00:15:00+00:00,5000.000000,5000.000000,0.0000
2024-10-07T00:30:00+00:00,5000.000000,5000.000000,0.0000
2024-10-07T00:45:00+00:00,5000.000000,5000.000000,0.0000
2024-10-07T01:00:00+00:00,5000.000000,5000.000000,0.0000
2024-10-07T01:15:00+00:00,5000.000000,5000.000000,0.0000
2024-10-07T01:30:00+00:00,5000.000000,5000.000000,0.0000
2024-10-07T01:45:00+00:00,5000.000000,5000.000000,0.0000
2024-10-07T02:00:00+00:00,5000.000000,5000.000000,0.0000
2024-10-07T02:15:00+00:00,5000.000000,5000.000000,0.0000
2024-10-07T02:30:00+00:00,5000.000000,5000.000000,0.0000
2024-10-07T02:45:00+00:00,5000.000000,5000.000000,0.0000
2024-10-07T03:00:00+00:00,5000.000000,5000.000000,0.0000
2024-10-07T03:15:00+00:00,5000.000000,5000.000000,0.0000
2024-10-07T03:30:00+00:00,5000.000000,5000.000000,0.0000
2024-10-07T03:45:00+00:00,5000.000000,5000.000000,0.0000
2024-10-07T04:00:00+00:00,5000.000000,5000.000000,0.0000
2024-10-07T04:15:00+00:00,5000.000000,5000.000000,0.0000
2024-10-07T04:30:00+00:00,5000.000000,5000.000000,0.0000
2024-10-07T04:45:00+00:00,5000.000000,5000.000000,0.0000
2024-10-07T05:00:00+00:00,5000.000000,5000.000000,0.0000
2024-10-07T05:15:00+00:00,5000.000000,5000.000000,0.0000
2024-10-07T05:30:00+00:00,5000.000000,5000.000000,0.0000
2024-10-07T05:45:00+00:00,5000.000000,5000.000000,0.0000
2024-10-07T06:00:00+00:00,5000.000000,5000.000000,0.0000
2024-10-07T06:15:00+00:00,5000.000000,5000.000000,0.0000
2024-10-07T06:30:00+00:00,5000.000000,5000.000000,0.0000
2024-10-07T06:45:00+00:00,5000.000000,5000.000000,0.0000
2024-10-07T07:00:00+00:00,5000.000000,5000.000000,0.0000
2024-10-07T07:15:00+00:00,5000.000000,5000.000000,0.0000
2024-10-07T07:30:00+00:00,5000.000000,5000.000000,0.0000
2024-10-07T07:45:00+00:00,5000.000000,5000.000000,0.0000
2024-10-07T08:00:00+00:00,5000.000000,5000.000000,0.0000
2024-10-07T08:15:00+00:00,5000.000000,5000.000000,0.0000
2024-10-07T08:30:00+00:00,5000.000000,5000.000000,0.0000
2024-10-07T08:45:00+00:00,5000.000000,5000.000000,0.0000
2024-10-07T09:00:00+00:00,5000.000000,5000.000000,0.0000
2024-10-07T09:15:00+00:00,5000.000000,5000.000000,0.0000
2024-10-07T09:30:00+00:00,5000.000000,5000.000000,0.0000
2024-10-07T09:45:00+00:00,5000.000000,5000.000000,0.0000
2024-10-07T10:00:00+00:00,5000.000000,5000.000000,0.0000
2024-10-07T10:15:00+00:00,5000.000000,5000.000000,0.0000
2024-10-07T10:30:00+00:00,5000.000000,5000.000000,0.0000
2024-10-07T10:45:00+00:00,5000.000000,5000.000000,0.0000
2024-10-07T11:00:00+00:00,5000.000000,5000.000000,0.0000
2024-10-07T11:15:00+00:00,5000.000000,5000.000000,0.0000
2024-10-07T11:30:00+00:00,5000.000000,5000.000000,0.0000
2024-10-07T11:45:00+00:00,5000.000000,5000.000000,0.0000
2024-10-07T12:00:00+00:00,5000.000000,5000.000000,0.0000
2024-10-07T12:15:00+00:00,5000.000000,5000.000000,0.0000
2024-10-07T12:30:00+00:00,5000.000000,5000.000000,0.0000
2024-10-07T12:45:00+00:00,5000.000000,5000.000000,0.0000
2024-10-07T13:00:00+00:00,5000.000000,5000.000000,0.0000
2024-10-07T13:15:00+00:00,5000.000000,5000.000000,0.0000
2024-10-07T13:30:00+00:00,5000.000000,5000.000000,0.0000
2024-10-07T13:45:00+00:00,5000.000000,5000.000000,0.0000
2024-10-07T14:00:00+00:00,5000.000000,5000.000000,0.0000
2024-10-07T14:15:00+00:00,5000.000000,5000.000000,0.0000
2024-10-07T14:30:00+00:00,5000.000000,5000.000000,0.0000
2024-10-07T14:45:00+00:00,5000.000000,5000.000000,0.0000
2024-10-07T15:00:00+00:00,5000.000000,5000.000000,0.0000
2024-10-07T15:15:00+00:00,5000.000000,5000.000000,0.0000
2024-10-07T15:30:00+00:00,5000.000000,5000.000000,0.0000
2024-10-07T15:45:00+00:00,5000.000000,5000.000000,0.0000
2024-10-07T16:00:00+00:00,5000.000000,5000.000000,0.0000
2024-10-07T16:15:00+00:00,5000.000000,5000.000000,0.0000
2024-10-07T16:30:00+00:00,5000.000000,5000.000000,0.0000
2024-10-07T16:45:00+00:00,5000.000000,5000.000000,0.0000
2024-10-07T17:00:00+00:00,5000.000000,5000.000000,0.0000
2024-10-07T17:15:00+00:00,5000.000000,5000.000000,0.0000
2024-10-07T17:30:00+00:00,5000.000000,5000.000000,0.0000
2024-10-07T17:45:00+00:00,5000.000000,5000.000000,0.0000
2024-10-07T18:00:00+00:00,5000.000000,5000.000000,0.0000
2024-10-07T18:15:00+00:00,5000.000000,5000.000000,0.0000
2024-10-07T18:30:00+00:00,5000.000000,5000.000000,0.0000
2024-10-07T18:45:00+00:00,5000.000000,5000.000000,0.0000
2024-10-07T19:00:00+00:00,5000.000000,5000.000000,0.0000
2024-10-07T19:15:00+00:00,5000.000000,5000.000000,0.0000
2024-10-07T19:30:00+00:00,5000.000000,5000.000000,0.0000
2024-10-07T19:45:00+00:00,5000.000000,5000.000000,0.0000
2024-10-07T20:00:00+00:00,5000.000000,5000.000000,0.0000
2024-10-07T20:15:00+00:00,5000.000000,5000.000000,0.0000
2024-10-07T20:30:00+00:00,5000.000000,5000.000000,0.0000
2024-10-07T20:45:00+00:00,5000.000000,5000.000000,0.0000
2024-10-07T21:00:00+00:00,5000.000000,5000.000000,0.0000
2024-10-07T21:15:00+00:00,5000.000000,5000.000000,0.0000
2024-10-07T21:30:00+00:00,5000.000000,5000.000000,0.0000
2024-10-07T21:45:00+00:00,5000.000000,5000.000000,0.0000
2024-10-07T22:00:00+00:00,5000.000000,5000.000000,0.0000
2024-10-07T22:15:00+00:00,5000.000000,5000.000000,0.0000
2024-10-07T22:30:00+00:00,5000.000000,5000.000000,0.0000
2024-10-07T22:45:00+00:00,5000.000000,5000.000000,0.0000
2024-10-07T23:00:00+00:00,5000.000000,5000.000000,0.0000
2024-10-07T23:15:00+00:00,5000.000000,5000.000000,0.0000
2024-10-07T23:30:00+00:00,5000.000000,5000.000000,0.0000
2024-10-07T23:45:00+00:00,5000.000000,5000.000000,0.0000
2024-10-08T00:00:00+00:00,5000.000000,5000.000000,0.0000
2024-10-08T00:15:00+00:00,5000.000000,5000.000000,0.0000
2024-10-08T00:30:00+00:00,5000.000000,5000.000000,0.0000
2024-10-08T00:45:00+00:00,5000.000000,5000.000000,0.0000
2024-10-08T01:00:00+00:00,5000.000000,5000.000000,0.0000
2024-10-08T01:15:00+00:00,5000.000000,5000.000000,0.0000
2024-10-08T01:30:00+00:00,5000.000000,5000.000000,0.0000
2024-10-08T01:45:00+00:00,5000.000000,5000.000000,0.0000
2024-10-08T02:00:00+00:00,5000.000000,5000.000000,0.0000
2024-10-08T02:15:00+00:00,5000.000000,5000.000000,0.0000
2024-10-08T02:30:00+00:00,5000.000000,5000.000000,0.0000
2024-10-08T02:45:00+00:00,5000.000000,5000.000000,0.0000
2024-10-08T03:00:00+00:00,5000.000000,5000.000000,0.0000
2024-10-08T03:15:00+00:00,5000.000000,5000.000000,0.0000
2024-10-08T03:30:00+00:00,5000.000000,5000.000000,0.0000
2024-10-08T03:45:00+00:00,5000.000000,5000.000000,0.0000
2024-10-08T04:00:00+00:00,5000.000000,5000.000000,0.0000
2024-10-08T04:15:00+00:00,5000.000000,5000.000000,0.0000
2024-10-08T04:30:00+00:00,5000.000000,5000.000000,0.0000
2024-10-08T04:45:00+00:00,5000.000000,5000.000000,0.0000
2024-10-08T05:00:00+00:00,5000.000000,5000.000000,0.0000
2024-10-08T05:15:00+00:00,5000.000000,5000.000000,0.0000
2024-10-08T05:30:00+00:00,5000.000000,5000.000000,0.0000
2024-10-08T05:45:00+00:00,5000.000000,5000.000000,0.0000
2024-10-08T06:00:00+00:00,5000.000000,5000.000000,0.0000
2024-10-08T06:15:00+00:00,5000.000000,5000.000000,0.0000
2024-10-08T06:30:00+00:00,5000.000000,5000.000000,0.0000
2024-10-08T06:45:00+00:00,5000.000000,5000.000000,0.0000
2024-10-08T07:00:00+00:00,5000.000000,5000.000000,0.0000
2024-10-08T07:15:00+00:00,5000.000000,5000.000000,0.0000
2024-10-08T07:30:00+00:00,5000.000000,5000.000000,0.0000
2024-10-08T07:45:00+00:00,5000.000000,5000.000000,0.0000
2024-10-08T08:00:00+00:00,5000.000000,5000.000000,0.0000
2024-10-08T08:15:00+00:00,5000.000000,5000.000000,0.0000
2024-10-08T08:30:00+00:00,5000.000000,5000.000000,0.0000
2024-10-08T08:45:00+00:00,5000.000000,5000.000000,0.0000
2024-10-08T09:00:00+00:00,5000.000000,5000.000000,0.0000
2024-10-08T09:15:00+00:00,5000.000000,5000.000000,0.0000
2024-10-08T09:30:00+00:00,5000.000000,5000.000000,0.0000
2024-10-08T09:45:00+00:00,5000.000000,5000.000000,0.0000
2024-10-08T10:00:00+00:00,5000.000000,5000.000000,0.0000
2024-10-08T10:15:00+00:00,5000.000000,5000.000000,0.0000
2024-10-08T10:30:00+00:00,5000.000000,5000.000000,0.0000
2024-10-08T10:45:00+00:00,5000.000000,5000.000000,0.0000
2024-10-08T11:00:00+00:00,5000.000000,5000.000000,0.0000
2024-10-08T11:15:00+00:00,5000.000000,5000.000000,0.0000
2024-10-08T11:30:00+00:00,5000.000000,5000.000000,0.0000
2024-10-08T11:45:00+00:00,5000.000000,5000.000000,0.0000
2024-10-08T12:00:00+00:00,5000.000000,5000.000000,0.0000
2024-10-08T12:15:00+00:00,5000.000000,5000.000000,0.0000
2024-10-08T12:30:00+00:00,5000.000000,5000.000000,0.0000
2024-10-08T12:45:00+00:00,5000.000000,5000.000000,0.0000
2024-10-08T13:00:00+00:00,5000.000000,5000.000000,0.0000
2024-10-08T13:15:00+00:00,5000.000000,5000.000000,0.0000
2024-10-08T13:30:00+00:00,5000.000000,5000.000000,0.0000
2024-10-08T13:45:00+00:00,5000.000000,5000.000000,0.0000
2024-10-08T14:00:00+00:00,5000.000000,5000.000000,0.0000
2024-10-08T14:15:00+00:00,5000.000000,5000.000000,0.0000
2024-10-08T14:30:00+00:00,5000.000000,5000.000000,0.0000
2024-10-08T14:45:00+00:00,5000.000000,5000.000000,0.0000
2024-10-08T15:00:00+00:00,5000.000000,5000.000000,0.0000
2024-10-08T15:15:00+00:00,5000.000000,5000.000000,0.0000
2024-10-08T15:30:00+00:00,5000.000000,5000.000000,0.0000
2024-10-08T15:45:00+00:00,5000.000000,5000.000000,0.0000
2024-10-08T16:00:00+00:00,5000.000000,5000.000000,0.0000
2024-10-08T16:15:00+00:00,5000.000000,5000.000000,0.0000
2024-10-08T16:30:00+00:00,5000.000000,5000.000000,0.0000
2024-10-08T16:45:00+00:00,5000.000000,5000.000000,0.0000
2024-10-08T17:00:00+00:00,5000.000000,5000.000000,0.0000
2024-10-08T17:15:00+00:00,5000.000000,5000.000000,0.0000
2024-10-08T17:30:00+00:00,5000.000000,5000.000000,0.0000
2024-10-08T17:45:00+00:00,5000.000000,5000.000000,0.0000
2024-10-08T18:00:00+00:00,5000.000000,5000.000000,0.0000
2024-10-08T18:15:00+00:00,5000.000000,5000.000000,0.0000
2024-10-08T18:30:00+00:00,5000.000000,5000.000000,0.0000
2024-10-08T18:45:00+00:00,5000.000000,5000.000000,0.0000
2024-10-08T19:00:00+00:00,5000.000000,5000.000000,0.0000
2024-10-08T19:15:00+00:00,5000.000000,5000.000000,0.0000
2024-10-08T19:30:00+00:00,5000.000000,5000.000000,0.0000
2024-10-08T19:45:00+00:00,5000.000000,5000.000000,0.0000
2024-10-08T20:00:00+00:00,5000.000000,5000.000000,0.0000
2024-10-08T20:15:00+00:00,5000.000000,5000.000000,0.0000
2024-10-08T20:30:00+00:00,5000.000000,5000.000000,0.0000
2024-10-08T20:45:00+00:00,5000.000000,5000.000000,0.0000
2024-10-08T21:00:00+00:00,5000.000000,5000.000000,0.0000
2024-10-08T21:15:00+00:00,5000.000000,5000.000000,0.0000
2024-10-08T21:30:00+00:00,5000.000000,5000.000000,0.0000
2024-10-08T21:45:00+00:00,5000.000000,5000.000000,0.0000
2024-10-08T22:00:00+00:00,5000.000000,5000.000000,0.0000
2024-10-08T22:15:00+00:00,5000.000000,5000.000000,0.0000
2024-10-08T22:30:00+00:00,5000.000000,5000.000000,0.0000
2024-10-08T22:45:00+00:00,5000.000000,5000.000000,0.0000
2024-10-08T23:00:00+00:00,5000.000000,5000.000000,0.0000
2024-10-08T23:15:00+00:00,5000.000000,5000.000000,0.0000
2024-10-08T23:30:00+00:00,5000.000000,5000.000000,0.0000
2024-10-08T23:45:00+00:00,5000.000000,5000.000000,0.0000
2024-10-09T00:00:00+00:00,5000.000000,5000.000000,0.0000
2024-10-09T00:15:00+00:00,5000.000000,5000.000000,0.0000
2024-10-09T00:30:00+00:00,5000.000000,5000.000000,0.0000
2024-10-09T00:45:00+00:00,5000.000000,5000.000000,0.0000
2024-10-09T01:00:00+00:00,5000.000000,5000.000000,0.0000
2024-10-09T01:15:00+00:00,5000.000000,5000.000000,0.0000
2024-10-09T01:30:00+00:00,5000.000000,5000.000000,0.0000
2024-10-09T01:45:00+00:00,5000.000000,5000.000000,0.0000
2024-10-09T02:00:00+00:00,5000.000000,5000.000000,0.0000
2024-10-09T02:15:00+00:00,5000.000000,5000.000000,0.0000
2024-10-09T02:30:00+00:00,5000.000000,5000.000000,0.0000
2024-10-09T02:45:00+00:00,5000.000000,5000.000000,0.0000
2024-10-09T03:00:00+00:00,5000.000000,5000.000000,0.0000
2024-10-09T03:15:00+00:00,5000.000000,5000.000000,0.0000
2024-10-09T03:30:00+00:00,5000.000000,5000.000000,0.0000
2024-10-09T03:45:00+00:00,5000.000000,5000.000000,0.0000
2024-10-09T04:00:00+00:00,5000.000000,5000.000000,0.0000
2024-10-09T04:15:00+00:00,5000.000000,5000.000000,0.0000
2024-10-09T04:30:00+00:00,5000.000000,5000.000000,0.0000
2024-10-09T04:45:00+00:00,5000.000000,5000.000000,0.0000
2024-10-09T05:00:00+00:00,5000.000000,5000.000000,0.0000
2024-10-09T05:15:00+00:00,5000.000000,5000.000000,0.0000
2024-10-09T05:30:00+00:00,5000.000000,5000.000000,0.0000
2024-10-09T05:45:00+00:00,5000.000000,5000.000000,0.0000
2024-10-09T06:00:00+00:00,5000.000000,5000.000000,0.0000
2024-10-09T06:15:00+00:00,5000.000000,5000.000000,0.0000
2024-10-09T06:30:00+00:00,5000.000000,5000.000000,0.0000
2024-10-09T06:45:00+00:00,5000.000000,5000.000000,0.0000
2024-10-09T07:00:00+00:00,5000.000000,5000.000000,0.0000
2024-10-09T07:15:00+00:00,5000.000000,5000.000000,0.0000
2024-10-09T07:30:00+00:00,5000.000000,5000.000000,0.0000
2024-10-09T07:45:00+00:00,5000.000000,5000.000000,0.0000
2024-10-09T08:00:00+00:00,5000.000000,5000.000000,0.0000
2024-10-09T08:15:00+00:00,5000.000000,5000.000000,0.0000
2024-10-09T08:30:00+00:00,5000.000000,5000.000000,0.0000
2024-10-09T08:45:00+00:00,5000.000000,5000.000000,0.0000
2024-10-09T09:00:00+00:00,5000.000000,5000.000000,0.0000
2024-10-09T09:15:00+00:00,5000.000000,5000.000000,0.0000
2024-10-09T09:30:00+00:00,5000.000000,5000.000000,0.0000
2024-10-09T09:45:00+00:00,5000.000000,5000.000000,0.0000
2024-10-09T10:00:00+00:00,5000.000000,5000.000000,0.0000
2024-10-09T10:15:00+00:00,5000.000000,5000.000000,0.0000
2024-10-09T10:30:00+00:00,5000.000000,5000.000000,0.0000
2024-10-09T10:45:00+00:00,5000.000000,5000.000000,0.0000
2024-10-09T11:00:00+00:00,5000.000000,5000.000000,0.0000
2024-10-09T11:15:00+00:00,5000.000000,5000.000000,0.0000
2024-10-09T11:30:00+00:00,5000.000000,5000.000000,0.0000
2024-10-09T11:45:00+00:00,5000.000000,5000.000000,0.0000
2024-10-09T12:00:00+00:00,5000.000000,5000.000000,0.0000
2024-10-09T12:15:00+00:00,5000.000000,5000.000000,0.0000
2024-10-09T12:30:00+00:00,5000.000000,5000.000000,0.0000
2024-10-09T12:45:00+00:00,5000.000000,5000.000000,0.0000
2024-10-09T13:00:00+00:00,5000.000000,5000.000000,0.0000
2024-10-09T13:15:00+00:00,5000.000000,5000.000000,0.0000
2024-10-09T13:30:00+00:00,5000.000000,5000.000000,0.0000
2024-10-09T13:45:00+00:00,5000.000000,5000.000000,0.0000
2024-10-09T14:00:00+00:00,5000.000000,5000.000000,0.0000
2024-10-09T14:15:00+00:00,5000.000000,5000.000000,0.0000
2024-10-09T14:30:00+00:00,5000.000000,5000.000000,0.0000
2024-10-09T14:45:00+00:00,5000.000000,5000.000000,0.0000
2024-10-09T15:00:00+00:00,5000.000000,5000.000000,0.0000
2024-10-09T15:15:00+00:00,5000.000000,5000.000000,0.0000
2024-10-09T15:30:00+00:00,5000.000000,5000.000000,0.0000
2024-10-09T15:45:00+00:00,5000.000000,5000.000000,0.0000
2024-10-09T16:00:00+00:00,5000.000000,5000.000000,0.0000
2024-10-09T16:15:00+00:00,5000.000000,5000.000000,0.0000
2024-10-09T16:30:00+00:00,5000.000000,5000.000000,0.0000
2024-10-09T16:45:00+00:00,5000.000000,5000.000000,0.0000
2024-10-09T17:00:00+00:00,5000.000000,5000.000000,0.0000
2024-10-09T17:15:00+00:00,5000.000000,5000.000000,0.0000
2024-10-09T17:30:00+00:00,5000.000000,5000.000000,0.0000
2024-10-09T17:45:00+00:00,5000.000000,5000.000000,0.0000
2024-10-09T18:00:00+00:00,5000.000000,5000.000000,0.0000
2024-10-09T18:15:00+00:00,5000.000000,5000.000000,0.0000
2024-10-09T18:30:00+00:00,5000.000000,5000.000000,0.0000
2024-10-09T18:45:00+00:00,5000.000000,5000.000000,0.0000
2024-10-09T19:00:00+00:00,5000.000000,5000.000000,0.0000
2024-10-09T19:15:00+00:00,5000.000000,5000.000000,0.0000
2024-10-09T19:30:00+00:00,5000.000000,5000.000000,0.0000
2024-10-09T19:45:00+00:00,5000.000000,5000.000000,0.0000
2024-10-09T20:00:00+00:00,5000.000000,5000.000000,0.0000
2024-10-09T20:15:00+00:00,5000.000000,5000.000000,0.0000
2024-10-09T20:30:00+00:00,5000.000000,5000.000000,0.0000
2024-10-09T20:45:00+00:00,5000.000000,5000.000000,0.0000
2024-10-09T21:00:00+00:00,5000.000000,5000.000000,0.0000
2024-10-09T21:15:00+00:00,5000.000000,5000.000000,0.0000
2024-10-09T21:30:00+00:00,5000.000000,5000.000000,0.0000
2024-10-09T21:45:00+00:00,5000.000000,5000.000000,0.0000
2024-10-09T22:00:00+00:00,5000.000000,5000.000000,0.0000
2024-10-09T22:15:00+00:00,5000.000000,5000.000000,0.0000
2024-10-09T22:30:00+00:00,5000.000000,5000.000000,0.0000
2024-10-09T22:45:00+00:00,5000.000000,5000.000000,0.0000
2024-10-09T23:00:00+00:00,5000.000000,5000.000000,0.0000
2024-10-09T23:15:00+00:00,5000.000000,5000.000000,0.0000
2024-10-09T23:30:00+00:00,5000.000000,5000.000000,0.0000
2024-10-09T23:45:00+00:00,5000.000000,5000.000000,0.0000
2024-10-10T00:00:00+00:00,5000.000000,5000.000000,0.0000
2024-10-10T00:15:00+00:00,5000.000000,5000.000000,0.0000
2024-10-10T00:30:00+00:00,5000.000000,5000.000000,0.0000
2024-10-10T00:45:00+00:00,5000.000000,5000.000000,0.0000
2024-10-10T01:00:00+00:00,5000.000000,5000.000000,0.0000
2024-10-10T01:15:00+00:00,5000.000000,5000.000000,0.0000
2024-10-10T01:30:00+00:00,5000.000000,5000.000000,0.0000
2024-10-10T01:45:00+00:00,5000.000000,5000.000000,0.0000
2024-10-10T02:00:00+00:00,5000.000000,5000.000000,0.0000
2024-10-10T02:15:00+00:00,5000.000000,5000.000000,0.0000
2024-10-10T02:30:00+00:00,5000.000000,5000.000000,0.0000
2024-10-10T02:45:00+00:00,5000.000000,5000.000000,0.0000
2024-10-10T03:00:00+00:00,5000.000000,5000.000000,0.0000
2024-10-10T03:15:00+00:00,5000.000000,5000.000000,0.0000
2024-10-10T03:30:00+00:00,5000.000000,5000.000000,0.0000
2024-10-10T03:45:00+00:00,5000.000000,5000.000000,0.0000
2024-10-10T04:00:00+00:00,5000.000000,5000.000000,0.0000
2024-10-10T04:15:00+00:00,5000.000000,5000.000000,0.0000
2024-10-10T04:30:00+00:00,5000.000000,5000.000000,0.0000
2024-10-10T04:45:00+00:00,5000.000000,5000.000000,0.0000
2024-10-10T05:00:00+00:00,5000.000000,5000.000000,0.0000
2024-10-10T05:15:00+00:00,5000.000000,5000.000000,0.0000
2024-10-10T05:30:00+00:00,5000.000000,5000.000000,0.0000
2024-10-10T05:45:00+00:00,5000.000000,5000.000000,0.0000
2024-10-10T06:00:00+00:00,5000.000000,5000.000000,0.0000
2024-10-10T06:15:00+00:00,5000.000000,5000.000000,0.0000
2024-10-10T06:30:00+00:00,5000.000000,5000.000000,0.0000
2024-10-10T06:45:00+00:00,5000.000000,5000.000000,0.0000
2024-10-10T07:00:00+00:00,5000.000000,5000.000000,0.0000
2024-10-10T07:15:00+00:00,5000.000000,5000.000000,0.0000
2024-10-10T07:30:00+00:00,5000.000000,5000.000000,0.0000
2024-10-10T07:45:00+00:00,5000.000000,5000.000000,0.0000
2024-10-10T08:00:00+00:00,5000.000000,5000.000000,0.0000
2024-10-10T08:15:00+00:00,5000.000000,5000.000000,0.0000
2024-10-10T08:30:00+00:00,5000.000000,5000.000000,0.0000
2024-10-10T08:45:00+00:00,5000.000000,5000.000000,0.0000
2024-10-10T09:00:00+00:00,5000.000000,5000.000000,0.0000
2024-10-10T09:15:00+00:00,5000.000000,5000.000000,0.0000
2024-10-10T09:30:00+00:00,5000.000000,5000.000000,0.0000
2024-10-10T09:45:00+00:00,5000.000000,5000.000000,0.0000
2024-10-10T10:00:00+00:00,5000.000000,5000.000000,0.0000
2024-10-10T10:15:00+00:00,5000.000000,5000.000000,0.0000
2024-10-10T10:30:00+00:00,5000.000000,5000.000000,0.0000
2024-10-10T10:45:00+00:00,5000.000000,5000.000000,0.0000
2024-10-10T11:00:00+00:00,5000.000000,5000.000000,0.0000
2024-10-10T11:15:00+00:00,5000.000000,5000.000000,0.0000
2024-10-10T11:30:00+00:00,5000.000000,5000.000000,0.0000
2024-10-10T11:45:00+00:00,5000.000000,5000.000000,0.0000
2024-10-10T12:00:00+00:00,5000.000000,5000.000000,0.0000
2024-10-10T12:15:00+00:00,5000.000000,5000.000000,0.0000
2024-10-10T12:30:00+00:00,5000.000000,5000.000000,0.0000
2024-10-10T12:45:00+00:00,5000.000000,5000.000000,0.0000
2024-10-10T13:00:00+00:00,5000.000000,5000.000000,0.0000
2024-10-10T13:15:00+00:00,5000.000000,5000.000000,0.0000
2024-10-10T13:30:00+00:00,5000.000000,5000.000000,0.0000
2024-10-10T13:45:00+00:00,5000.000000,5000.000000,0.0000
2024-10-10T14:00:00+00:00,5000.000000,5000.000000,0.0000
2024-10-10T14:15:00+00:00,5000.000000,5000.000000,0.0000
2024-10-10T14:30:00+00:00,5000.000000,5000.000000,0.0000
2024-10-10T14:45:00+00:00,5000.000000,5000.000000,0.0000
2024-10-10T15:00:00+00:00,5000.000000,5000.000000,0.0000
2024-10-10T15:15:00+00:00,5000.000000,5000.000000,0.0000
2024-10-10T15:30:00+00:00,5000.000000,5000.000000,0.0000
2024-10-10T15:45:00+00:00,5000.000000,5000.000000,0.0000
2024-10-10T16:00:00+00:00,5000.000000,5000.000000,0.0000
2024-10-10T16:15:00+00:00,5000.000000,5000.000000,0.0000
2024-10-10T16:30:00+00:00,5000.000000,5000.000000,0.0000
2024-10-10T16:45:00+00:00,5000.000000,5000.000000,0.0000
2024-10-10T17:00:00+00:00,5000.000000,5000.000000,0.0000
2024-10-10T17:15:00+00:00,5000.000000,5000.000000,0.0000
2024-10-10T17:30:00+00:00,5000.000000,5000.000000,0.0000
2024-10-10T17:45:00+00:00,5000.000000,5000.000000,0.0000
2024-10-10T18:00:00+00:00,5000.000000,5000.000000,0.0000
2024-10-10T18:15:00+00:00,5000.000000,5000.000000,0.0000
2024-10-10T18:30:00+00:00,5000.000000,5000.000000,0.0000
2024-10-10T18:45:00+00:00,5000.000000,5000.000000,0.0000
2024-10-10T19:00:00+00:00,5000.000000,5000.000000,0.0000
2024-10-10T19:15:00+00:00,5000.000000,5000.000000,0.0000
2024-10-10T19:30:00+00:00,5000.000000,5000.000000,0.0000
2024-10-10T19:45:00+00:00,5000.000000,5000.000000,0.0000
2024-10-10T20:00:00+00:00,5000.000000,5000.000000,0.0000
2024-10-10T20:15:00+00:00,5000.000000,5000.000000,0.0000
2024-10-10T20:30:00+00:00,5000.000000,5000.000000,0.0000
2024-10-10T20:45:00+00:00,5000.000000,5000.000000,0.0000
2024-10-10T21:00:00+00:00,5000.000000,5000.000000,0.0000
2024-10-10T21:15:00+00:00,5000.000000,5000.000000,0.0000
2024-10-10T21:30:00+00:00,5000.000000,5000.000000,0.0000
2024-10-10T21:45:00+00:00,5000.000000,5000.000000,0.0000
2024-10-10T22:00:00+00:00,5000.000000,5000.000000,0.0000
2024-10-10T22:15:00+00:00,5000.000000,5000.000000,0.0000
2024-10-10T22:30:00+00:00,5000.000000,5000.000000,0.0000
2024-10-10T22:45:00+00:00,5000.000000,5000.000000,0.0000
2024-10-10T23:00:00+00:00,5000.000000,5000.000000,0.0000
2024-10-10T23:15:00+00:00,5000.000000,5000.000000,0.0000
2024-10-10T23:30:00+00:00,5000.000000,5000.000000,0.0000
2024-10-10T23:45:00+00:00,5000.000000,5000.000000,0.0000
2024-10-11T00:00:00+00:00,5000.000000,5000.000000,0.0000
2024-10-11T00:15:00+00:00,5000.000000,5000.000000,0.0000
2024-10-11T00:30:00+00:00,5000.000000,5000.000000,0.0000
2024-10-11T00:45:00+00:00,5000.000000,5000.000000,0.0000
2024-10-11T01:00:00+00:00,5000.000000,5000.000000,0.0000
2024-10-11T01:15:00+00:00,5000.000000,5000.000000,0.0000
2024-10-11T01:30:00+00:00,5000.000000,5000.000000,0.0000
2024-10-11T01:45:00+00:00,5000.000000,5000.000000,0.0000
2024-10-11T02:00:00+00:00,5000.000000,5000.000000,0.0000
2024-10-11T02:15:00+00:00,5000.000000,5000.000000,0.0000
2024-10-11T02:30:00+00:00,5000.000000,5000.000000,0.0000
2024-10-11T02:45:00+00:00,5000.000000,5000.000000,0.0000
2024-10-11T03:00:00+00:00,5000.000000,5000.000000,0.0000
2024-10-11T03:15:00+00:00,5000.000000,5000.000000,0.0000
2024-10-11T03:30:00+00:00,5000.000000,5000.000000,0.0000
2024-10-11T03:45:00+00:00,5000.000000,5000.000000,0.0000
2024-10-11T04:00:00+00:00,5000.000000,5000.000000,0.0000
2024-10-11T04:15:00+00:00,5000.000000,5000.000000,0.0000
2024-10-11T04:30:00+00:00,5000.000000,5000.000000,0.0000
2024-10-11T04:45:00+00:00,5000.000000,5000.000000,0.0000
2024-10-11T05:00:00+00:00,5000.000000,5000.000000,0.0000
2024-10-11T05:15:00+00:00,5000.000000,5000.000000,0.0000
2024-10-11T05:30:00+00:00,5000.000000,5000.000000,0.0000
2024-10-11T05:45:00+00:00,5000.000000,5000.000000,0.0000
2024-10-11T06:00:00+00:00,5000.000000,5000.000000,0.0000
2024-10-11T06:15:00+00:00,5000.000000,5000.000000,0.0000
2024-10-11T06:30:00+00:00,5000.000000,5000.000000,0.0000
2024-10-11T06:45:00+00:00,5000.000000,5000.000000,0.0000
2024-10-11T07:00:00+00:00,5000.000000,5000.000000,0.0000
2024-10-11T07:15:00+00:00,5000.000000,5000.000000,0.0000
2024-10-11T07:30:00+00:00,5000.000000,5000.000000,0.0000
2024-10-11T07:45:00+00:00,5000.000000,5000.000000,0.0000
2024-10-11T08:00:00+00:00,5000.000000,5000.000000,0.0000
2024-10-11T08:15:00+00:00,5000.000000,5000.000000,0.0000
2024-10-11T08:30:00+00:00,5000.000000,5000.000000,0.0000
2024-10-11T08:45:00+00:00,5000.000000,5000.000000,0.0000
2024-10-11T09:00:00+00:00,5000.000000,5000.000000,0.0000
2024-10-11T09:15:00+00:00,5000.000000,5000.000000,0.0000
2024-10-11T09:30:00+00:00,5000.000000,5000.000000,0.0000
2024-10-11T09:45:00+00:00,5000.000000,5000.000000,0.0000
2024-10-11T10:00:00+00:00,5000.000000,5000.000000,0.0000
2024-10-11T10:15:00+00:00,5000.000000,5000.000000,0.0000
2024-10-11T10:30:00+00:00,5000.000000,5000.000000,0.0000
2024-10-11T10:45:00+00:00,5000.000000,5000.000000,0.0000
2024-10-11T11:00:00+00:00,5000.000000,5000.000000,0.0000
2024-10-11T11:15:00+00:00,5000.000000,5000.000000,0.0000
2024-10-11T11:30:00+00:00,5000.000000,5000.000000,0.0000
2024-10-11T11:45:00+00:00,5000.000000,5000.000000,0.0000
2024-10-11T12:00:00+00:00,5000.000000,5000.000000,0.0000
2024-10-11T12:15:00+00:00,5000.000000,5000.000000,0.0000
2024-10-11T12:30:00+00:00,5000.000000,5000.000000,0.0000
2024-10-11T12:45:00+00:00,5000.000000,5000.000000,0.0000
2024-10-11T13:00:00+00:00,5000.000000,5000.000000,0.0000
2024-10-11T13:15:00+00:00,5000.000000,5000.000000,0.0000
2024-10-11T13:30:00+00:00,5000.000000,5000.000000,0.0000
2024-10-11T13:45:00+00:00,5000.000000,5000.000000,0.0000
2024-10-11T14:00:00+00:00,5000.000000,5000.000000,0.0000
2024-10-11T14:15:00+00:00,5000.000000,5000.000000,0.0000
2024-10-11T14:30:00+00:00,5000.000000,5000.000000,0.0000
2024-10-11T14:45:00+00:00,5000.000000,5000.000000,0.0000
2024-10-11T15:00:00+00:00,5000.000000,5000.000000,0.0000
2024-10-11T15:15:00+00:00,5000.000000,5000.000000,0.0000
2024-10-11T15:30:00+00:00,5000.000000,5000.000000,0.0000
2024-10-11T15:45:00+00:00,5000.000000,5000.000000,0.0000
2024-10-11T16:00:00+00:00,5000.000000,5000.000000,0.0000
2024-10-11T16:15:00+00:00,5000.000000,5000.000000,0.0000
2024-10-11T16:30:00+00:00,5000.000000,5000.000000,0.0000
2024-10-11T16:45:00+00:00,5000.000000,5000.000000,0.0000
2024-10-11T17:00:00+00:00,5000.000000,5000.000000,0.0000
2024-10-11T17:15:00+00:00,5000.000000,5000.000000,0.0000
2024-10-11T17:30:00+00:00,5000.000000,5000.000000,0.0000
2024-10-11T17:45:00+00:00,5000.000000,5000.000000,0.0000
2024-10-11T18:00:00+00:00,5000.000000,5000.000000,0.0000
2024-10-11T18:15:00+00:00,5000.000000,5000.000000,0.0000
2024-10-11T18:30:00+00:00,5000.000000,5000.000000,0.0000
2024-10-11T18:45:00+00:00,5000.000000,5000.000000,0.0000
2024-10-11T19:00:00+00:00,5000.000000,5000.000000,0.0000
2024-10-11T19:15:00+00:00,5000.000000,5000.000000,0.0000
2024-10-11T19:30:00+00:00,5000.000000,5000.000000,0.0000
2024-10-11T19:45:00+00:00,5000.000000,5000.000000,0.0000
2024-10-11T20:00:00+00:00,5000.000000,5000.000000,0.0000
2024-10-11T20:15:00+00:00,5000.000000,5000.000000,0.0000
2024-10-11T20:30:00+00:00,5000.000000,5000.000000,0.0000
2024-10-11T20:45:00+00:00,5000.000000,5000.000000,0.0000
2024-10-11T21:00:00+00:00,5000.000000,5000.000000,0.0000
2024-10-11T21:15:00+00:00,5000.000000,5000.000000,0.0000
2024-10-11T21:30:00+00:00,5000.000000,5000.000000,0.0000
2024-10-11T21:45:00+00:00,5000.000000,5000.000000,0.0000
2024-10-11T22:00:00+00:00,5000.000000,5000.000000,0.0000
2024-10-11T22:15:00+00:00,5000.000000,5000.000000,0.0000
2024-10-11T22:30:00+00:00,5000.000000,5000.000000,0.0000
2024-10-11T22:45:00+00:00,5000.000000,5000.000000,0.0000
2024-10-11T23:00:00+00:00,5000.000000,5000.000000,0.0000
2024-10-11T23:15:00+00:00,5000.000000,5000.000000,0.0000
2024-10-11T23:30:00+00:00,5000.000000,5000.000000,0.0000
2024-10-11T23:45:00+00:00,5000.000000,5000.000000,0.0000
2024-10-12T00:00:00+00:00,5000.000000,5000.000000,0.0000
2024-10-12T00:15:00+00:00,5000.000000,5000.000000,0.0000
2024-10-12T00:30:00+00:00,5000.000000,5000.000000,0.0000
2024-10-12T00:45:00+00:00,5000.000000,5000.000000,0.0000
2024-10-12T01:00:00+00:00,5000.000000,5000.000000,0.0000
2024-10-12T01:15:00+00:00,5000.000000,5000.000000,0.0000
2024-10-12T01:30:00+00:00,5000.000000,5000.000000,0.0000
2024-10-12T01:45:00+00:00,5000.000000,5000.000000,0.0000
2024-10-12T02:00:00+00:00,5000.000000,5000.000000,0.0000
2024-10-12T02:15:00+00:00,5000.000000,5000.000000,0.0000
2024-10-12T02:30:00+00:00,5000.000000,5000.000000,0.0000
2024-10-12T02:45:00+00:00,5000.000000,5000.000000,0.0000
2024-10-12T03:00:00+00:00,5000.000000,5000.000000,0.0000
2024-10-12T03:15:00+00:00,5000.000000,5000.000000,0.0000
2024-10-12T03:30:00+00:00,5000.000000,5000.000000,0.0000
2024-10-12T03:45:00+00:00,5000.000000,5000.000000,0.0000
2024-10-12T04:00:00+00:00,5000.000000,5000.000000,0.0000
2024-10-12T04:15:00+00:00,5000.000000,5000.000000,0.0000
2024-10-12T04:30:00+00:00,5000.000000,5000.000000,0.0000
2024-10-12T04:45:00+00:00,5000.000000,5000.000000,0.0000
2024-10-12T05:00:00+00:00,5000.000000,5000.000000,0.0000
2024-10-12T05:15:00+00:00,5000.000000,5000.000000,0.0000
2024-10-12T05:30:00+00:00,5000.000000,5000.000000,0.0000
2024-10-12T05:45:00+00:00,5000.000000,5000.000000,0.0000
2024-10-12T06:00:00+00:00,5000.000000,5000.000000,0.0000
2024-10-12T06:15:00+00:00,5000.000000,5000.000000,0.0000
2024-10-12T06:30:00+00:00,5000.000000,5000.000000,0.0000
2024-10-12T06:45:00+00:00,5000.000000,5000.000000,0.0000
2024-10-12T07:00:00+00:00,5000.000000,5000.000000,0.0000
2024-10-12T07:15:00+00:00,5000.000000,5000.000000,0.0000
2024-10-12T07:30:00+00:00,5000.000000,5000.000000,0.0000
2024-10-12T07:45:00+00:00,5000.000000,5000.000000,0.0000
2024-10-12T08:00:00+00:00,5000.000000,5000.000000,0.0000
2024-10-12T08:15:00+00:00,5000.000000,5000.000000,0.0000
2024-10-12T08:30:00+00:00,5000.000000,5000.000000,0.0000
2024-10-12T08:45:00+00:00,5000.000000,5000.000000,0.0000
2024-10-12T09:00:00+00:00,5000.000000,5000.000000,0.0000
2024-10-12T09:15:00+00:00,5000.000000,5000.000000,0.0000
2024-10-12T09:30:00+00:00,5000.000000,5000.000000,0.0000
2024-10-12T09:45:00+00:00,5000.000000,5000.000000,0.0000
2024-10-12T10:00:00+00:00,5000.000000,5000.000000,0.0000
2024-10-12T10:15:00+00:00,5000.000000,5000.000000,0.0000
2024-10-12T10:30:00+00:00,5000.000000,5000.000000,0.0000
2024-10-12T10:45:00+00:00,5000.000000,5000.000000,0.0000
2024-10-12T11:00:00+00:00,5000.000000,5000.000000,0.0000
2024-10-12T11:15:00+00:00,5000.000000,5000.000000,0.0000
2024-10-12T11:30:00+00:00,5000.000000,5000.000000,0.0000
2024-10-12T11:45:00+00:00,5000.000000,5000.000000,0.0000
2024-10-12T12:00:00+00:00,5000.000000,5000.000000,0.0000
2024-10-12T12:15:00+00:00,5000.000000,5000.000000,0.0000
2024-10-12T12:30:00+00:00,5000.000000,5000.000000,0.0000
2024-10-12T12:45:00+00:00,5000.000000,5000.000000,0.0000
2024-10-12T13:00:00+00:00,5000.000000,5000.000000,0.0000
2024-10-12T13:15:00+00:00,5000.000000,5000.000000,0.0000
2024-10-12T13:30:00+00:00,5000.000000,5000.000000,0.0000
2024-10-12T13:45:00+00:00,5000.000000,5000.000000,0.0000
2024-10-12T14:00:00+00:00,5000.000000,5000.000000,0.0000
2024-10-12T14:15:00+00:00,5000.000000,5000.000000,0.0000
2024-10-12T14:30:00+00:00,5000.000000,5000.000000,0.0000
2024-10-12T14:45:00+00:00,5000.000000,5000.000000,0.0000
2024-10-12T15:00:00+00:00,5000.000000,5000.000000,0.0000
2024-10-12T15:15:00+00:00,5000.000000,5000.000000,0.0000
2024-10-12T15:30:00+00:00,5000.000000,5000.000000,0.0000
2024-10-12T15:45:00+00:00,5000.000000,5000.000000,0.0000
2024-10-12T16:00:00+00:00,5000.000000,5000.000000,0.0000
2024-10-12T16:15:00+00:00,5000.000000,5000.000000,0.0000
2024-10-12T16:30:00+00:00,5000.000000,5000.000000,0.0000
2024-10-12T16:45:00+00:00,5000.000000,5000.000000,0.0000
2024-10-12T17:00:00+00:00,5000.000000,5000.000000,0.0000
2024-10-12T17:15:00+00:00,5000.000000,5000.000000,0.0000
2024-10-12T17:30:00+00:00,5000.000000,5000.000000,0.0000
2024-10-12T17:45:00+00:00,5000.000000,5000.000000,0.0000
2024-10-12T18:00:00+00:00,5000.000000,5000.000000,0.0000
2024-10-12T18:15:00+00:00,5000.000000,5000.000000,0.0000
2024-10-12T18:30:00+00:00,5000.000000,5000.000000,0.0000
2024-10-12T18:45:00+00:00,5000.000000,5000.000000,0.0000
2024-10-12T19:00:00+00:00,5000.000000,5000.000000,0.0000
2024-10-12T19:15:00+00:00,5000.000000,5000.000000,0.0000
2024-10-12T19:30:00+00:00,5000.000000,5000.000000,0.0000
2024-10-12T19:45:00+00:00,5000.000000,5000.000000,0.0000
2024-10-12T20:00:00+00:00,5000.000000,5000.000000,0.0000
2024-10-12T20:15:00+00:00,5000.000000,5000.000000,0.0000
2024-10-12T20:30:00+00:00,5000.000000,5000.000000,0.0000
2024-10-12T20:45:00+00:00,5000.000000,5000.000000,0.0000
2024-10-12T21:00:00+00:00,5000.000000,5000.000000,0.0000
2024-10-12T21:15:00+00:00,5000.000000,5000.000000,0.0000
2024-10-12T21:30:00+00:00,5000.000000,5000.000000,0.0000
2024-10-12T21:45:00+00:00,5000.000000,5000.000000,0.0000
2024-10-12T22:00:00+00:00,5000.000000,5000.000000,0.0000
2024-10-12T22:15:00+00:00,5000.000000,5000.000000,0.0000
2024-10-12T22:30:00+00:00,5000.000000,5000.000000,0.0000
2024-10-12T22:45:00+00:00,5000.000000,5000.000000,0.0000
2024-10-12T23:00:00+00:00,5000.000000,5000.000000,0.0000
2024-10-12T23:15:00+00:00,5000.000000,5000.000000,0.0000
2024-10-12T23:30:00+00:00,5000.000000,5000.000000,0.0000
2024-10-12T23:45:00+00:00,5000.000000,5000.000000,0.0000
2024-10-13T00:00:00+00:00,5000.000000,5000.000000,0.0000
2024-10-13T00:15:00+00:00,5000.000000,5000.000000,0.0000
2024-10-13T00:30:00+00:00,5000.000000,5000.000000,0.0000
2024-10-13T00:45:00+00:00,5000.000000,5000.000000,0.0000
2024-10-13T01:00:00+00:00,5000.000000,5000.000000,0.0000
2024-10-13T01:15:00+00:00,5000.000000,5000.000000,0.0000
2024-10-13T01:30:00+00:00,5000.000000,5000.000000,0.0000
2024-10-13T01:45:00+00:00,5000.000000,5000.000000,0.0000
2024-10-13T02:00:00+00:00,5000.000000,5000.000000,0.0000
2024-10-13T02:15:00+00:00,5000.000000,5000.000000,0.0000
2024-10-13T02:30:00+00:00,5000.000000,5000.000000,0.0000
2024-10-13T02:45:00+00:00,5000.000000,5000.000000,0.0000
2024-10-13T03:00:00+00:00,5000.000000,5000.000000,0.0000
2024-10-13T03:15:00+00:00,5000.000000,5000.000000,0.0000
2024-10-13T03:30:00+00:00,5000.000000,5000.000000,0.0000
2024-10-13T03:45:00+00:00,5000.000000,5000.000000,0.0000
2024-10-13T04:00:00+00:00,5000.000000,5000.000000,0.0000
2024-10-13T04:15:00+00:00,5000.000000,5000.000000,0.0000
2024-10-13T04:30:00+00:00,5000.000000,5000.000000,0.0000
2024-10-13T04:45:00+00:00,5000.000000,5000.000000,0.0000
2024-10-13T05:00:00+00:00,5000.000000,5000.000000,0.0000
2024-10-13T05:15:00+00:00,5000.000000,5000.000000,0.0000
2024-10-13T05:30:00+00:00,5000.000000,5000.000000,0.0000
2024-10-13T05:45:00+00:00,5000.000000,5000.000000,0.0000
2024-10-13T06:00:00+00:00,5000.000000,5000.000000,0.0000
2024-10-13T06:15:00+00:00,5000.000000,5000.000000,0.0000
2024-10-13T06:30:00+00:00,5000.000000,5000.000000,0.0000
2024-10-13T06:45:00+00:00,5000.000000,5000.000000,0.0000
2024-10-13T07:00:00+00:00,5000.000000,5000.000000,0.0000
2024-10-13T07:15:00+00:00,5000.000000,5000.000000,0.0000
2024-10-13T07:30:00+00:00,5000.000000,5000.000000,0.0000
2024-10-13T07:45:00+00:00,5000.000000,5000.000000,0.0000
2024-10-13T08:00:00+00:00,5000.000000,5000.000000,0.0000
2024-10-13T08:15:00+00:00,5000.000000,5000.000000,0.0000
2024-10-13T08:30:00+00:00,5000.000000,5000.000000,0.0000
2024-10-13T08:45:00+00:00,5000.000000,5000.000000,0.0000
2024-10-13T09:00:00+00:00,5000.000000,5000.000000,0.0000
2024-10-13T09:15:00+00:00,5000.000000,5000.000000,0.0000
2024-10-13T09:30:00+00:00,5000.000000,5000.000000,0.0000
2024-10-13T09:45:00+00:00,5000.000000,5000.000000,0.0000
2024-10-13T10:00:00+00:00,5000.000000,5000.000000,0.0000
2024-10-13T10:15:00+00:00,5000.000000,5000.000000,0.0000
2024-10-13T10:30:00+00:00,5000.000000,5000.000000,0.0000
2024-10-13T10:45:00+00:00,5000.000000,5000.000000,0.0000
2024-10-13T11:00:00+00:00,5000.000000,5000.000000,0.0000
2024-10-13T11:15:00+00:00,5000.000000,5000.000000,0.0000
2024-10-13T11:30:00+00:00,5000.000000,5000.000000,0.0000
2024-10-13T11:45:00+00:00,5000.000000,5000.000000,0.0000
2024-10-13T12:00:00+00:00,5000.000000,5000.000000,0.0000
2024-10-13T12:15:00+00:00,5000.000000,5000.000000,0.0000
2024-10-13T12:30:00+00:00,5000.000000,5000.000000,0.0000
2024-10-13T12:45:00+00:00,5000.000000,5000.000000,0.0000
2024-10-13T13:00:00+00:00,5000.000000,5000.000000,0.0000
2024-10-13T13:15:00+00:00,5000.000000,5000.000000,0.0000
2024-10-13T13:30:00+00:00,5000.000000,5000.000000,0.0000
2024-10-13T13:45:00+00:00,5000.000000,5000.000000,0.0000
2024-10-13T14:00:00+00:00,5000.000000,5000.000000,0.0000
2024-10-13T14:15:00+00:00,5000.000000,5000.000000,0.0000
2024-10-13T14:30:00+00:00,5000.000000,5000.000000,0.0000
2024-10-13T14:45:00+00:00,5000.000000,5000.000000,0.0000
2024-10-13T15:00:00+00:00,5000.000000,5000.000000,0.0000
2024-10-13T15:15:00+00:00,5000.000000,5000.000000,0.0000
2024-10-13T15:30:00+00:00,5000.000000,5000.000000,0.0000
2024-10-13T15:45:00+00:00,5000.000000,5000.000000,0.0000
2024-10-13T16:00:00+00:00,5000.000000,5000.000000,0.0000
2024-10-13T16:15:00+00:00,5000.000000,5000.000000,0.0000
2024-10-13T16:30:00+00:00,5000.000000,5000.000000,0.0000
2024-10-13T16:45:00+00:00,5000.000000,5000.000000,0.0000
2024-10-13T17:00:00+00:00,5000.000000,5000.000000,0.0000
2024-10-13T17:15:00+00:00,5000.000000,5000.000000,0.0000
2024-10-13T17:30:00+00:00,5000.000000,5000.000000,0.0000
2024-10-13T17:45:00+00:00,5000.000000,5000.000000,0.0000
2024-10-13T18:00:00+00:00,5000.000000,5000.000000,0.0000
2024-10-13T18:15:00+00:00,5000.000000,5000.000000,0.0000
2024-10-13T18:30:00+00:00,5000.000000,5000.000000,0.0000
2024-10-13T18:45:00+00:00,5000.000000,5000.000000,0.0000
2024-10-13T19:00:00+00:00,5000.000000,5000.000000,0.0000
2024-10-13T19:15:00+00:00,5000.000000,5000.000000,0.0000
2024-10-13T19:30:00+00:00,5000.000000,5000.000000,0.0000
2024-10-13T19:45:00+00:00,5000.000000,5000.000000,0.0000
2024-10-13T20:00:00+00:00,5000.000000,5000.000000,0.0000
2024-10-13T20:15:00+00:00,5000.000000,5000.000000,0.0000
2024-10-13T20:30:00+00:00,5000.000000,5000.000000,0.0000
2024-10-13T20:45:00+00:00,5000.000000,5000.000000,0.0000
2024-10-13T21:00:00+00:00,5000.000000,5000.000000,0.0000
2024-10-13T21:15:00+00:00,5000.000000,5000.000000,0.0000
2024-10-13T21:30:00+00:00,5000.000000,5000.000000,0.0000
2024-10-13T21:45:00+00:00,5000.000000,5000.000000,0.0000
2024-10-13T22:00:00+00:00,5000.000000,5000.000000,0.0000
2024-10-13T22:15:00+00:00,5000.000000,5000.000000,0.0000
2024-10-13T22:30:00+00:00,5000.000000,5000.000000,0.0000
2024-10-13T22:45:00+00:00,5000.000000,5000.000000,0.0000
2024-10-13T23:00:00+00:00,5000.000000,5000.000000,0.0000
2024-10-13T23:15:00+00:00,5000.000000,5000.000000,0.0000
2024-10-13T23:30:00+00:00,5000.000000,5000.000000,0.0000
2024-10-13T23:45:00+00:00,5000.000000,5000.000000,0.0000
2024-10-14T00:00:00+00:00,5000.000000,5000.000000,0.0000
2024-10-14T00:15:00+00:00,5000.000000,5000.000000,0.0000
2024-10-14T00:30:00+00:00,5000.000000,5000.000000,0.0000
2024-10-14T00:45:00+00:00,5000.000000,5000.000000,0.0000
2024-10-14T01:00:00+00:00,5000.000000,5000.000000,0.0000
2024-10-14T01:15:00+00:00,5000.000000,5000.000000,0.0000
2024-10-14T01:30:00+00:00,5000.000000,5000.000000,0.0000
2024-10-14T01:45:00+00:00,5000.000000,5000.000000,0.0000
2024-10-14T02:00:00+00:00,5000.000000,5000.000000,0.0000
2024-10-14T02:15:00+00:00,5000.000000,5000.000000,0.0000
2024-10-14T02:30:00+00:00,5000.000000,5000.000000,0.0000
2024-10-14T02:45:00+00:00,5000.000000,5000.000000,0.0000
2024-10-14T03:00:00+00:00,5000.000000,5000.000000,0.0000
2024-10-14T03:15:00+00:00,5000.000000,5000.000000,0.0000
2024-10-14T03:30:00+00:00,5000.000000,5000.000000,0.0000
2024-10-14T03:45:00+00:00,5000.000000,5000.000000,0.0000
2024-10-14T04:00:00+00:00,5000.000000,5000.000000,0.0000
2024-10-14T04:15:00+00:00,5000.000000,5000.000000,0.0000
2024-10-14T04:30:00+00:00,5000.000000,5000.000000,0.0000
2024-10-14T04:45:00+00:00,5000.000000,5000.000000,0.0000
2024-10-14T05:00:00+00:00,5000.000000,5000.000000,0.0000
2024-10-14T05:15:00+00:00,5000.000000,5000.000000,0.0000
2024-10-14T05:30:00+00:00,5000.000000,5000.000000,0.0000
2024-10-14T05:45:00+00:00,5000.000000,5000.000000,0.0000
2024-10-14T06:00:00+00:00,5000.000000,5000.000000,0.0000
2024-10-14T06:15:00+00:00,5000.000000,5000.000000,0.0000
2024-10-14T06:30:00+00:00,5000.000000,5000.000000,0.0000
2024-10-14T06:45:00+00:00,5000.000000,5000.000000,0.0000
2024-10-14T07:00:00+00:00,5000.000000,5000.000000,0.0000
2024-10-14T07:15:00+00:00,5000.000000,5000.000000,0.0000
2024-10-14T07:30:00+00:00,5000.000000,5000.000000,0.0000
2024-10-14T07:45:00+00:00,5000.000000,5000.000000,0.0000
2024-10-14T08:00:00+00:00,5000.000000,5000.000000,0.0000
2024-10-14T08:15:00+00:00,5000.000000,5000.000000,0.0000
2024-10-14T08:30:00+00:00,5000.000000,5000.000000,0.0000
2024-10-14T08:45:00+00:00,5000.000000,5000.000000,0.0000
2024-10-14T09:00:00+00:00,5000.000000,5000.000000,0.0000
2024-10-14T09:15:00+00:00,5000.000000,5000.000000,0.0000
2024-10-14T09:30:00+00:00,5000.000000,5000.000000,0.0000
2024-10-14T09:45:00+00:00,5000.000000,5000.000000,0.0000
2024-10-14T10:00:00+00:00,5000.000000,5000.000000,0.0000
2024-10-14T10:15:00+00:00,5000.000000,5000.000000,0.0000
2024-10-14T10:30:00+00:00,5000.000000,5000.000000,0.0000
2024-10-14T10:45:00+00:00,5000.000000,5000.000000,0.0000
2024-10-14T11:00:00+00:00,5000.000000,5000.000000,0.0000
2024-10-14T11:15:00+00:00,5000.000000,5000.000000,0.0000
2024-10-14T11:30:00+00:00,5000.000000,5000.000000,0.0000
2024-10-14T11:45:00+00:00,5000.000000,5000.000000,0.0000
2024-10-14T12:00:00+00:00,5000.000000,5000.000000,0.0000
2024-10-14T12:15:00+00:00,5000.000000,5000.000000,0.0000
2024-10-14T12:30:00+00:00,5000.000000,5000.000000,0.0000
2024-10-14T12:45:00+00:00,5000.000000,5000.000000,0.0000
2024-10-14T13:00:00+00:00,5000.000000,5000.000000,0.0000
2024-10-14T13:15:00+00:00,5000.000000,5000.000000,0.0000
2024-10-14T13:30:00+00:00,5000.000000,5000.000000,0.0000
2024-10-14T13:45:00+00:00,5000.000000,5000.000000,0.0000
2024-10-14T14:00:00+00:00,5000.000000,5000.000000,0.0000
2024-10-14T14:15:00+00:00,5000.000000,5000.000000,0.0000
2024-10-14T14:30:00+00:00,5000.000000,5000.000000,0.0000
2024-10-14T14:45:00+00:00,5000.000000,5000.000000,0.0000
2024-10-14T15:00:00+00:00,5000.000000,5000.000000,0.0000
2024-10-14T15:15:00+00:00,5000.000000,5000.000000,0.0000
2024-10-14T15:30:00+00:00,5000.000000,5000.000000,0.0000
2024-10-14T15:45:00+00:00,5000.000000,5000.000000,0.0000
2024-10-14T16:00:00+00:00,5000.000000,5000.000000,0.0000
2024-10-14T16:15:00+00:00,5000.000000,5000.000000,0.0000
2024-10-14T16:30:00+00:00,5000.000000,5000.000000,0.0000
2024-10-14T16:45:00+00:00,5000.000000,5000.000000,0.0000
2024-10-14T17:00:00+00:00,5000.000000,5000.000000,0.0000
2024-10-14T17:15:00+00:00,5000.000000,5000.000000,0.0000
2024-10-14T17:30:00+00:00,5000.000000,5000.000000,0.0000
2024-10-14T17:45:00+00:00,5000.000000,5000.000000,0.0000
2024-10-14T18:00:00+00:00,5000.000000,5000.000000,0.0000
2024-10-14T18:15:00+00:00,5000.000000,5000.000000,0.0000
2024-10-14T18:30:00+00:00,5000.000000,5000.000000,0.0000
2024-10-14T18:45:00+00:00,5000.000000,5000.000000,0.0000
2024-10-14T19:00:00+00:00,5000.000000,5000.000000,0.0000
2024-10-14T19:15:00+00:00,5000.000000,5000.000000,0.0000
2024-10-14T19:30:00+00:00,5000.000000,5000.000000,0.0000
2024-10-14T19:45:00+00:00,5000.000000,5000.000000,0.0000
2024-10-14T20:00:00+00:00,5000.000000,5000.000000,0.0000
2024-10-14T20:15:00+00:00,5000.000000,5000.000000,0.0000
2024-10-14T20:30:00+00:00,5000.000000,5000.000000,0.0000
2024-10-14T20:45:00+00:00,5000.000000,5000.000000,0.0000
2024-10-14T21:00:00+00:00,5000.000000,5000.000000,0.0000
2024-10-14T21:15:00+00:00,5000.000000,5000.000000,0.0000
2024-10-14T21:30:00+00:00,5000.000000,5000.000000,0.0000
2024-10-14T21:45:00+00:00,5000.000000,5000.000000,0.0000
2024-10-14T22:00:00+00:00,5000.000000,5000.000000,0.0000
2024-10-14T22:15:00+00:00,5000.000000,5000.000000,0.0000
2024-10-14T22:30:00+00:00,5000.000000,5000.000000,0.0000
2024-10-14T22:45:00+00:00,5000.000000,5000.000000,0.0000
2024-10-14T23:00:00+00:00,5000.000000,5000.000000,0.0000
2024-10-14T23:15:00+00:00,5000.000000,5000.000000,0.0000
2024-10-14T23:30:00+00:00,5000.000000,5000.000000,0.0000
2024-10-14T23:45:00+00:00,5000.000000,5000.000000,0.0000
2024-10-15T00:00:00+00:00,5000.000000,5000.000000,0.0000
2024-10-15T00:15:00+00:00,5000.000000,5000.000000,0.0000
2024-10-15T00:30:00+00:00,5000.000000,5000.000000,0.0000
2024-10-15T00:45:00+00:00,5000.000000,5000.000000,0.0000
2024-10-15T01:00:00+00:00,5000.000000,5000.000000,0.0000
2024-10-15T01:15:00+00:00,5000.000000,5000.000000,0.0000
2024-10-15T01:30:00+00:00,5000.000000,5000.000000,0.0000
2024-10-15T01:45:00+00:00,5000.000000,5000.000000,0.0000
2024-10-15T02:00:00+00:00,5000.000000,5000.000000,0.0000
2024-10-15T02:15:00+00:00,5000.000000,5000.000000,0.0000
2024-10-15T02:30:00+00:00,5000.000000,5000.000000,0.0000
2024-10-15T02:45:00+00:00,5000.000000,5000.000000,0.0000
2024-10-15T03:00:00+00:00,5000.000000,5000.000000,0.0000
2024-10-15T03:15:00+00:00,5000.000000,5000.000000,0.0000
2024-10-15T03:30:00+00:00,5000.000000,5000.000000,0.0000
2024-10-15T03:45:00+00:00,5000.000000,5000.000000,0.0000
2024-10-15T04:00:00+00:00,5000.000000,5000.000000,0.0000
2024-10-15T04:15:00+00:00,5000.000000,5000.000000,0.0000
2024-10-15T04:30:00+00:00,5000.000000,5000.000000,0.0000
2024-10-15T04:45:00+00:00,5000.000000,5000.000000,0.0000
2024-10-15T05:00:00+00:00,5000.000000,5000.000000,0.0000
2024-10-15T05:15:00+00:00,5000.000000,5000.000000,0.0000
2024-10-15T05:30:00+00:00,5000.000000,5000.000000,0.0000
2024-10-15T05:45:00+00:00,5000.000000,5000.000000,0.0000
2024-10-15T06:00:00+00:00,5000.000000,5000.000000,0.0000
2024-10-15T06:15:00+00:00,5000.000000,5000.000000,0.0000
2024-10-15T06:30:00+00:00,5000.000000,5000.000000,0.0000
2024-10-15T06:45:00+00:00,5000.000000,5000.000000,0.0000
2024-10-15T07:00:00+00:00,5000.000000,5000.000000,0.0000
2024-10-15T07:15:00+00:00,5000.000000,5000.000000,0.0000
2024-10-15T07:30:00+00:00,5000.000000,5000.000000,0.0000
2024-10-15T07:45:00+00:00,5000.000000,5000.000000,0.0000
2024-10-15T08:00:00+00:00,5000.000000,5000.000000,0.0000
2024-10-15T08:15:00+00:00,5000.000000,5000.000000,0.0000
2024-10-15T08:30:00+00:00,5000.000000,5000.000000,0.0000
2024-10-15T08:45:00+00:00,5000.000000,5000.000000,0.0000
2024-10-15T09:00:00+00:00,5000.000000,5000.000000,0.0000
2024-10-15T09:15:00+00:00,5000.000000,5000.000000,0.0000
2024-10-15T09:30:00+00:00,5000.000000,5000.000000,0.0000
2024-10-15T09:45:00+00:00,5000.000000,5000.000000,0.0000
2024-10-15T10:00:00+00:00,5000.000000,5000.000000,0.0000
2024-10-15T10:15:00+00:00,5000.000000,5000.000000,0.0000
2024-10-15T10:30:00+00:00,5000.000000,5000.000000,0.0000
2024-10-15T10:45:00+00:00,5000.000000,5000.000000,0.0000
2024-10-15T11:00:00+00:00,5000.000000,5000.000000,0.0000
2024-10-15T11:15:00+00:00,5000.000000,5000.000000,0.0000
2024-10-15T11:30:00+00:00,5000.000000,5000.000000,0.0000
2024-10-15T11:45:00+00:00,5000.000000,5000.000000,0.0000
2024-10-15T12:00:00+00:00,5000.000000,5000.000000,0.0000
2024-10-15T12:15:00+00:00,5000.000000,5000.000000,0.0000
2024-10-15T12:30:00+00:00,5000.000000,5000.000000,0.0000
2024-10-15T12:45:00+00:00,5000.000000,5000.000000,0.0000
2024-10-15T13:00:00+00:00,5000.000000,5000.000000,0.0000
2024-10-15T13:15:00+00:00,5000.000000,5000.000000,0.0000
2024-10-15T13:30:00+00:00,5000.000000,5000.000000,0.0000
2024-10-15T13:45:00+00:00,5000.000000,5000.000000,0.0000
2024-10-15T14:00:00+00:00,5000.000000,5000.000000,0.0000
2024-10-15T14:15:00+00:00,5000.000000,5000.000000,0.0000
2024-10-15T14:30:00+00:00,5000.000000,5000.000000,0.0000
2024-10-15T14:45:00+00:00,5000.000000,5000.000000,0.0000
2024-10-15T15:00:00+00:00,5000.000000,5000.000000,0.0000
2024-10-15T15:15:00+00:00,5000.000000,5000.000000,0.0000
2024-10-15T15:30:00+00:00,5000.000000,5000.000000,0.0000
2024-10-15T15:45:00+00:00,5000.000000,5000.000000,0.0000
2024-10-15T16:00:00+00:00,5000.000000,5000.000000,0.0000
2024-10-15T16:15:00+00:00,5000.000000,5000.000000,0.0000
2024-10-15T16:30:00+00:00,5000.000000,5000.000000,0.0000
2024-10-15T16:45:00+00:00,5000.000000,5000.000000,0.0000
2024-10-15T17:00:00+00:00,5000.000000,5000.000000,0.0000
2024-10-15T17:15:00+00:00,5000.000000,5000.000000,0.0000
2024-10-15T17:30:00+00:00,5000.000000,5000.000000,0.0000
2024-10-15T17:45:00+00:00,5000.000000,5000.000000,0.0000
2024-10-15T18:00:00+00:00,5000.000000,5000.000000,0.0000
2024-10-15T18:15:00+00:00,5000.000000,5000.000000,0.0000
2024-10-15T18:30:00+00:00,5000.000000,5000.000000,0.0000
2024-10-15T18:45:00+00:00,5000.000000,5000.000000,0.0000
2024-10-15T19:00:00+00:00,5000.000000,5000.000000,0.0000
2024-10-15T19:15:00+00:00,5000.000000,5000.000000,0.0000
2024-10-15T19:30:00+00:00,5000.000000,5000.000000,0.0000
2024-10-15T19:45:00+00:00,5000.000000,5000.000000,0.0000
2024-10-15T20:00:00+00:00,5000.000000,5000.000000,0.0000
2024-10-15T20:15:00+00:00,5000.000000,5000.000000,0.0000
2024-10-15T20:30:00+00:00,5000.000000,5000.000000,0.0000
2024-10-15T20:45:00+00:00,5000.000000,5000.000000,0.0000
2024-10-15T21:00:00+00:00,5000.000000,5000.000000,0.0000
2024-10-15T21:15:00+00:00,5000.000000,5000.000000,0.0000
2024-10-15T21:30:00+00:00,5000.000000,5000.000000,0.0000
2024-10-15T21:45:00+00:00,5000.000000,5000.000000,0.0000
2024-10-15T22:00:00+00:00,5000.000000,5000.000000,0.0000
2024-10-15T22:15:00+00:00,5000.000000,5000.000000,0.0000
2024-10-15T22:30:00+00:00,5000.000000,5000.000000,0.0000
2024-10-15T22:45:00+00:00,5000.000000,5000.000000,0.0000
2024-10-15T23:00:00+00:00,5000.000000,5000.000000,0.0000
2024-10-15T23:15:00+00:00,5000.000000,5000.000000,0.0000
2024-10-15T23:30:00+00:00,5000.000000,5000.000000,0.0000
2024-10-15T23:45:00+00:00,5000.000000,5000.000000,0.0000
2024-10-16T00:00:00+00:00,5000.000000,5000.000000,0.0000
2024-10-16T00:15:00+00:00,5000.000000,5000.000000,0.0000
2024-10-16T00:30:00+00:00,5000.000000,5000.000000,0.0000
2024-10-16T00:45:00+00:00,5000.000000,5000.000000,0.0000
2024-10-16T01:00:00+00:00,5000.000000,5000.000000,0.0000
2024-10-16T01:15:00+00:00,5000.000000,5000.000000,0.0000
2024-10-16T01:30:00+00:00,5000.000000,5000.000000,0.0000
2024-10-16T01:45:00+00:00,5000.000000,5000.000000,0.0000
2024-10-16T02:00:00+00:00,5000.000000,5000.000000,0.0000
2024-10-16T02:15:00+00:00,5000.000000,5000.000000,0.0000
2024-10-16T02:30:00+00:00,5000.000000,5000.000000,0.0000
2024-10-16T02:45:00+00:00,5000.000000,5000.000000,0.0000
2024-10-16T03:00:00+00:00,5000.000000,5000.000000,0.0000
2024-10-16T03:15:00+00:00,5000.000000,5000.000000,0.0000
2024-10-16T03:30:00+00:00,5000.000000,5000.000000,0.0000
2024-10-16T03:45:00+00:00,5000.000000,5000.000000,0.0000
2024-10-16T04:00:00+00:00,5000.000000,5000.000000,0.0000
2024-10-16T04:15:00+00:00,5000.000000,5000.000000,0.0000
2024-10-16T04:30:00+00:00,5000.000000,5000.000000,0.0000
2024-10-16T04:45:00+00:00,5000.000000,5000.000000,0.0000
2024-10-16T05:00:00+00:00,5000.000000,5000.000000,0.0000
2024-10-16T05:15:00+00:00,5000.000000,5000.000000,0.0000
2024-10-16T05:30:00+00:00,5000.000000,5000.000000,0.0000
2024-10-16T05:45:00+00:00,5000.000000,5000.000000,0.0000
2024-10-16T06:00:00+00:00,5000.000000,5000.000000,0.0000
2024-10-16T06:15:00+00:00,5000.000000,5000.000000,0.0000
2024-10-16T06:30:00+00:00,5000.000000,5000.000000,0.0000
2024-10-16T06:45:00+00:00,5000.000000,5000.000000,0.0000
2024-10-16T07:00:00+00:00,5000.000000,5000.000000,0.0000
2024-10-16T07:15:00+00:00,5000.000000,5000.000000,0.0000
2024-10-16T07:30:00+00:00,5000.000000,5000.000000,0.0000
2024-10-16T07:45:00+00:00,5000.000000,5000.000000,0.0000
2024-10-16T08:00:00+00:00,5000.000000,5000.000000,0.0000
2024-10-16T08:15:00+00:00,5000.000000,5000.000000,0.0000
2024-10-16T08:30:00+00:00,5000.000000,5000.000000,0.0000
2024-10-16T08:45:00+00:00,5000.000000,5000.000000,0.0000
2024-10-16T09:00:00+00:00,5000.000000,5000.000000,0.0000
2024-10-16T09:15:00+00:00,5000.000000,5000.000000,0.0000
2024-10-16T09:30:00+00:00,5000.000000,5000.000000,0.0000
2024-10-16T09:45:00+00:00,5000.000000,5000.000000,0.0000
2024-10-16T10:00:00+00:00,5000.000000,5000.000000,0.0000
2024-10-16T10:15:00+00:00,5000.000000,5000.000000,0.0000
2024-10-16T10:30:00+00:00,5000.000000,5000.000000,0.0000
2024-10-16T10:45:00+00:00,5000.000000,5000.000000,0.0000
2024-10-16T11:00:00+00:00,5000.000000,5000.000000,0.0000
2024-10-16T11:15:00+00:00,5000.000000,5000.000000,0.0000
2024-10-16T11:30:00+00:00,5000.000000,5000.000000,0.0000
2024-10-16T11:45:00+00:00,5000.000000,5000.000000,0.0000
2024-10-16T12:00:00+00:00,5000.000000,5000.000000,0.0000
2024-10-16T12:15:00+00:00,5000.000000,5000.000000,0.0000
2024-10-16T12:30:00+00:00,5000.000000,5000.000000,0.0000
2024-10-16T12:45:00+00:00,5000.000000,5000.000000,0.0000
2024-10-16T13:00:00+00:00,5000.000000,5000.000000,0.0000
2024-10-16T13:15:00+00:00,5000.000000,5000.000000,0.0000
2024-10-16T13:30:00+00:00,5000.000000,5000.000000,0.0000
2024-10-16T13:45:00+00:00,5000.000000,5000.000000,0.0000
2024-10-16T14:00:00+00:00,5000.000000,5000.000000,0.0000
2024-10-16T14:15:00+00:00,5000.000000,5000.000000,0.0000
2024-10-16T14:30:00+00:00,5000.000000,5000.000000,0.0000
2024-10-16T14:45:00+00:00,5000.000000,5000.000000,0.0000
2024-10-16T15:00:00+00:00,5000.000000,5000.000000,0.0000
2024-10-16T15:15:00+00:00,5000.000000,5000.000000,0.0000
2024-10-16T15:30:00+00:00,5000.000000,5000.000000,0.0000
2024-10-16T15:45:00+00:00,5000.000000,5000.000000,0.0000
2024-10-16T16:00:00+00:00,5000.000000,5000.000000,0.0000
2024-10-16T16:15:00+00:00,5000.000000,5000.000000,0.0000
2024-10-16T16:30:00+00:00,5000.000000,5000.000000,0.0000
2024-10-16T16:45:00+00:00,5000.000000,5000.000000,0.0000
2024-10-16T17:00:00+00:00,5000.000000,5000.000000,0.0000
2024-10-16T17:15:00+00:00,5000.000000,5000.000000,0.0000
2024-10-16T17:30:00+00:00,5000.000000,5000.000000,0.0000
2024-10-16T17:45:00+00:00,5000.000000,5000.000000,0.0000
2024-10-16T18:00:00+00:00,5000.000000,5000.000000,0.0000
2024-10-16T18:15:00+00:00,5000.000000,5000.000000,0.0000
2024-10-16T18:30:00+00:00,5000.000000,5000.000000,0.0000
2024-10-16T18:45:00+00:00,5000.000000,5000.000000,0.0000
2024-10-16T19:00:00+00:00,5000.000000,5000.000000,0.0000
2024-10-16T19:15:00+00:00,5000.000000,5000.000000,0.0000
2024-10-16T19:30:00+00:00,5000.000000,5000.000000,0.0000
2024-10-16T19:45:00+00:00,5000.000000,5000.000000,0.0000
2024-10-16T20:00:00+00:00,5000.000000,5000.000000,0.0000
2024-10-16T20:15:00+00:00,5000.000000,5000.000000,0.0000
2024-10-16T20:30:00+00:00,5000.000000,5000.000000,0.0000
2024-10-16T20:45:00+00:00,5000.000000,5000.000000,0.0000
2024-10-16T21:00:00+00:00,5000.000000,5000.000000,0.0000
2024-10-16T21:15:00+00:00,5000.000000,5000.000000,0.0000
2024-10-16T21:30:00+00:00,5000.000000,5000.000000,0.0000
2024-10-16T21:45:00+00:00,5000.000000,5000.000000,0.0000
2024-10-16T22:00:00+00:00,5000.000000,5000.000000,0.0000
2024-10-16T22:15:00+00:00,5000.000000,5000.000000,0.0000
2024-10-16T22:30:00+00:00,5000.000000,5000.000000,0.0000
2024-10-16T22:45:00+00:00,5000.000000,5000.000000,0.0000
2024-10-16T23:00:00+00:00,5000.000000,5000.000000,0.0000
2024-10-16T23:15:00+00:00,5000.000000,5000.000000,0.0000
2024-10-16T23:30:00+00:00,5000.000000,5000.000000,0.0000
2024-10-16T23:45:00+00:00,5000.000000,5000.000000,0.0000
2024-10-17T00:00:00+00:00,5000.000000,5000.000000,0.0000
2024-10-17T00:15:00+00:00,5000.000000,5000.000000,0.0000
2024-10-17T00:30:00+00:00,5000.000000,5000.000000,0.0000
2024-10-17T00:45:00+00:00,5000.000000,5000.000000,0.0000
2024-10-17T01:00:00+00:00,5000.000000,5000.000000,0.0000
2024-10-17T01:15:00+00:00,5000.000000,5000.000000,0.0000
2024-10-17T01:30:00+00:00,5000.000000,5000.000000,0.0000
2024-10-17T01:45:00+00:00,5000.000000,5000.000000,0.0000
2024-10-17T02:00:00+00:00,5000.000000,5000.000000,0.0000
2024-10-17T02:15:00+00:00,5000.000000,5000.000000,0.0000
2024-10-17T02:30:00+00:00,5000.000000,5000.000000,0.0000
2024-10-17T02:45:00+00:00,5000.000000,5000.000000,0.0000
2024-10-17T03:00:00+00:00,5000.000000,5000.000000,0.0000
2024-10-17T03:15:00+00:00,5000.000000,5000.000000,0.0000
2024-10-17T03:30:00+00:00,5000.000000,5000.000000,0.0000
2024-10-17T03:45:00+00:00,5000.000000,5000.000000,0.0000
2024-10-17T04:00:00+00:00,5000.000000,5000.000000,0.0000
2024-10-17T04:15:00+00:00,5000.000000,5000.000000,0.0000
2024-10-17T04:30:00+00:00,5000.000000,5000.000000,0.0000
2024-10-17T04:45:00+00:00,5000.000000,5000.000000,0.0000
2024-10-17T05:00:00+00:00,5000.000000,5000.000000,0.0000
2024-10-17T05:15:00+00:00,5000.000000,5000.000000,0.0000
2024-10-17T05:30:00+00:00,5000.000000,5000.000000,0.0000
2024-10-17T05:45:00+00:00,5000.000000,5000.000000,0.0000
2024-10-17T06:00:00+00:00,5000.000000,5000.000000,0.0000
2024-10-17T06:15:00+00:00,5000.000000,5000.000000,0.0000
2024-10-17T06:30:00+00:00,5000.000000,5000.000000,0.0000
2024-10-17T06:45:00+00:00,5000.000000,5000.000000,0.0000
2024-10-17T07:00:00+00:00,5000.000000,5000.000000,0.0000
2024-10-17T07:15:00+00:00,5000.000000,5000.000000,0.0000
2024-10-17T07:30:00+00:00,5000.000000,5000.000000,0.0000
2024-10-17T07:45:00+00:00,5000.000000,5000.000000,0.0000
2024-10-17T08:00:00+00:00,5000.000000,5000.000000,0.0000
2024-10-17T08:15:00+00:00,5000.000000,5000.000000,0.0000
2024-10-17T08:30:00+00:00,5000.000000,5000.000000,0.0000
2024-10-17T08:45:00+00:00,5000.000000,5000.000000,0.0000
2024-10-17T09:00:00+00:00,5000.000000,5000.000000,0.0000
2024-10-17T09:15:00+00:00,5000.000000,5000.000000,0.0000
2024-10-17T09:30:00+00:00,5000.000000,5000.000000,0.0000
2024-10-17T09:45:00+00:00,5000.000000,5000.000000,0.0000
2024-10-17T10:00:00+00:00,5000.000000,5000.000000,0.0000
2024-10-17T10:15:00+00:00,5000.000000,5000.000000,0.0000
2024-10-17T10:30:00+00:00,5000.000000,5000.000000,0.0000
2024-10-17T10:45:00+00:00,5000.000000,5000.000000,0.0000
2024-10-17T11:00:00+00:00,5000.000000,5000.000000,0.0000
2024-10-17T11:15:00+00:00,5000.000000,5000.000000,0.0000
2024-10-17T11:30:00+00:00,5000.000000,5000.000000,0.0000
2024-10-17T11:45:00+00:00,5000.000000,5000.000000,0.0000
2024-10-17T12:00:00+00:00,5000.000000,5000.000000,0.0000
2024-10-17T12:15:00+00:00,5000.000000,5000.000000,0.0000
2024-10-17T12:30:00+00:00,5000.000000,5000.000000,0.0000
2024-10-17T12:45:00+00:00,5000.000000,5000.000000,0.0000
2024-10-17T13:00:00+00:00,5000.000000,5000.000000,0.0000
2024-10-17T13:15:00+00:00,5000.000000,5000.000000,0.0000
2024-10-17T13:30:00+00:00,5000.000000,5000.000000,0.0000
2024-10-17T13:45:00+00:00,5000.000000,5000.000000,0.0000
2024-10-17T14:00:00+00:00,5000.000000,5000.000000,0.0000
2024-10-17T14:15:00+00:00,5000.000000,5000.000000,0.0000
2024-10-17T14:30:00+00:00,5000.000000,5000.000000,0.0000
2024-10-17T14:45:00+00:00,5000.000000,5000.000000,0.0000
2024-10-17T15:00:00+00:00,5000.000000,5000.000000,0.0000
2024-10-17T15:15:00+00:00,5000.000000,5000.000000,0.0000
2024-10-17T15:30:00+00:00,5000.000000,5000.000000,0.0000
2024-10-17T15:45:00+00:00,5000.000000,5000.000000,0.0000
2024-10-17T16:00:00+00:00,5000.000000,5000.000000,0.0000
2024-10-17T16:15:00+00:00,5000.000000,5000.000000,0.0000
2024-10-17T16:30:00+00:00,5000.000000,5000.000000,0.0000
2024-10-17T16:45:00+00:00,5000.000000,5000.000000,0.0000
2024-10-17T17:00:00+00:00,5000.000000,5000.000000,0.0000
2024-10-17T17:15:00+00:00,5000.000000,5000.000000,0.0000
2024-10-17T17:30:00+00:00,5000.000000,5000.000000,0.0000
2024-10-17T17:45:00+00:00,5000.000000,5000.000000,0.0000
2024-10-17T18:00:00+00:00,5000.000000,5000.000000,0.0000
2024-10-17T18:15:00+00:00,5000.000000,5000.000000,0.0000
2024-10-17T18:30:00+00:00,5000.000000,5000.000000,0.0000
2024-10-17T18:45:00+00:00,5000.000000,5000.000000,0.0000
2024-10-17T19:00:00+00:00,5000.000000,5000.000000,0.0000
2024-10-17T19:15:00+00:00,5000.000000,5000.000000,0.0000
2024-10-17T19:30:00+00:00,5000.000000,5000.000000,0.0000
2024-10-17T19:45:00+00:00,5000.000000,5000.000000,0.0000
2024-10-17T20:00:00+00:00,5000.000000,5000.000000,0.0000
2024-10-17T20:15:00+00:00,5000.000000,5000.000000,0.0000
2024-10-17T20:30:00+00:00,5000.000000,5000.000000,0.0000
2024-10-17T20:45:00+00:00,5000.000000,5000.000000,0.0000
2024-10-17T21:00:00+00:00,5000.000000,5000.000000,0.0000
2024-10-17T21:15:00+00:00,5000.000000,5000.000000,0.0000
2024-10-17T21:30:00+00:00,5000.000000,5000.000000,0.0000
2024-10-17T21:45:00+00:00,5000.000000,5000.000000,0.0000
2024-10-17T22:00:00+00:00,5000.000000,5000.000000,0.0000
2024-10-17T22:15:00+00:00,5000.000000,5000.000000,0.0000
2024-10-17T22:30:00+00:00,5000.000000,5000.000000,0.0000
2024-10-17T22:45:00+00:00,5000.000000,5000.000000,0.0000
2024-10-17T23:00:00+00:00,5000.000000,5000.000000,0.0000
2024-10-17T23:15:00+00:00,5000.000000,5000.000000,0.0000
2024-10-17T23:30:00+00:00,5000.000000,5000.000000,0.0000
2024-10-17T23:45:00+00:00,5000.000000,5000.000000,0.0000
2024-10-18T00:00:00+00:00,5000.000000,5000.000000,0.0000
2024-10-18T00:15:00+00:00,5000.000000,5000.000000,0.0000
2024-10-18T00:30:00+00:00,5000.000000,5000.000000,0.0000
2024-10-18T00:45:00+00:00,5000.000000,5000.000000,0.0000
2024-10-18T01:00:00+00:00,5000.000000,5000.000000,0.0000
2024-10-18T01:15:00+00:00,5000.000000,5000.000000,0.0000
2024-10-18T01:30:00+00:00,5000.000000,5000.000000,0.0000
2024-10-18T01:45:00+00:00,5000.000000,5000.000000,0.0000
2024-10-18T02:00:00+00:00,5000.000000,5000.000000,0.0000
2024-10-18T02:15:00+00:00,5000.000000,5000.000000,0.0000
2024-10-18T02:30:00+00:00,5000.000000,5000.000000,0.0000
2024-10-18T02:45:00+00:00,5000.000000,5000.000000,0.0000
2024-10-18T03:00:00+00:00,5000.000000,5000.000000,0.0000
2024-10-18T03:15:00+00:00,5000.000000,5000.000000,0.0000
2024-10-18T03:30:00+00:00,5000.000000,5000.000000,0.0000
2024-10-18T03:45:00+00:00,5000.000000,5000.000000,0.0000
2024-10-18T04:00:00+00:00,5000.000000,5000.000000,0.0000
2024-10-18T04:15:00+00:00,5000.000000,5000.000000,0.0000
2024-10-18T04:30:00+00:00,5000.000000,5000.000000,0.0000
2024-10-18T04:45:00+00:00,5000.000000,5000.000000,0.0000
2024-10-18T05:00:00+00:00,5000.000000,5000.000000,0.0000
2024-10-18T05:15:00+00:00,5000.000000,5000.000000,0.0000
2024-10-18T05:30:00+00:00,5000.000000,5000.000000,0.0000
2024-10-18T05:45:00+00:00,5000.000000,5000.000000,0.0000
2024-10-18T06:00:00+00:00,5000.000000,5000.000000,0.0000
2024-10-18T06:15:00+00:00,5000.000000,5000.000000,0.0000
2024-10-18T06:30:00+00:00,5000.000000,5000.000000,0.0000
2024-10-18T06:45:00+00:00,5000.000000,5000.000000,0.0000
2024-10-18T07:00:00+00:00,5000.000000,5000.000000,0.0000
2024-10-18T07:15:00+00:00,5000.000000,5000.000000,0.0000
2024-10-18T07:30:00+00:00,5000.000000,5000.000000,0.0000
2024-10-18T07:45:00+00:00,5000.000000,5000.000000,0.0000
2024-10-18T08:00:00+00:00,5000.000000,5000.000000,0.0000
2024-10-18T08:15:00+00:00,5000.000000,5000.000000,0.0000
2024-10-18T08:30:00+00:00,5000.000000,5000.000000,0.0000
2024-10-18T08:45:00+00:00,5000.000000,5000.000000,0.0000
2024-10-18T09:00:00+00:00,5000.000000,5000.000000,0.0000
2024-10-18T09:15:00+00:00,5000.000000,5000.000000,0.0000
2024-10-18T09:30:00+00:00,5000.000000,5000.000000,0.0000
2024-10-18T09:45:00+00:00,5000.000000,5000.000000,0.0000
2024-10-18T10:00:00+00:00,5000.000000,5000.000000,0.0000
2024-10-18T10:15:00+00:00,5000.000000,5000.000000,0.0000
2024-10-18T10:30:00+00:00,5000.000000,5000.000000,0.0000
2024-10-18T10:45:00+00:00,5000.000000,5000.000000,0.0000
2024-10-18T11:00:00+00:00,5000.000000,5000.000000,0.0000
2024-10-18T11:15:00+00:00,5000.000000,5000.000000,0.0000
2024-10-18T11:30:00+00:00,5000.000000,5000.000000,0.0000
2024-10-18T11:45:00+00:00,5000.000000,5000.000000,0.0000
2024-10-18T12:00:00+00:00,5000.000000,5000.000000,0.0000
2024-10-18T12:15:00+00:00,5000.000000,5000.000000,0.0000
2024-10-18T12:30:00+00:00,5000.000000,5000.000000,0.0000
2024-10-18T12:45:00+00:00,5000.000000,5000.000000,0.0000
2024-10-18T13:00:00+00:00,5000.000000,5000.000000,0.0000
2024-10-18T13:15:00+00:00,5000.000000,5000.000000,0.0000
2024-10-18T13:30:00+00:00,5000.000000,5000.000000,0.0000
2024-10-18T13:45:00+00:00,5000.000000,5000.000000,0.0000
2024-10-18T14:00:00+00:00,5000.000000,5000.000000,0.0000
2024-10-18T14:15:00+00:00,5000.000000,5000.000000,0.0000
2024-10-18T14:30:00+00:00,5000.000000,5000.000000,0.0000
2024-10-18T14:45:00+00:00,5000.000000,5000.000000,0.0000
2024-10-18T15:00:00+00:00,5000.000000,5000.000000,0.0000
2024-10-18T15:15:00+00:00,5000.000000,5000.000000,0.0000
2024-10-18T15:30:00+00:00,5000.000000,5000.000000,0.0000
2024-10-18T15:45:00+00:00,5000.000000,5000.000000,0.0000
2024-10-18T16:00:00+00:00,5000.000000,5000.000000,0.0000
2024-10-18T16:15:00+00:00,5000.000000,5000.000000,0.0000
2024-10-18T16:30:00+00:00,5000.000000,5000.000000,0.0000
2024-10-18T16:45:00+00:00,5000.000000,5000.000000,0.0000
2024-10-18T17:00:00+00:00,5000.000000,5000.000000,0.0000
2024-10-18T17:15:00+00:00,5000.000000,5000.000000,0.0000
2024-10-18T17:30:00+00:00,5000.000000,5000.000000,0.0000
2024-10-18T17:45:00+00:00,5000.000000,5000.000000,0.0000
2024-10-18T18:00:00+00:00,5000.000000,5000.000000,0.0000
2024-10-18T18:15:00+00:00,5000.000000,5000.000000,0.0000
2024-10-18T18:30:00+00:00,5000.000000,5000.000000,0.0000
2024-10-18T18:45:00+00:00,5000.000000,5000.000000,0.0000
2024-10-18T19:00:00+00:00,5000.000000,5000.000000,0.0000
2024-10-18T19:15:00+00:00,5000.000000,5000.000000,0.0000
2024-10-18T19:30:00+00:00,5000.000000,5000.000000,0.0000
2024-10-18T19:45:00+00:00,5000.000000,5000.000000,0.0000
2024-10-18T20:00:00+00:00,5000.000000,5000.000000,0.0000
2024-10-18T20:15:00+00:00,5000.000000,5000.000000,0.0000
2024-10-18T20:30:00+00:00,5000.000000,5000.000000,0.0000
2024-10-18T20:45:00+00:00,5000.000000,5000.000000,0.0000
2024-10-18T21:00:00+00:00,5000.000000,5000.000000,0.0000
2024-10-18T21:15:00+00:00,5000.000000,5000.000000,0.0000
2024-10-18T21:30:00+00:00,5000.000000,5000.000000,0.0000
2024-10-18T21:45:00+00:00,5000.000000,5000.000000,0.0000
2024-10-18T22:00:00+00:00,5000.000000,5000.000000,0.0000
2024-10-18T22:15:00+00:00,5000.000000,5000.000000,0.0000
2024-10-18T22:30:00+00:00,5000.000000,5000.000000,0.0000
2024-10-18T22:45:00+00:00,5000.000000,5000.000000,0.0000
2024-10-18T23:00:00+00:00,5000.000000,5000.000000,0.0000
2024-10-18T23:15:00+00:00,5000.000000,5000.000000,0.0000
2024-10-18T23:30:00+00:00,5000.000000,5000.000000,0.0000
2024-10-18T23:45:00+00:00,5000.000000,5000.000000,0.0000
2024-10-19T00:00:00+00:00,5000.000000,5000.000000,0.0000
2024-10-19T00:15:00+00:00,5000.000000,5000.000000,0.0000
2024-10-19T00:30:00+00:00,5000.000000,5000.000000,0.0000
2024-10-19T00:45:00+00:00,5000.000000,5000.000000,0.0000
2024-10-19T01:00:00+00:00,5000.000000,5000.000000,0.0000
2024-10-19T01:15:00+00:00,5000.000000,5000.000000,0.0000
2024-10-19T01:30:00+00:00,5000.000000,5000.000000,0.0000
2024-10-19T01:45:00+00:00,5000.000000,5000.000000,0.0000
2024-10-19T02:00:00+00:00,5000.000000,5000.000000,0.0000
2024-10-19T02:15:00+00:00,5000.000000,5000.000000,0.0000
2024-10-19T02:30:00+00:00,5000.000000,5000.000000,0.0000
2024-10-19T02:45:00+00:00,5000.000000,5000.000000,0.0000
2024-10-19T03:00:00+00:00,5000.000000,5000.000000,0.0000
2024-10-19T03:15:00+00:00,5000.000000,5000.000000,0.0000
2024-10-19T03:30:00+00:00,5000.000000,5000.000000,0.0000
2024-10-19T03:45:00+00:00,5000.000000,5000.000000,0.0000
2024-10-19T04:00:00+00:00,5000.000000,5000.000000,0.0000
2024-10-19T04:15:00+00:00,5000.000000,5000.000000,0.0000
2024-10-19T04:30:00+00:00,5000.000000,5000.000000,0.0000
2024-10-19T04:45:00+00:00,5000.000000,5000.000000,0.0000
2024-10-19T05:00:00+00:00,5000.000000,5000.000000,0.0000
2024-10-19T05:15:00+00:00,5000.000000,5000.000000,0.0000
2024-10-19T05:30:00+00:00,5000.000000,5000.000000,0.0000
2024-10-19T05:45:00+00:00,5000.000000,5000.000000,0.0000
2024-10-19T06:00:00+00:00,5000.000000,5000.000000,0.0000
2024-10-19T06:15:00+00:00,5000.000000,5000.000000,0.0000
2024-10-19T06:30:00+00:00,5000.000000,5000.000000,0.0000
2024-10-19T06:45:00+00:00,5000.000000,5000.000000,0.0000
2024-10-19T07:00:00+00:00,5000.000000,5000.000000,0.0000
2024-10-19T07:15:00+00:00,5000.000000,5000.000000,0.0000
2024-10-19T07:30:00+00:00,5000.000000,5000.000000,0.0000
2024-10-19T07:45:00+00:00,5000.000000,5000.000000,0.0000
2024-10-19T08:00:00+00:00,5000.000000,5000.000000,0.0000
2024-10-19T08:15:00+00:00,5000.000000,5000.000000,0.0000
2024-10-19T08:30:00+00:00,5000.000000,5000.000000,0.0000
2024-10-19T08:45:00+00:00,5000.000000,5000.000000,0.0000
2024-10-19T09:00:00+00:00,5000.000000,5000.000000,0.0000
2024-10-19T09:15:00+00:00,5000.000000,5000.000000,0.0000
2024-10-19T09:30:00+00:00,5000.000000,5000.000000,0.0000
2024-10-19T09:45:00+00:00,5000.000000,5000.000000,0.0000
2024-10-19T10:00:00+00:00,5000.000000,5000.000000,0.0000
2024-10-19T10:15:00+00:00,5000.000000,5000.000000,0.0000
2024-10-19T10:30:00+00:00,5000.000000,5000.000000,0.0000
2024-10-19T10:45:00+00:00,5000.000000,5000.000000,0.0000
2024-10-19T11:00:00+00:00,5000.000000,5000.000000,0.0000
2024-10-19T11:15:00+00:00,5000.000000,5000.000000,0.0000
2024-10-19T11:30:00+00:00,5000.000000,5000.000000,0.0000
2024-10-19T11:45:00+00:00,5000.000000,5000.000000,0.0000
2024-10-19T12:00:00+00:00,5000.000000,5000.000000,0.0000
2024-10-19T12:15:00+00:00,5000.000000,5000.000000,0.0000
2024-10-19T12:30:00+00:00,5000.000000,5000.000000,0.0000
2024-10-19T12:45:00+00:00,5000.000000,5000.000000,0.0000
2024-10-19T13:00:00+00:00,5000.000000,5000.000000,0.0000
2024-10-19T13:15:00+00:00,5000.000000,5000.000000,0.0000
2024-10-19T13:30:00+00:00,5000.000000,5000.000000,0.0000
2024-10-19T13:45:00+00:00,5000.000000,5000.000000,0.0000
2024-10-19T14:00:00+00:00,5000.000000,5000.000000,0.0000
2024-10-19T14:15:00+00:00,5000.000000,5000.000000,0.0000
2024-10-19T14:30:00+00:00,5000.000000,5000.000000,0.0000
2024-10-19T14:45:00+00:00,5000.000000,5000.000000,0.0000
2024-10-19T15:00:00+00:00,5000.000000,5000.000000,0.0000
2024-10-19T15:15:00+00:00,5000.000000,5000.000000,0.0000
2024-10-19T15:30:00+00:00,5000.000000,5000.000000,0.0000
2024-10-19T15:45:00+00:00,5000.000000,5000.000000,0.0000
2024-10-19T16:00:00+00:00,5000.000000,5000.000000,0.0000
2024-10-19T16:15:00+00:00,5000.000000,5000.000000,0.0000
2024-10-19T16:30:00+00:00,5000.000000,5000.000000,0.0000
2024-10-19T16:45:00+00:00,5000.000000,5000.000000,0.0000
2024-10-19T17:00:00+00:00,5000.000000,5000.000000,0.0000
2024-10-19T17:15:00+00:00,5000.000000,5000.000000,0.0000
2024-10-19T17:30:00+00:00,5000.000000,5000.000000,0.0000
2024-10-19T17:45:00+00:00,5000.000000,5000.000000,0.0000
2024-10-19T18:00:00+00:00,5000.000000,5000.000000,0.0000
2024-10-19T18:15:00+00:00,5000.000000,5000.000000,0.0000
2024-10-19T18:30:00+00:00,5000.000000,5000.000000,0.0000
2024-10-19T18:45:00+00:00,5000.000000,5000.000000,0.0000
2024-10-19T19:00:00+00:00,5000.000000,5000.000000,0.0000
2024-10-19T19:15:00+00:00,5000.000000,5000.000000,0.0000
2024-10-19T19:30:00+00:00,5000.000000,5000.000000,0.0000
2024-10-19T19:45:00+00:00,5000.000000,5000.000000,0.0000
2024-10-19T20:00:00+00:00,5000.000000,5000.000000,0.0000
2024-10-19T20:15:00+00:00,5000.000000,5000.000000,0.0000
2024-10-19T20:30:00+00:00,5000.000000,5000.000000,0.0000
2024-10-19T20:45:00+00:00,5000.000000,5000.000000,0.0000
2024-10-19T21:00:00+00:00,5000.000000,5000.000000,0.0000
2024-10-19T21:15:00+00:00,5000.000000,5000.000000,0.0000
2024-10-19T21:30:00+00:00,5000.000000,5000.000000,0.0000
2024-10-19T21:45:00+00:00,5000.000000,5000.000000,0.0000
2024-10-19T22:00:00+00:00,5000.000000,5000.000000,0.0000
2024-10-19T22:15:00+00:00,5000.000000,5000.000000,0.0000
2024-10-19T22:30:00+00:00,5000.000000,5000.000000,0.0000
2024-10-19T22:45:00+00:00,5000.000000,5000.000000,0.0000
2024-10-19T23:00:00+00:00,5000.000000,5000.000000,0.0000
2024-10-19T23:15:00+00:00,5000.000000,5000.000000,0.0000
2024-10-19T23:30:00+00:00,5000.000000,5000.000000,0.0000
2024-10-19T23:45:00+00:00,5000.000000,5000.000000,0.0000
2024-10-20T00:00:00+00:00,5000.000000,5000.000000,0.0000
2024-10-20T00:15:00+00:00,5000.000000,5000.000000,0.0000
2024-10-20T00:30:00+00:00,5000.000000,5000.000000,0.0000
2024-10-20T00:45:00+00:00,5000.000000,5000.000000,0.0000
2024-10-20T01:00:00+00:00,5000.000000,5000.000000,0.0000
2024-10-20T01:15:00+00:00,5000.000000,5000.000000,0.0000
2024-10-20T01:30:00+00:00,5000.000000,5000.000000,0.0000
2024-10-20T01:45:00+00:00,5000.000000,5000.000000,0.0000
2024-10-20T02:00:00+00:00,5000.000000,5000.000000,0.0000
2024-10-20T02:15:00+00:00,5000.000000,5000.000000,0.0000
2024-10-20T02:30:00+00:00,5000.000000,5000.000000,0.0000
2024-10-20T02:45:00+00:00,5000.000000,5000.000000,0.0000
2024-10-20T03:00:00+00:00,5000.000000,5000.000000,0.0000
2024-10-20T03:15:00+00:00,5000.000000,5000.000000,0.0000
2024-10-20T03:30:00+00:00,5000.000000,5000.000000,0.0000
2024-10-20T03:45:00+00:00,5000.000000,5000.000000,0.0000
2024-10-20T04:00:00+00:00,5000.000000,5000.000000,0.0000
2024-10-20T04:15:00+00:00,5000.000000,5000.000000,0.0000
2024-10-20T04:30:00+00:00,5000.000000,5000.000000,0.0000
2024-10-20T04:31:00+00:00,5000.000000,5000.000000,0.0000
2024-10-20T04:32:00+00:00,5000.000000,5000.000000,0.0000
2024-10-20T04:33:00+00:00,5000.000000,5000.000000,0.0000
2024-10-20T04:34:00+00:00,4992.670769,5000.000000,0.1466
2024-10-20T04:35:00+00:00,4978.882679,5000.000000,0.4223
2024-10-20T04:36:00+00:00,4966.781897,5000.000000,0.6644
2024-10-20T04:37:00+00:00,4966.781897,5000.000000,0.6644
2024-10-20T04:38:00+00:00,4958.754061,5000.000000,0.8249
2024-10-20T04:39:00+00:00,4951.729704,5000.000000,0.9654
2024-10-20T04:40:00+00:00,4951.729704,5000.000000,0.9654
2024-10-20T04:41:00+00:00,4951.729704,5000.000000,0.9654
2024-10-20T04:42:00+00:00,4949.368576,5000.000000,1.0126
2024-10-20T04:43:00+00:00,4949.368576,5000.000000,1.0126
2024-10-20T04:44:00+00:00,4949.368576,5000.000000,1.0126
2024-10-20T04:45:00+00:00,4949.368576,5000.000000,1.0126
2024-10-20T04:46:00+00:00,4960.052681,5000.000000,0.7989
2024-10-20T04:47:00+00:00,4960.052681,5000.000000,0.7989
2024-10-20T04:48:00+00:00,4969.320109,5000.000000,0.6136
2024-10-20T04:49:00+00:00,4969.320109,5000.000000,0.6136
2024-10-20T04:50:00+00:00,4969.320109,5000.000000,0.6136
2024-10-20T04:51:00+00:00,4974.455563,5000.000000,0.5109
2024-10-20T04:52:00+00:00,4980.122271,5000.000000,0.3976
2024-10-20T04:53:00+00:00,4980.122271,5000.000000,0.3976
2024-10-20T04:54:00+00:00,4976.285438,5000.000000,0.4743
2024-10-20T04:55:00+00:00,4976.285438,5000.000000,0.4743
2024-10-20T04:56:00+00:00,4976.285438,5000.000000,0.4743
2024-10-20T04:57:00+00:00,4976.285438,5000.000000,0.4743
2024-10-20T04:58:00+00:00,4976.285438,5000.000000,0.4743
2024-10-20T04:59:00+00:00,4976.285438,5000.000000,0.4743
2024-10-20T05:00:00+00:00,4967.490235,5000.000000,0.6502
2024-10-20T05:01:00+00:00,4967.490235,5000.000000,0.6502
2024-10-20T05:02:00+00:00,4971.149984,5000.000000,0.5770
2024-10-20T05:03:00+00:00,4978.882679,5000.000000,0.4223
2024-10-20T05:04:00+00:00,4978.882679,5000.000000,0.4223
2024-10-20T05:05:00+00:00,4978.882679,5000.000000,0.4223
2024-10-20T05:06:00+00:00,4978.882679,5000.000000,0.4223
2024-10-20T05:07:00+00:00,4978.882679,5000.000000,0.4223
2024-10-20T05:08:00+00:00,4978.882679,5000.000000,0.4223
2024-10-20T05:09:00+00:00,4978.882679,5000.000000,0.4223
2024-10-20T05:10:00+00:00,4978.882679,5000.000000,0.4223
2024-10-20T05:11:00+00:00,4965.778417,5000.000000,0.6844
2024-10-20T05:12:00+00:00,4960.465879,5000.000000,0.7907
2024-10-20T05:13:00+00:00,4960.465879,5000.000000,0.7907
2024-10-20T05:14:00+00:00,4960.465879,5000.000000,0.7907
2024-10-20T05:15:00+00:00,4960.465879,5000.000000,0.7907
2024-10-20T05:16:00+00:00,4949.486632,5000.000000,1.0103
2024-10-20T05:17:00+00:00,4947.538701,5000.000000,1.0492
2024-10-20T05:18:00+00:00,4949.014407,5000.000000,1.0197
2024-10-20T05:19:00+00:00,4953.087353,5000.000000,0.9383
2024-10-20T05:20:00+00:00,4953.087353,5000.000000,0.9383
2024-10-20T05:21:00+00:00,4944.941460,5000.000000,1.1012
2024-10-20T05:22:00+00:00,4928.965983,5000.000000,1.4207
2024-10-20T05:30:00+00:00,4928.965983,5000.000000,1.4207
2024-10-20T05:31:00+00:00,4928.965983,5000.000000,1.4207
2024-10-20T05:32:00+00:00,4928.965983,5000.000000,1.4207
2024-10-20T05:33:00+00:00,4928.965983,5000.000000,1.4207
2024-10-20T05:34:00+00:00,4928.965983,5000.000000,1.4207
2024-10-20T05:35:00+00:00,4928.965983,5000.000000,1.4207
2024-10-20T05:45:00+00:00,4928.965983,5000.000000,1.4207
2024-10-20T05:46:00+00:00,4928.965983,5000.000000,1.4207
2024-10-20T05:47:00+00:00,4928.965983,5000.000000,1.4207
2024-10-20T05:48:00+00:00,4928.965983,5000.000000,1.4207
2024-10-20T05:49:00+00:00,4921.740914,5000.000000,1.5652
2024-10-20T05:50:00+00:00,4916.746246,5000.000000,1.6651
2024-10-20T05:51:00+00:00,4916.746246,5000.000000,1.6651
2024-10-20T05:52:00+00:00,4916.746246,5000.000000,1.6651
2024-10-20T05:53:00+00:00,4916.746246,5000.000000,1.6651
2024-10-20T05:54:00+00:00,4916.746246,5000.000000,1.6651
2024-10-20T05:55:00+00:00,4916.746246,5000.000000,1.6651
2024-10-20T05:56:00+00:00,4894.707666,5000.000000,2.1058
2024-10-20T05:57:00+00:00,4913.665584,5000.000000,1.7267
2024-10-20T05:58:00+00:00,4895.774049,5000.000000,2.0845
2024-10-20T05:59:00+00:00,4895.774049,5000.000000,2.0845
2024-10-20T06:00:00+00:00,4898.499250,5000.000000,2.0300
2024-10-20T06:01:00+00:00,4885.761899,5000.000000,2.2848
2024-10-20T06:02:00+00:00,4888.250125,5000.000000,2.2350
2024-10-20T06:03:00+00:00,4891.804735,5000.000000,2.1639
2024-10-20T06:04:00+00:00,4891.804735,5000.000000,2.1639
2024-10-20T06:05:00+00:00,4891.804735,5000.000000,2.1639
2024-10-20T06:06:00+00:00,4883.332915,5000.000000,2.3333
2024-10-20T06:07:00+00:00,4883.332915,5000.000000,2.3333
2024-10-20T06:08:00+00:00,4893.996744,5000.000000,2.1201
2024-10-20T06:09:00+00:00,4899.980337,5000.000000,2.0004
2024-10-20T06:10:00+00:00,4899.980337,5000.000000,2.0004
2024-10-20T06:11:00+00:00,4900.632015,5000.000000,1.9874
2024-10-20T06:12:00+00:00,4900.632015,5000.000000,1.9874
2024-10-20T06:13:00+00:00,4900.632015,5000.000000,1.9874
2024-10-20T06:14:00+00:00,4908.096696,5000.000000,1.8381
2024-10-20T06:15:00+00:00,4908.096696,5000.000000,1.8381
2024-10-20T06:16:00+00:00,4908.096696,5000.000000,1.8381
2024-10-20T06:17:00+00:00,4908.096696,5000.000000,1.8381
2024-10-20T06:18:00+00:00,4908.096696,5000.000000,1.8381
2024-10-20T06:19:00+00:00,4918.523550,5000.000000,1.6295
2024-10-20T06:20:00+00:00,4919.352959,5000.000000,1.6129
2024-10-20T06:21:00+00:00,4921.189508,5000.000000,1.5762
2024-10-20T06:22:00+00:00,4921.189508,5000.000000,1.5762
2024-10-20T06:23:00+00:00,4922.670595,5000.000000,1.5466
2024-10-20T06:24:00+00:00,4927.647048,5000.000000,1.4471
2024-10-20T06:25:00+00:00,4953.832673,5000.000000,0.9233
2024-10-20T06:26:00+00:00,4954.543595,5000.000000,0.9091
2024-10-20T06:27:00+00:00,4941.510026,5000.000000,1.1698
2024-10-20T06:28:00+00:00,4941.510026,5000.000000,1.1698
2024-10-20T06:29:00+00:00,4954.602838,5000.000000,0.9079
2024-10-20T06:30:00+00:00,4954.602838,5000.000000,0.9079
2024-10-20T06:31:00+00:00,4978.181748,5000.000000,0.4364
2024-10-20T06:32:00+00:00,4978.596453,5000.000000,0.4281
2024-10-20T06:33:00+00:00,4978.596453,5000.000000,0.4281
2024-10-20T06:34:00+00:00,4978.596453,5000.000000,0.4281
2024-10-20T06:35:00+00:00,4978.596453,5000.000000,0.4281
2024-10-20T06:36:00+00:00,4982.506523,5000.000000,0.3499
2024-10-20T06:37:00+00:00,5014.320279,5014.320279,0.0000
2024-10-20T06:38:00+00:00,5014.557253,5014.557253,0.0000
2024-10-20T06:39:00+00:00,4999.568650,5014.557253,0.2989
2024-10-20T06:40:00+00:00,4999.568650,5014.557253,0.2989
2024-10-20T06:41:00+00:00,4999.568650,5014.557253,0.2989
2024-10-20T06:42:00+00:00,4974.948236,5014.557253,0.7899
2024-10-20T06:45:00+00:00,4974.948236,5014.557253,0.7899
2024-10-20T07:00:00+00:00,4974.948236,5014.557253,0.7899
2024-10-20T07:15:00+00:00,4974.948236,5014.557253,0.7899
2024-10-20T07:30:00+00:00,4974.948236,5014.557253,0.7899
2024-10-20T07:45:00+00:00,4974.948236,5014.557253,0.7899
2024-10-20T08:00:00+00:00,4974.948236,5014.557253,0.7899
2024-10-20T08:15:00+00:00,4974.948236,5014.557253,0.7899
2024-10-20T08:30:00+00:00,4974.948236,5014.557253,0.7899
2024-10-20T08:45:00+00:00,4974.948236,5014.557253,0.7899
2024-10-20T09:00:00+00:00,4974.948236,5014.557253,0.7899
2024-10-20T09:15:00+00:00,4974.948236,5014.557253,0.7899
2024-10-20T09:30:00+00:00,4974.948236,5014.557253,0.7899
2024-10-20T09:45:00+00:00,4974.948236,5014.557253,0.7899
2024-10-20T10:00:00+00:00,4974.948236,5014.557253,0.7899
2024-10-20T10:15:00+00:00,4974.948236,5014.557253,0.7899
2024-10-20T10:30:00+00:00,4974.948236,5014.557253,0.7899
2024-10-20T10:45:00+00:00,4974.948236,5014.557253,0.7899
2024-10-20T11:00:00+00:00,4974.948236,5014.557253,0.7899
2024-10-20T11:15:00+00:00,4974.948236,5014.557253,0.7899
2024-10-20T11:30:00+00:00,4974.948236,5014.557253,0.7899
2024-10-20T11:45:00+00:00,4974.948236,5014.557253,0.7899
2024-10-20T12:00:00+00:00,4974.948236,5014.557253,0.7899
2024-10-20T12:15:00+00:00,4974.948236,5014.557253,0.7899
2024-10-20T12:30:00+00:00,4974.948236,5014.557253,0.7899
2024-10-20T12:45:00+00:00,4974.948236,5014.557253,0.7899
2024-10-20T13:00:00+00:00,4974.948236,5014.557253,0.7899
2024-10-20T13:15:00+00:00,4974.948236,5014.557253,0.7899
2024-10-20T13:16:00+00:00,4974.948236,5014.557253,0.7899
2024-10-20T13:17:00+00:00,4974.948236,5014.557253,0.7899
2024-10-20T13:18:00+00:00,4974.948236,5014.557253,0.7899
2024-10-20T13:19:00+00:00,4974.948236,5014.557253,0.7899
2024-10-20T13:20:00+00:00,4967.655678,5014.557253,0.9353
2024-10-20T13:21:00+00:00,4983.173507,5014.557253,0.6259
2024-10-20T13:22:00+00:00,4981.850938,5014.557253,0.6522
2024-10-20T13:23:00+00:00,4987.604598,5014.557253,0.5375
2024-10-20T13:24:00+00:00,4987.300504,5014.557253,0.5436
2024-10-20T13:25:00+00:00,4981.295845,5014.557253,0.6633
2024-10-20T13:26:00+00:00,4978.221112,5014.557253,0.7246
2024-10-20T13:27:00+00:00,4983.248324,5014.557253,0.6244
2024-10-20T13:28:00+00:00,4978.071478,5014.557253,0.7276
2024-10-20T13:29:00+00:00,4974.359595,5014.557253,0.8016
2024-10-20T13:30:00+00:00,4976.230017,5014.557253,0.7643
2024-10-20T13:31:00+00:00,4982.731846,5014.557253,0.6347
2024-10-20T13:32:00+00:00,4986.342365,5014.557253,0.5627
2024-10-20T13:33:00+00:00,4990.860340,5014.557253,0.4726
2024-10-20T13:34:00+00:00,4993.213452,5014.557253,0.4256
2024-10-20T13:35:00+00:00,4992.079131,5014.557253,0.4483
2024-10-20T13:36:00+00:00,4990.657610,5014.557253,0.4766
2024-10-20T13:37:00+00:00,4997.207708,5014.557253,0.3460
2024-10-20T13:38:00+00:00,5003.398203,5014.557253,0.2225
2024-10-20T13:39:00+00:00,5004.257390,5014.557253,0.2054
2024-10-20T13:40:00+00:00,5005.068309,5014.557253,0.1892
2024-10-20T13:41:00+00:00,5003.033772,5014.557253,0.2298
2024-10-20T13:42:00+00:00,5003.033772,5014.557253,0.2298
2024-10-20T13:43:00+00:00,4996.985671,5014.557253,0.3504
2024-10-20T13:44:00+00:00,5001.421589,5014.557253,0.2620
2024-10-20T13:45:00+00:00,5001.016129,5014.557253,0.2700
2024-10-20T13:46:00+00:00,4999.459455,5014.557253,0.3011
2024-10-20T13:47:00+00:00,5001.542261,5014.557253,0.2595
2024-10-20T13:48:00+00:00,5012.858919,5014.557253,0.0339
2024-10-20T13:49:00+00:00,5013.196802,5014.557253,0.0271
2024-10-20T13:50:00+00:00,5013.196802,5014.557253,0.0271
2024-10-20T13:51:00+00:00,5007.713448,5014.557253,0.1365
2024-10-20T13:52:00+00:00,5008.579876,5014.557253,0.1192
2024-10-20T13:53:00+00:00,5015.212031,5015.212031,0.0000
2024-10-20T13:54:00+00:00,5015.212031,5015.212031,0.0000
2024-10-20T13:55:00+00:00,5016.107420,5016.107420,0.0000
2024-10-20T13:56:00+00:00,5016.107420,5016.107420,0.0000
2024-10-20T13:57:00+00:00,5017.369654,5017.369654,0.0000
2024-10-20T13:58:00+00:00,5013.913596,5017.369654,0.0689
2024-10-20T13:59:00+00:00,5014.543506,5017.369654,0.0563
2024-10-20T14:00:00+00:00,5017.147616,5017.369654,0.0044
2024-10-20T14:01:00+00:00,5018.955289,5018.955289,0.0000
2024-10-20T14:02:00+00:00,5011.866992,5018.955289,0.1412
2024-10-20T14:03:00+00:00,5009.424582,5018.955289,0.1899
2024-10-20T14:04:00+00:00,5006.989413,5018.955289,0.2384
2024-10-20T14:05:00+00:00,5018.972183,5018.972183,0.0000
2024-10-20T14:06:00+00:00,5017.555489,5018.972183,0.0282
2024-10-20T14:07:00+00:00,5014.548333,5018.972183,0.0881
2024-10-20T14:08:00+00:00,5007.995821,5018.972183,0.2187
2024-10-20T14:09:00+00:00,5017.224847,5018.972183,0.0348
2024-10-20T14:10:00+00:00,5023.026776,5023.026776,0.0000
2024-10-20T14:11:00+00:00,5032.275109,5032.275109,0.0000
2024-10-20T14:12:00+00:00,5029.029021,5032.275109,0.0645
2024-10-20T14:13:00+00:00,5022.570634,5032.275109,0.1928
2024-10-20T14:14:00+00:00,5024.585863,5032.275109,0.1528
2024-10-20T14:15:00+00:00,5024.511046,5032.275109,0.1543
2024-10-20T14:16:00+00:00,5024.634132,5032.275109,0.1518
2024-10-20T14:17:00+00:00,5024.634132,5032.275109,0.1518
2024-10-20T14:18:00+00:00,5036.336942,5036.336942,0.0000
2024-10-20T14:19:00+00:00,5033.694217,5036.336942,0.0525
2024-10-20T14:20:00+00:00,5036.235577,5036.336942,0.0020
2024-10-20T14:21:00+00:00,5030.284014,5036.336942,0.1202
2024-10-20T14:22:00+00:00,5017.917506,5036.336942,0.3657
2024-10-20T14:23:00+00:00,5010.167924,5036.336942,0.5196
2024-10-20T14:24:00+00:00,5014.333536,5036.336942,0.4369
2024-10-20T14:25:00+00:00,5016.790426,5036.336942,0.3881
2024-10-20T14:26:00+00:00,5017.973016,5036.336942,0.3646
2024-10-20T14:27:00+00:00,5016.360832,5036.336942,0.3966
2024-10-20T14:28:00+00:00,5017.157270,5036.336942,0.3808
2024-10-20T14:29:00+00:00,5019.454873,5036.336942,0.3352
2024-10-20T14:30:00+00:00,5019.302825,5036.336942,0.3382
2024-10-20T14:31:00+00:00,5019.302825,5036.336942,0.3382
2024-10-20T14:32:00+00:00,5015.513712,5036.336942,0.4135
2024-10-20T14:33:00+00:00,5007.549333,5036.336942,0.5716
2024-10-20T14:34:00+00:00,5009.924166,5036.336942,0.5244
2024-10-20T14:35:00+00:00,5009.924166,5036.336942,0.5244
2024-10-20T14:36:00+00:00,5010.027944,5036.336942,0.5224
2024-10-20T14:37:00+00:00,5011.222601,5036.336942,0.4987
2024-10-20T14:38:00+00:00,5006.673252,5036.336942,0.5890
2024-10-20T14:39:00+00:00,5014.630390,5036.336942,0.4310
2024-10-20T14:40:00+00:00,5022.671999,5036.336942,0.2713
2024-10-20T14:41:00+00:00,5022.713028,5036.336942,0.2705
2024-10-20T14:42:00+00:00,5025.551243,5036.336942,0.2142
2024-10-20T14:43:00+00:00,5025.551243,5036.336942,0.2142
2024-10-20T14:44:00+00:00,5022.066224,5036.336942,0.2834
2024-10-20T14:45:00+00:00,5017.203126,5036.336942,0.3799
2024-10-20T14:46:00+00:00,5015.892623,5036.336942,0.4059
2024-10-20T14:47:00+00:00,5014.620736,5036.336942,0.4312
2024-10-20T14:48:00+00:00,5014.627977,5036.336942,0.4310
2024-10-20T14:49:00+00:00,5014.719688,5036.336942,0.4292
2024-10-20T14:50:00+00:00,5007.549333,5036.336942,0.5716
2024-10-20T14:51:00+00:00,5006.287100,5036.336942,0.5967
2024-10-20T14:52:00+00:00,5008.678827,5036.336942,0.5492
2024-10-20T14:53:00+00:00,5007.303162,5036.336942,0.5765
2024-10-20T14:54:00+00:00,5003.897786,5036.336942,0.6441
2024-10-20T14:55:00+00:00,5004.057074,5036.336942,0.6409
2024-10-20T14:56:00+00:00,5004.057074,5036.336942,0.6409
2024-10-20T14:57:00+00:00,5004.327380,5036.336942,0.6356
2024-10-20T14:58:00+00:00,5007.667592,5036.336942,0.5693
2024-10-20T14:59:00+00:00,5009.509053,5036.336942,0.5327
2024-10-20T15:00:00+00:00,5009.530774,5036.336942,0.5323
2024-10-20T15:01:00+00:00,5010.421336,5036.336942,0.5146
2024-10-20T15:02:00+00:00,5010.549249,5036.336942,0.5120
2024-10-20T15:03:00+00:00,5007.327296,5036.336942,0.5760
2024-10-20T15:04:00+00:00,5004.658022,5036.336942,0.6290
2024-10-20T15:05:00+00:00,5005.114164,5036.336942,0.6200
2024-10-20T15:06:00+00:00,5003.255809,5036.336942,0.6568
2024-10-20T15:07:00+00:00,4996.377482,5036.336942,0.7934
2024-10-20T15:08:00+00:00,5004.293592,5036.336942,0.6362
2024-10-20T15:09:00+00:00,5004.346688,5036.336942,0.6352
2024-10-20T15:10:00+00:00,5003.644374,5036.336942,0.6491
2024-10-20T15:11:00+00:00,5005.816478,5036.336942,0.6060
2024-10-20T15:12:00+00:00,5007.636217,5036.336942,0.5699
2024-10-20T15:13:00+00:00,5007.921004,5036.336942,0.5642
2024-10-20T15:14:00+00:00,5005.121404,5036.336942,0.6198
2024-10-20T15:15:00+00:00,5005.121404,5036.336942,0.6198
2024-10-20T15:16:00+00:00,5011.360168,5036.336942,0.4959
2024-10-20T15:17:00+00:00,5011.196053,5036.336942,0.4992
2024-10-20T15:18:00+00:00,5008.237166,5036.336942,0.5579
2024-10-20T15:19:00+00:00,5002.942061,5036.336942,0.6631
2024-10-20T15:20:00+00:00,4996.466780,5036.336942,0.7917
2024-10-20T15:21:00+00:00,4982.852519,5036.336942,1.0620
2024-10-20T15:22:00+00:00,4978.822061,5036.336942,1.1420
2024-10-20T15:23:00+00:00,4984.949805,5036.336942,1.0203
2024-10-20T15:24:00+00:00,4985.850021,5036.336942,1.0025
2024-10-20T15:25:00+00:00,4985.104266,5036.336942,1.0173
2024-10-20T15:26:00+00:00,4992.231178,5036.336942,0.8758
2024-10-20T15:27:00+00:00,4993.288268,5036.336942,0.8548
2024-10-20T15:28:00+00:00,4993.288268,5036.336942,0.8548
2024-10-20T15:29:00+00:00,4995.240748,5036.336942,0.8160
2024-10-20T15:30:00+00:00,4995.240748,5036.336942,0.8160
2024-10-20T15:31:00+00:00,4987.911106,5036.336942,0.9615
2024-10-20T15:32:00+00:00,4993.177250,5036.336942,0.8570
2024-10-20T15:33:00+00:00,4991.125819,5036.336942,0.8977
2024-10-20T15:34:00+00:00,4991.125819,5036.336942,0.8977
2024-10-20T15:35:00+00:00,4992.967280,5036.336942,0.8611
2024-10-20T15:36:00+00:00,4999.589781,5036.336942,0.7296
2024-10-20T15:37:00+00:00,4999.589781,5036.336942,0.7296
2024-10-20T15:38:00+00:00,4995.428997,5036.336942,0.8123
2024-10-20T15:39:00+00:00,4995.880312,5036.336942,0.8033
2024-10-20T15:40:00+00:00,4997.292179,5036.336942,0.7753
2024-10-20T15:41:00+00:00,4994.383974,5036.336942,0.8330
2024-10-20T15:42:00+00:00,4993.068645,5036.336942,0.8591
2024-10-20T15:43:00+00:00,4991.268212,5036.336942,0.8949
2024-10-20T15:44:00+00:00,4990.447640,5036.336942,0.9112
2024-10-20T15:45:00+00:00,4988.241748,5036.336942,0.9550
2024-10-20T15:46:00+00:00,4992.124986,5036.336942,0.8779
2024-10-20T15:47:00+00:00,4994.825635,5036.336942,0.8242
2024-10-20T15:48:00+00:00,4994.272955,5036.336942,0.8352
2024-10-20T15:49:00+00:00,4994.272955,5036.336942,0.8352
2024-10-20T15:50:00+00:00,4992.861088,5036.336942,0.8632
2024-10-20T15:51:00+00:00,4991.333375,5036.336942,0.8936
2024-10-20T15:52:00+00:00,4995.453131,5036.336942,0.8118
2024-10-20T15:53:00+00:00,4997.707292,5036.336942,0.7670
2024-10-20T15:54:00+00:00,4997.707292,5036.336942,0.7670
2024-10-20T15:55:00+00:00,4995.503814,5036.336942,0.8108
2024-10-20T15:56:00+00:00,4995.848937,5036.336942,0.8039
2024-10-20T15:57:00+00:00,4997.492495,5036.336942,0.7713
2024-10-20T15:58:00+00:00,4996.295425,5036.336942,0.7951
2024-10-20T15:59:00+00:00,4993.684074,5036.336942,0.8469
2024-10-20T16:00:00+00:00,4993.684074,5036.336942,0.8469
2024-10-20T16:01:00+00:00,4993.684074,5036.336942,0.8469
2024-10-20T16:02:00+00:00,4994.437070,5036.336942,0.8320
2024-10-20T16:03:00+00:00,4995.228681,5036.336942,0.8162
2024-10-20T16:04:00+00:00,4996.447472,5036.336942,0.7920
2024-10-20T16:05:00+00:00,4998.583374,5036.336942,0.7496
2024-10-20T16:06:00+00:00,5002.058739,5036.336942,0.6806
2024-10-20T16:07:00+00:00,5007.035269,5036.336942,0.5818
2024-10-20T16:08:00+00:00,5008.097186,5036.336942,0.5607
2024-10-20T16:09:00+00:00,5009.101180,5036.336942,0.5408
2024-10-20T16:10:00+00:00,5008.978095,5036.336942,0.5432
2024-10-20T16:11:00+00:00,5009.422169,5036.336942,0.5344
2024-10-20T16:12:00+00:00,5009.422169,5036.336942,0.5344
2024-10-20T16:13:00+00:00,5016.913512,5036.336942,0.3857
2024-10-20T16:14:00+00:00,5012.813064,5036.336942,0.4671
2024-10-20T16:15:00+00:00,5012.644122,5036.336942,0.4704
2024-10-20T16:16:00+00:00,5012.810650,5036.336942,0.4671
2024-10-20T16:17:00+00:00,5012.810650,5036.336942,0.4671
2024-10-20T16:18:00+00:00,5006.598435,5036.336942,0.5905
2024-10-20T16:19:00+00:00,5007.696554,5036.336942,0.5687
2024-10-20T16:20:00+00:00,5006.530858,5036.336942,0.5918
2024-10-20T16:21:00+00:00,5008.302329,5036.336942,0.5566
2024-10-20T16:22:00+00:00,5012.113164,5036.336942,0.4810
2024-10-20T16:23:00+00:00,5009.470438,5036.336942,0.5335
2024-10-20T16:24:00+00:00,5010.085867,5036.336942,0.5212
2024-10-20T16:25:00+00:00,5007.549333,5036.336942,0.5716
2024-10-20T16:26:00+00:00,5003.130310,5036.336942,0.6593
2024-10-20T16:27:00+00:00,5003.130310,5036.336942,0.6593
2024-10-20T16:28:00+00:00,4995.482093,5036.336942,0.8112
2024-10-20T16:29:00+00:00,4995.877898,5036.336942,0.8033
2024-10-20T16:30:00+00:00,4997.019459,5036.336942,0.7807
2024-10-20T16:31:00+00:00,4998.764382,5036.336942,0.7460
2024-10-20T16:32:00+00:00,4999.044342,5036.336942,0.7405
2024-10-20T16:33:00+00:00,4999.044342,5036.336942,0.7405
2024-10-20T16:34:00+00:00,4999.044342,5036.336942,0.7405
2024-10-20T16:35:00+00:00,5001.696722,5036.336942,0.6878
2024-10-20T16:36:00+00:00,5005.181741,5036.336942,0.6186
2024-10-20T16:37:00+00:00,5005.094857,5036.336942,0.6203
2024-10-20T16:38:00+00:00,5003.946055,5036.336942,0.6431
2024-10-20T16:39:00+00:00,5003.946055,5036.336942,0.6431
2024-10-20T16:40:00+00:00,5002.722437,5036.336942,0.6674
2024-10-20T16:41:00+00:00,5002.724850,5036.336942,0.6674
2024-10-20T16:42:00+00:00,5002.724850,5036.336942,0.6674
2024-10-20T16:43:00+00:00,5006.960452,5036.336942,0.5833
2024-10-20T16:44:00+00:00,5006.960452,5036.336942,0.5833
2024-10-20T16:45:00+00:00,5006.960452,5036.336942,0.5833
2024-10-20T16:46:00+00:00,5006.960452,5036.336942,0.5833
2024-10-20T16:47:00+00:00,5005.582373,5036.336942,0.6107
2024-10-20T16:48:00+00:00,5003.666095,5036.336942,0.6487
2024-10-20T16:49:00+00:00,5003.999151,5036.336942,0.6421
2024-10-20T16:50:00+00:00,5013.689145,5036.336942,0.4497
2024-10-20T16:51:00+00:00,5012.581373,5036.336942,0.4717
2024-10-20T16:52:00+00:00,5012.581373,5036.336942,0.4717
2024-10-20T16:53:00+00:00,5012.581373,5036.336942,0.4717
2024-10-20T16:54:00+00:00,5015.979507,5036.336942,0.4042
2024-10-20T16:55:00+00:00,5013.597434,5036.336942,0.4515
2024-10-20T16:56:00+00:00,5025.297831,5036.336942,0.2192
2024-10-20T16:57:00+00:00,5027.013792,5036.336942,0.1851
2024-10-20T16:58:00+00:00,5025.715357,5036.336942,0.2109
2024-10-20T16:59:00+00:00,5024.351759,5036.336942,0.2380
2024-10-20T17:00:00+00:00,5031.683814,5036.336942,0.0924
2024-10-20T17:01:00+00:00,5036.117318,5036.336942,0.0044
2024-10-20T17:02:00+00:00,5030.315389,5036.336942,0.1196
2024-10-20T17:03:00+00:00,5030.522946,5036.336942,0.1154
2024-10-20T17:04:00+00:00,5039.602337,5039.602337,0.0000
2024-10-20T17:05:00+00:00,5034.003138,5039.602337,0.1111
2024-10-20T17:06:00+00:00,5034.003138,5039.602337,0.1111
2024-10-20T17:07:00+00:00,5054.601917,5054.601917,0.0000
2024-10-20T17:08:00+00:00,5055.550402,5055.550402,0.0000
2024-10-20T17:09:00+00:00,5063.497887,5063.497887,0.0000
2024-10-20T17:10:00+00:00,5058.495030,5063.497887,0.0988
2024-10-20T17:15:00+00:00,5058.495030,5063.497887,0.0988
2024-10-20T17:30:00+00:00,5058.495030,5063.497887,0.0988
2024-10-20T17:45:00+00:00,5058.495030,5063.497887,0.0988
2024-10-20T18:00:00+00:00,5058.495030,5063.497887,0.0988
2024-10-20T18:15:00+00:00,5058.495030,5063.497887,0.0988
2024-10-20T18:30:00+00:00,5058.495030,5063.497887,0.0988
2024-10-20T18:45:00+00:00,5058.495030,5063.497887,0.0988
2024-10-20T19:00:00+00:00,5058.495030,5063.497887,0.0988
2024-10-20T19:15:00+00:00,5058.495030,5063.497887,0.0988
2024-10-20T19:30:00+00:00,5058.495030,5063.497887,0.0988
2024-10-20T19:45:00+00:00,5058.495030,5063.497887,0.0988
2024-10-20T20:00:00+00:00,5058.495030,5063.497887,0.0988
2024-10-20T20:15:00+00:00,5058.495030,5063.497887,0.0988
2024-10-20T20:30:00+00:00,5058.495030,5063.497887,0.0988
2024-10-20T20:45:00+00:00,5058.495030,5063.497887,0.0988
2024-10-20T21:00:00+00:00,5058.495030,5063.497887,0.0988
2024-10-20T21:15:00+00:00,5058.495030,5063.497887,0.0988
2024-10-20T21:30:00+00:00,5058.495030,5063.497887,0.0988
2024-10-20T21:45:00+00:00,5058.495030,5063.497887,0.0988
2024-10-20T22:00:00+00:00,5058.495030,5063.497887,0.0988
2024-10-20T22:15:00+00:00,5058.495030,5063.497887,0.0988
2024-10-20T22:30:00+00:00,5058.495030,5063.497887,0.0988
2024-10-20T22:45:00+00:00,5058.495030,5063.497887,0.0988
2024-10-20T23:00:00+00:00,5058.495030,5063.497887,0.0988
2024-10-20T23:15:00+00:00,5058.495030,5063.497887,0.0988
2024-10-20T23:30:00+00:00,5058.495030,5063.497887,0.0988
2024-10-20T23:45:00+00:00,5058.495030,5063.497887,0.0988
2024-10-21T00:00:00+00:00,5058.495030,5063.497887,0.0988
2024-10-21T00:15:00+00:00,5058.495030,5063.497887,0.0988
2024-10-21T00:30:00+00:00,5058.495030,5063.497887,0.0988
2024-10-21T00:45:00+00:00,5058.495030,5063.497887,0.0988
2024-10-21T01:00:00+00:00,5058.495030,5063.497887,0.0988
2024-10-21T01:15:00+00:00,5058.495030,5063.497887,0.0988
2024-10-21T01:30:00+00:00,5058.495030,5063.497887,0.0988
2024-10-21T01:45:00+00:00,5058.495030,5063.497887,0.0988
2024-10-21T02:00:00+00:00,5058.495030,5063.497887,0.0988
2024-10-21T02:15:00+00:00,5058.495030,5063.497887,0.0988
2024-10-21T02:30:00+00:00,5058.495030,5063.497887,0.0988
2024-10-21T02:45:00+00:00,5058.495030,5063.497887,0.0988
2024-10-21T03:00:00+00:00,5058.495030,5063.497887,0.0988
2024-10-21T03:15:00+00:00,5058.495030,5063.497887,0.0988
2024-10-21T03:30:00+00:00,5058.495030,5063.497887,0.0988
2024-10-21T03:45:00+00:00,5058.495030,5063.497887,0.0988
2024-10-21T04:00:00+00:00,5058.495030,5063.497887,0.0988
2024-10-21T04:15:00+00:00,5058.495030,5063.497887,0.0988
2024-10-21T04:30:00+00:00,5058.495030,5063.497887,0.0988
2024-10-21T04:45:00+00:00,5058.495030,5063.497887,0.0988
2024-10-21T05:00:00+00:00,5058.495030,5063.497887,0.0988
2024-10-21T05:15:00+00:00,5058.495030,5063.497887,0.0988
2024-10-21T05:30:00+00:00,5058.495030,5063.497887,0.0988
2024-10-21T05:45:00+00:00,5058.495030,5063.497887,0.0988
2024-10-21T06:00:00+00:00,5058.495030,5063.497887,0.0988
2024-10-21T06:15:00+00:00,5058.495030,5063.497887,0.0988
2024-10-21T06:30:00+00:00,5058.495030,5063.497887,0.0988
2024-10-21T06:45:00+00:00,5058.495030,5063.497887,0.0988
2024-10-21T07:00:00+00:00,5058.495030,5063.497887,0.0988
2024-10-21T07:15:00+00:00,5058.495030,5063.497887,0.0988
2024-10-21T07:30:00+00:00,5058.495030,5063.497887,0.0988
2024-10-21T07:45:00+00:00,5058.495030,5063.497887,0.0988
2024-10-21T08:00:00+00:00,5058.495030,5063.497887,0.0988
2024-10-21T08:15:00+00:00,5058.495030,5063.497887,0.0988
2024-10-21T08:30:00+00:00,5058.495030,5063.497887,0.0988
2024-10-21T08:45:00+00:00,5058.495030,5063.497887,0.0988
2024-10-21T09:00:00+00:00,5058.495030,5063.497887,0.0988
2024-10-21T09:15:00+00:00,5058.495030,5063.497887,0.0988
2024-10-21T09:30:00+00:00,5058.495030,5063.497887,0.0988
2024-10-21T09:45:00+00:00,5058.495030,5063.497887,0.0988
2024-10-21T10:00:00+00:00,5058.495030,5063.497887,0.0988
2024-10-21T10:15:00+00:00,5058.495030,5063.497887,0.0988
2024-10-21T10:30:00+00:00,5058.495030,5063.497887,0.0988
2024-10-21T10:45:00+00:00,5058.495030,5063.497887,0.0988
2024-10-21T11:00:00+00:00,5058.495030,5063.497887,0.0988
2024-10-21T11:15:00+00:00,5058.495030,5063.497887,0.0988
2024-10-21T11:30:00+00:00,5058.495030,5063.497887,0.0988
2024-10-21T11:45:00+00:00,5058.495030,5063.497887,0.0988
2024-10-21T12:00:00+00:00,5058.495030,5063.497887,0.0988
2024-10-21T12:15:00+00:00,5058.495030,5063.497887,0.0988
2024-10-21T12:30:00+00:00,5058.495030,5063.497887,0.0988
2024-10-21T12:45:00+00:00,5058.495030,5063.497887,0.0988
2024-10-21T13:00:00+00:00,5058.495030,5063.497887,0.0988
2024-10-21T13:15:00+00:00,5058.495030,5063.497887,0.0988
2024-10-21T13:30:00+00:00,5058.495030,5063.497887,0.0988
2024-10-21T13:45:00+00:00,5058.495030,5063.497887,0.0988
2024-10-21T14:00:00+00:00,5058.495030,5063.497887,0.0988
2024-10-21T14:15:00+00:00,5058.495030,5063.497887,0.0988
2024-10-21T14:30:00+00:00,5058.495030,5063.497887,0.0988
2024-10-21T14:45:00+00:00,5058.495030,5063.497887,0.0988
2024-10-21T15:00:00+00:00,5058.495030,5063.497887,0.0988
2024-10-21T15:15:00+00:00,5058.495030,5063.497887,0.0988
2024-10-21T15:30:00+00:00,5058.495030,5063.497887,0.0988
2024-10-21T15:45:00+00:00,5058.495030,5063.497887,0.0988
2024-10-21T16:00:00+00:00,5058.495030,5063.497887,0.0988
2024-10-21T16:15:00+00:00,5058.495030,5063.497887,0.0988
2024-10-21T16:30:00+00:00,5058.495030,5063.497887,0.0988
2024-10-21T16:45:00+00:00,5058.495030,5063.497887,0.0988
2024-10-21T17:00:00+00:00,5058.495030,5063.497887,0.0988
2024-10-21T17:15:00+00:00,5058.495030,5063.497887,0.0988
2024-10-21T17:30:00+00:00,5058.495030,5063.497887,0.0988
2024-10-21T17:45:00+00:00,5058.495030,5063.497887,0.0988
2024-10-21T18:00:00+00:00,5058.495030,5063.497887,0.0988
2024-10-21T18:15:00+00:00,5058.495030,5063.497887,0.0988
2024-10-21T18:30:00+00:00,5058.495030,5063.497887,0.0988
2024-10-21T18:45:00+00:00,5058.495030,5063.497887,0.0988
2024-10-21T19:00:00+00:00,5058.495030,5063.497887,0.0988
2024-10-21T19:15:00+00:00,5058.495030,5063.497887,0.0988
2024-10-21T19:30:00+00:00,5058.495030,5063.497887,0.0988
2024-10-21T19:45:00+00:00,5058.495030,5063.497887,0.0988
2024-10-21T20:00:00+00:00,5058.495030,5063.497887,0.0988
2024-10-21T20:15:00+00:00,5058.495030,5063.497887,0.0988
2024-10-21T20:30:00+00:00,5058.495030,5063.497887,0.0988
2024-10-21T20:45:00+00:00,5058.495030,5063.497887,0.0988
2024-10-21T21:00:00+00:00,5058.495030,5063.497887,0.0988
2024-10-21T21:15:00+00:00,5058.495030,5063.497887,0.0988
2024-10-21T21:30:00+00:00,5058.495030,5063.497887,0.0988
2024-10-21T21:45:00+00:00,5058.495030,5063.497887,0.0988
2024-10-21T22:00:00+00:00,5058.495030,5063.497887,0.0988
2024-10-21T22:15:00+00:00,5058.495030,5063.497887,0.0988
2024-10-21T22:30:00+00:00,5058.495030,5063.497887,0.0988
2024-10-21T22:45:00+00:00,5058.495030,5063.497887,0.0988
2024-10-21T23:00:00+00:00,5058.495030,5063.497887,0.0988
2024-10-21T23:15:00+00:00,5058.495030,5063.497887,0.0988
2024-10-21T23:30:00+00:00,5058.495030,5063.497887,0.0988
2024-10-21T23:45:00+00:00,5058.495030,5063.497887,0.0988
2024-10-22T00:00:00+00:00,5058.495030,5063.497887,0.0988
2024-10-22T00:15:00+00:00,5058.495030,5063.497887,0.0988
2024-10-22T00:30:00+00:00,5058.495030,5063.497887,0.0988
2024-10-22T00:45:00+00:00,5058.495030,5063.497887,0.0988
2024-10-22T01:00:00+00:00,5058.495030,5063.497887,0.0988
2024-10-22T01:15:00+00:00,5058.495030,5063.497887,0.0988
2024-10-22T01:30:00+00:00,5058.495030,5063.497887,0.0988
2024-10-22T01:45:00+00:00,5058.495030,5063.497887,0.0988
2024-10-22T02:00:00+00:00,5058.495030,5063.497887,0.0988
2024-10-22T02:15:00+00:00,5058.495030,5063.497887,0.0988
2024-10-22T02:30:00+00:00,5058.495030,5063.497887,0.0988
2024-10-22T02:45:00+00:00,5058.495030,5063.497887,0.0988
2024-10-22T03:00:00+00:00,5058.495030,5063.497887,0.0988
2024-10-22T03:15:00+00:00,5058.495030,5063.497887,0.0988
2024-10-22T03:30:00+00:00,5058.495030,5063.497887,0.0988
2024-10-22T03:45:00+00:00,5058.495030,5063.497887,0.0988
2024-10-22T04:00:00+00:00,5058.495030,5063.497887,0.0988
2024-10-22T04:15:00+00:00,5058.495030,5063.497887,0.0988
2024-10-22T04:30:00+00:00,5058.495030,5063.497887,0.0988
2024-10-22T04:45:00+00:00,5058.495030,5063.497887,0.0988
2024-10-22T05:00:00+00:00,5058.495030,5063.497887,0.0988
2024-10-22T05:15:00+00:00,5058.495030,5063.497887,0.0988
2024-10-22T05:30:00+00:00,5058.495030,5063.497887,0.0988
2024-10-22T05:45:00+00:00,5058.495030,5063.497887,0.0988
2024-10-22T06:00:00+00:00,5058.495030,5063.497887,0.0988
2024-10-22T06:15:00+00:00,5058.495030,5063.497887,0.0988
2024-10-22T06:30:00+00:00,5058.495030,5063.497887,0.0988
2024-10-22T06:45:00+00:00,5058.495030,5063.497887,0.0988
2024-10-22T07:00:00+00:00,5058.495030,5063.497887,0.0988
2024-10-22T07:15:00+00:00,5058.495030,5063.497887,0.0988
2024-10-22T07:30:00+00:00,5058.495030,5063.497887,0.0988
2024-10-22T07:45:00+00:00,5058.495030,5063.497887,0.0988
2024-10-22T08:00:00+00:00,5058.495030,5063.497887,0.0988
2024-10-22T08:15:00+00:00,5058.495030,5063.497887,0.0988
2024-10-22T08:30:00+00:00,5058.495030,5063.497887,0.0988
2024-10-22T08:45:00+00:00,5058.495030,5063.497887,0.0988
2024-10-22T09:00:00+00:00,5058.495030,5063.497887,0.0988
2024-10-22T09:15:00+00:00,5058.495030,5063.497887,0.0988
2024-10-22T09:30:00+00:00,5058.495030,5063.497887,0.0988
2024-10-22T09:45:00+00:00,5058.495030,5063.497887,0.0988
2024-10-22T10:00:00+00:00,5058.495030,5063.497887,0.0988
2024-10-22T10:15:00+00:00,5058.495030,5063.497887,0.0988
2024-10-22T10:30:00+00:00,5058.495030,5063.497887,0.0988
2024-10-22T10:45:00+00:00,5058.495030,5063.497887,0.0988
2024-10-22T11:00:00+00:00,5058.495030,5063.497887,0.0988
2024-10-22T11:15:00+00:00,5058.495030,5063.497887,0.0988
2024-10-22T11:30:00+00:00,5058.495030,5063.497887,0.0988
2024-10-22T11:45:00+00:00,5058.495030,5063.497887,0.0988
2024-10-22T12:00:00+00:00,5058.495030,5063.497887,0.0988
2024-10-22T12:15:00+00:00,5058.495030,5063.497887,0.0988
2024-10-22T12:30:00+00:00,5058.495030,5063.497887,0.0988
2024-10-22T12:45:00+00:00,5058.495030,5063.497887,0.0988
2024-10-22T13:00:00+00:00,5058.495030,5063.497887,0.0988
2024-10-22T13:15:00+00:00,5058.495030,5063.497887,0.0988
2024-10-22T13:30:00+00:00,5058.495030,5063.497887,0.0988
2024-10-22T13:45:00+00:00,5058.495030,5063.497887,0.0988
2024-10-22T14:00:00+00:00,5058.495030,5063.497887,0.0988
2024-10-22T14:15:00+00:00,5058.495030,5063.497887,0.0988
2024-10-22T14:30:00+00:00,5058.495030,5063.497887,0.0988
2024-10-22T14:45:00+00:00,5058.495030,5063.497887,0.0988
2024-10-22T15:00:00+00:00,5058.495030,5063.497887,0.0988
2024-10-22T15:15:00+00:00,5058.495030,5063.497887,0.0988
2024-10-22T15:30:00+00:00,5058.495030,5063.497887,0.0988
2024-10-22T15:45:00+00:00,5058.495030,5063.497887,0.0988
2024-10-22T16:00:00+00:00,5058.495030,5063.497887,0.0988
2024-10-22T16:15:00+00:00,5058.495030,5063.497887,0.0988
2024-10-22T16:30:00+00:00,5058.495030,5063.497887,0.0988
2024-10-22T16:45:00+00:00,5058.495030,5063.497887,0.0988
2024-10-22T17:00:00+00:00,5058.495030,5063.497887,0.0988
2024-10-22T17:15:00+00:00,5058.495030,5063.497887,0.0988
2024-10-22T17:30:00+00:00,5058.495030,5063.497887,0.0988
2024-10-22T17:45:00+00:00,5058.495030,5063.497887,0.0988
2024-10-22T18:00:00+00:00,5058.495030,5063.497887,0.0988
2024-10-22T18:15:00+00:00,5058.495030,5063.497887,0.0988
2024-10-22T18:30:00+00:00,5058.495030,5063.497887,0.0988
2024-10-22T18:45:00+00:00,5058.495030,5063.497887,0.0988
2024-10-22T19:00:00+00:00,5058.495030,5063.497887,0.0988
2024-10-22T19:15:00+00:00,5058.495030,5063.497887,0.0988
2024-10-22T19:30:00+00:00,5058.495030,5063.497887,0.0988
2024-10-22T19:45:00+00:00,5058.495030,5063.497887,0.0988
2024-10-22T20:00:00+00:00,5058.495030,5063.497887,0.0988
2024-10-22T20:15:00+00:00,5058.495030,5063.497887,0.0988
2024-10-22T20:30:00+00:00,5058.495030,5063.497887,0.0988
2024-10-22T20:45:00+00:00,5058.495030,5063.497887,0.0988
2024-10-22T21:00:00+00:00,5058.495030,5063.497887,0.0988
2024-10-22T21:15:00+00:00,5058.495030,5063.497887,0.0988
2024-10-22T21:30:00+00:00,5058.495030,5063.497887,0.0988
2024-10-22T21:45:00+00:00,5058.495030,5063.497887,0.0988
2024-10-22T22:00:00+00:00,5058.495030,5063.497887,0.0988
2024-10-22T22:15:00+00:00,5058.495030,5063.497887,0.0988
2024-10-22T22:30:00+00:00,5058.495030,5063.497887,0.0988
2024-10-22T22:45:00+00:00,5058.495030,5063.497887,0.0988
2024-10-22T23:00:00+00:00,5058.495030,5063.497887,0.0988
2024-10-22T23:15:00+00:00,5058.495030,5063.497887,0.0988
2024-10-22T23:30:00+00:00,5058.495030,5063.497887,0.0988
2024-10-22T23:45:00+00:00,5058.495030,5063.497887,0.0988
2024-10-23T00:00:00+00:00,5058.495030,5063.497887,0.0988
2024-10-23T00:15:00+00:00,5058.495030,5063.497887,0.0988
2024-10-23T00:30:00+00:00,5058.495030,5063.497887,0.0988
2024-10-23T00:45:00+00:00,5058.495030,5063.497887,0.0988
2024-10-23T01:00:00+00:00,5058.495030,5063.497887,0.0988
2024-10-23T01:15:00+00:00,5058.495030,5063.497887,0.0988
2024-10-23T01:30:00+00:00,5058.495030,5063.497887,0.0988
2024-10-23T01:45:00+00:00,5058.495030,5063.497887,0.0988
2024-10-23T02:00:00+00:00,5058.495030,5063.497887,0.0988
2024-10-23T02:15:00+00:00,5058.495030,5063.497887,0.0988
2024-10-23T02:30:00+00:00,5058.495030,5063.497887,0.0988
2024-10-23T02:45:00+00:00,5058.495030,5063.497887,0.0988
2024-10-23T03:00:00+00:00,5058.495030,5063.497887,0.0988
2024-10-23T03:15:00+00:00,5058.495030,5063.497887,0.0988
2024-10-23T03:30:00+00:00,5058.495030,5063.497887,0.0988
2024-10-23T03:45:00+00:00,5058.495030,5063.497887,0.0988
2024-10-23T04:00:00+00:00,5058.495030,5063.497887,0.0988
2024-10-23T04:15:00+00:00,5058.495030,5063.497887,0.0988
2024-10-23T04:30:00+00:00,5058.495030,5063.497887,0.0988
2024-10-23T04:45:00+00:00,5058.495030,5063.497887,0.0988
2024-10-23T05:00:00+00:00,5058.495030,5063.497887,0.0988
2024-10-23T05:15:00+00:00,5058.495030,5063.497887,0.0988
2024-10-23T05:30:00+00:00,5058.495030,5063.497887,0.0988
2024-10-23T05:45:00+00:00,5058.495030,5063.497887,0.0988
2024-10-23T06:00:00+00:00,5058.495030,5063.497887,0.0988
2024-10-23T06:15:00+00:00,5058.495030,5063.497887,0.0988
2024-10-23T06:30:00+00:00,5058.495030,5063.497887,0.0988
2024-10-23T06:45:00+00:00,5058.495030,5063.497887,0.0988
2024-10-23T07:00:00+00:00,5058.495030,5063.497887,0.0988
2024-10-23T07:15:00+00:00,5058.495030,5063.497887,0.0988
2024-10-23T07:30:00+00:00,5058.495030,5063.497887,0.0988
2024-10-23T07:45:00+00:00,5058.495030,5063.497887,0.0988
2024-10-23T08:00:00+00:00,5058.495030,5063.497887,0.0988
2024-10-23T08:15:00+00:00,5058.495030,5063.497887,0.0988
2024-10-23T08:30:00+00:00,5058.495030,5063.497887,0.0988
2024-10-23T08:45:00+00:00,5058.495030,5063.497887,0.0988
2024-10-23T09:00:00+00:00,5058.495030,5063.497887,0.0988
2024-10-23T09:15:00+00:00,5058.495030,5063.497887,0.0988
2024-10-23T09:30:00+00:00,5058.495030,5063.497887,0.0988
2024-10-23T09:45:00+00:00,5058.495030,5063.497887,0.0988
2024-10-23T10:00:00+00:00,5058.495030,5063.497887,0.0988
2024-10-23T10:15:00+00:00,5058.495030,5063.497887,0.0988
2024-10-23T10:30:00+00:00,5058.495030,5063.497887,0.0988
2024-10-23T10:45:00+00:00,5058.495030,5063.497887,0.0988
2024-10-23T11:00:00+00:00,5058.495030,5063.497887,0.0988
2024-10-23T11:15:00+00:00,5058.495030,5063.497887,0.0988
2024-10-23T11:30:00+00:00,5058.495030,5063.497887,0.0988
2024-10-23T11:45:00+00:00,5058.495030,5063.497887,0.0988
2024-10-23T12:00:00+00:00,5058.495030,5063.497887,0.0988
2024-10-23T12:15:00+00:00,5058.495030,5063.497887,0.0988
2024-10-23T12:30:00+00:00,5058.495030,5063.497887,0.0988
2024-10-23T12:45:00+00:00,5058.495030,5063.497887,0.0988
2024-10-23T13:00:00+00:00,5058.495030,5063.497887,0.0988
2024-10-23T13:15:00+00:00,5058.495030,5063.497887,0.0988
2024-10-23T13:30:00+00:00,5058.495030,5063.497887,0.0988
2024-10-23T13:45:00+00:00,5058.495030,5063.497887,0.0988
2024-10-23T14:00:00+00:00,5058.495030,5063.497887,0.0988
2024-10-23T14:15:00+00:00,5058.495030,5063.497887,0.0988
2024-10-23T14:30:00+00:00,5058.495030,5063.497887,0.0988
2024-10-23T14:45:00+00:00,5058.495030,5063.497887,0.0988
2024-10-23T15:00:00+00:00,5058.495030,5063.497887,0.0988
2024-10-23T15:15:00+00:00,5058.495030,5063.497887,0.0988
2024-10-23T15:30:00+00:00,5058.495030,5063.497887,0.0988
2024-10-23T15:45:00+00:00,5058.495030,5063.497887,0.0988
2024-10-23T16:00:00+00:00,5058.495030,5063.497887,0.0988
2024-10-23T16:15:00+00:00,5058.495030,5063.497887,0.0988
2024-10-23T16:30:00+00:00,5058.495030,5063.497887,0.0988
2024-10-23T16:45:00+00:00,5058.495030,5063.497887,0.0988
2024-10-23T17:00:00+00:00,5058.495030,5063.497887,0.0988
2024-10-23T17:15:00+00:00,5058.495030,5063.497887,0.0988
2024-10-23T17:30:00+00:00,5058.495030,5063.497887,0.0988
2024-10-23T17:45:00+00:00,5058.495030,5063.497887,0.0988
2024-10-23T18:00:00+00:00,5058.495030,5063.497887,0.0988
2024-10-23T18:15:00+00:00,5058.495030,5063.497887,0.0988
2024-10-23T18:30:00+00:00,5058.495030,5063.497887,0.0988
2024-10-23T18:45:00+00:00,5058.495030,5063.497887,0.0988
2024-10-23T19:00:00+00:00,5058.495030,5063.497887,0.0988
2024-10-23T19:15:00+00:00,5058.495030,5063.497887,0.0988
2024-10-23T19:30:00+00:00,5058.495030,5063.497887,0.0988
2024-10-23T19:45:00+00:00,5058.495030,5063.497887,0.0988
2024-10-23T20:00:00+00:00,5058.495030,5063.497887,0.0988
2024-10-23T20:15:00+00:00,5058.495030,5063.497887,0.0988
2024-10-23T20:30:00+00:00,5058.495030,5063.497887,0.0988
2024-10-23T20:45:00+00:00,5058.495030,5063.497887,0.0988
2024-10-23T21:00:00+00:00,5058.495030,5063.497887,0.0988
2024-10-23T21:15:00+00:00,5058.495030,5063.497887,0.0988
2024-10-23T21:30:00+00:00,5058.495030,5063.497887,0.0988
2024-10-23T21:45:00+00:00,5058.495030,5063.497887,0.0988
2024-10-23T22:00:00+00:00,5058.495030,5063.497887,0.0988
2024-10-23T22:15:00+00:00,5058.495030,5063.497887,0.0988
2024-10-23T22:30:00+00:00,5058.495030,5063.497887,0.0988
2024-10-23T22:45:00+00:00,5058.495030,5063.497887,0.0988
2024-10-23T23:00:00+00:00,5058.495030,5063.497887,0.0988
2024-10-23T23:15:00+00:00,5058.495030,5063.497887,0.0988
2024-10-23T23:30:00+00:00,5058.495030,5063.497887,0.0988
2024-10-23T23:45:00+00:00,5058.495030,5063.497887,0.0988
2024-10-24T00:00:00+00:00,5058.495030,5063.497887,0.0988
2024-10-24T00:15:00+00:00,5058.495030,5063.497887,0.0988
2024-10-24T00:30:00+00:00,5058.495030,5063.497887,0.0988
2024-10-24T00:45:00+00:00,5058.495030,5063.497887,0.0988
2024-10-24T01:00:00+00:00,5058.495030,5063.497887,0.0988
2024-10-24T01:15:00+00:00,5058.495030,5063.497887,0.0988
2024-10-24T01:30:00+00:00,5058.495030,5063.497887,0.0988
2024-10-24T01:45:00+00:00,5058.495030,5063.497887,0.0988
2024-10-24T02:00:00+00:00,5058.495030,5063.497887,0.0988
2024-10-24T02:15:00+00:00,5058.495030,5063.497887,0.0988
2024-10-24T02:30:00+00:00,5058.495030,5063.497887,0.0988
2024-10-24T02:45:00+00:00,5058.495030,5063.497887,0.0988
2024-10-24T03:00:00+00:00,5058.495030,5063.497887,0.0988
2024-10-24T03:15:00+00:00,5058.495030,5063.497887,0.0988
2024-10-24T03:30:00+00:00,5058.495030,5063.497887,0.0988
2024-10-24T03:45:00+00:00,5058.495030,5063.497887,0.0988
2024-10-24T04:00:00+00:00,5058.495030,5063.497887,0.0988
2024-10-24T04:15:00+00:00,5058.495030,5063.497887,0.0988
2024-10-24T04:30:00+00:00,5058.495030,5063.497887,0.0988
2024-10-24T04:45:00+00:00,5058.495030,5063.497887,0.0988
2024-10-24T05:00:00+00:00,5058.495030,5063.497887,0.0988
2024-10-24T05:15:00+00:00,5058.495030,5063.497887,0.0988
2024-10-24T05:30:00+00:00,5058.495030,5063.497887,0.0988
2024-10-24T05:45:00+00:00,5058.495030,5063.497887,0.0988
2024-10-24T06:00:00+00:00,5058.495030,5063.497887,0.0988
2024-10-24T06:15:00+00:00,5058.495030,5063.497887,0.0988
2024-10-24T06:30:00+00:00,5058.495030,5063.497887,0.0988
2024-10-24T06:45:00+00:00,5058.495030,5063.497887,0.0988
2024-10-24T07:00:00+00:00,5058.495030,5063.497887,0.0988
2024-10-24T07:15:00+00:00,5058.495030,5063.497887,0.0988
2024-10-24T07:30:00+00:00,5058.495030,5063.497887,0.0988
2024-10-24T07:45:00+00:00,5058.495030,5063.497887,0.0988
2024-10-24T08:00:00+00:00,5058.495030,5063.497887,0.0988
2024-10-24T08:15:00+00:00,5058.495030,5063.497887,0.0988
2024-10-24T08:30:00+00:00,5058.495030,5063.497887,0.0988
2024-10-24T08:45:00+00:00,5058.495030,5063.497887,0.0988
2024-10-24T09:00:00+00:00,5058.495030,5063.497887,0.0988
2024-10-24T09:15:00+00:00,5058.495030,5063.497887,0.0988
2024-10-24T09:30:00+00:00,5058.495030,5063.497887,0.0988
2024-10-24T09:45:00+00:00,5058.495030,5063.497887,0.0988
2024-10-24T10:00:00+00:00,5058.495030,5063.497887,0.0988
2024-10-24T10:15:00+00:00,5058.495030,5063.497887,0.0988
2024-10-24T10:30:00+00:00,5058.495030,5063.497887,0.0988
2024-10-24T10:45:00+00:00,5058.495030,5063.497887,0.0988
2024-10-24T11:00:00+00:00,5058.495030,5063.497887,0.0988
2024-10-24T11:15:00+00:00,5058.495030,5063.497887,0.0988
2024-10-24T11:30:00+00:00,5058.495030,5063.497887,0.0988
2024-10-24T11:45:00+00:00,5058.495030,5063.497887,0.0988
2024-10-24T12:00:00+00:00,5058.495030,5063.497887,0.0988
2024-10-24T12:15:00+00:00,5058.495030,5063.497887,0.0988
2024-10-24T12:30:00+00:00,5058.495030,5063.497887,0.0988
2024-10-24T12:45:00+00:00,5058.495030,5063.497887,0.0988
2024-10-24T13:00:00+00:00,5058.495030,5063.497887,0.0988
2024-10-24T13:15:00+00:00,5058.495030,5063.497887,0.0988
2024-10-24T13:30:00+00:00,5058.495030,5063.497887,0.0988
2024-10-24T13:45:00+00:00,5058.495030,5063.497887,0.0988
2024-10-24T14:00:00+00:00,5058.495030,5063.497887,0.0988
2024-10-24T14:15:00+00:00,5058.495030,5063.497887,0.0988
2024-10-24T14:30:00+00:00,5058.495030,5063.497887,0.0988
2024-10-24T14:45:00+00:00,5058.495030,5063.497887,0.0988
2024-10-24T15:00:00+00:00,5058.495030,5063.497887,0.0988
2024-10-24T15:15:00+00:00,5058.495030,5063.497887,0.0988
2024-10-24T15:30:00+00:00,5058.495030,5063.497887,0.0988
2024-10-24T15:45:00+00:00,5058.495030,5063.497887,0.0988
2024-10-24T16:00:00+00:00,5058.495030,5063.497887,0.0988
2024-10-24T16:15:00+00:00,5058.495030,5063.497887,0.0988
2024-10-24T16:30:00+00:00,5058.495030,5063.497887,0.0988
2024-10-24T16:45:00+00:00,5058.495030,5063.497887,0.0988
2024-10-24T17:00:00+00:00,5058.495030,5063.497887,0.0988
2024-10-24T17:15:00+00:00,5058.495030,5063.497887,0.0988
2024-10-24T17:30:00+00:00,5058.495030,5063.497887,0.0988
2024-10-24T17:45:00+00:00,5058.495030,5063.497887,0.0988
2024-10-24T18:00:00+00:00,5058.495030,5063.497887,0.0988
2024-10-24T18:15:00+00:00,5058.495030,5063.497887,0.0988
2024-10-24T18:30:00+00:00,5058.495030,5063.497887,0.0988
2024-10-24T18:45:00+00:00,5058.495030,5063.497887,0.0988
2024-10-24T19:00:00+00:00,5058.495030,5063.497887,0.0988
2024-10-24T19:15:00+00:00,5058.495030,5063.497887,0.0988
2024-10-24T19:30:00+00:00,5058.495030,5063.497887,0.0988
2024-10-24T19:45:00+00:00,5058.495030,5063.497887,0.0988
2024-10-24T20:00:00+00:00,5058.495030,5063.497887,0.0988
2024-10-24T20:15:00+00:00,5058.495030,5063.497887,0.0988
2024-10-24T20:30:00+00:00,5058.495030,5063.497887,0.0988
2024-10-24T20:45:00+00:00,5058.495030,5063.497887,0.0988
2024-10-24T21:00:00+00:00,5058.495030,5063.497887,0.0988
2024-10-24T21:15:00+00:00,5058.495030,5063.497887,0.0988
2024-10-24T21:30:00+00:00,5058.495030,5063.497887,0.0988
2024-10-24T21:45:00+00:00,5058.495030,5063.497887,0.0988
2024-10-24T22:00:00+00:00,5058.495030,5063.497887,0.0988
2024-10-24T22:15:00+00:00,5058.495030,5063.497887,0.0988
2024-10-24T22:30:00+00:00,5058.495030,5063.497887,0.0988
2024-10-24T22:45:00+00:00,5058.495030,5063.497887,0.0988
2024-10-24T23:00:00+00:00,5058.495030,5063.497887,0.0988
2024-10-24T23:15:00+00:00,5058.495030,5063.497887,0.0988
2024-10-24T23:30:00+00:00,5058.495030,5063.497887,0.0988
2024-10-24T23:45:00+00:00,5058.495030,5063.497887,0.0988
2024-10-25T00:00:00+00:00,5058.495030,5063.497887,0.0988
2024-10-25T00:15:00+00:00,5058.495030,5063.497887,0.0988
2024-10-25T00:30:00+00:00,5058.495030,5063.497887,0.0988
2024-10-25T00:45:00+00:00,5058.495030,5063.497887,0.0988
2024-10-25T01:00:00+00:00,5058.495030,5063.497887,0.0988
2024-10-25T01:15:00+00:00,5058.495030,5063.497887,0.0988
2024-10-25T01:30:00+00:00,5058.495030,5063.497887,0.0988
2024-10-25T01:45:00+00:00,5058.495030,5063.497887,0.0988
2024-10-25T02:00:00+00:00,5058.495030,5063.497887,0.0988
2024-10-25T02:15:00+00:00,5058.495030,5063.497887,0.0988
2024-10-25T02:30:00+00:00,5058.495030,5063.497887,0.0988
2024-10-25T02:45:00+00:00,5058.495030,5063.497887,0.0988
2024-10-25T03:00:00+00:00,5058.495030,5063.497887,0.0988
2024-10-25T03:15:00+00:00,5058.495030,5063.497887,0.0988
2024-10-25T03:30:00+00:00,5058.495030,5063.497887,0.0988
2024-10-25T03:45:00+00:00,5058.495030,5063.497887,0.0988
2024-10-25T04:00:00+00:00,5058.495030,5063.497887,0.0988
2024-10-25T04:15:00+00:00,5058.495030,5063.497887,0.0988
2024-10-25T04:30:00+00:00,5058.495030,5063.497887,0.0988
2024-10-25T04:45:00+00:00,5058.495030,5063.497887,0.0988
2024-10-25T05:00:00+00:00,5058.495030,5063.497887,0.0988
2024-10-25T05:15:00+00:00,5058.495030,5063.497887,0.0988
2024-10-25T05:30:00+00:00,5058.495030,5063.497887,0.0988
2024-10-25T05:45:00+00:00,5058.495030,5063.497887,0.0988
2024-10-25T06:00:00+00:00,5058.495030,5063.497887,0.0988
2024-10-25T06:15:00+00:00,5058.495030,5063.497887,0.0988
2024-10-25T06:30:00+00:00,5058.495030,5063.497887,0.0988
2024-10-25T06:45:00+00:00,5058.495030,5063.497887,0.0988
2024-10-25T07:00:00+00:00,5058.495030,5063.497887,0.0988
2024-10-25T07:15:00+00:00,5058.495030,5063.497887,0.0988
2024-10-25T07:30:00+00:00,5058.495030,5063.497887,0.0988
2024-10-25T07:45:00+00:00,5058.495030,5063.497887,0.0988
2024-10-25T08:00:00+00:00,5058.495030,5063.497887,0.0988
2024-10-25T08:15:00+00:00,5058.495030,5063.497887,0.0988
2024-10-25T08:30:00+00:00,5058.495030,5063.497887,0.0988
2024-10-25T08:45:00+00:00,5058.495030,5063.497887,0.0988
2024-10-25T09:00:00+00:00,5058.495030,5063.497887,0.0988
2024-10-25T09:15:00+00:00,5058.495030,5063.497887,0.0988
2024-10-25T09:30:00+00:00,5058.495030,5063.497887,0.0988
2024-10-25T09:45:00+00:00,5058.495030,5063.497887,0.0988
2024-10-25T10:00:00+00:00,5058.495030,5063.497887,0.0988
2024-10-25T10:15:00+00:00,5058.495030,5063.497887,0.0988
2024-10-25T10:30:00+00:00,5058.495030,5063.497887,0.0988
2024-10-25T10:45:00+00:00,5058.495030,5063.497887,0.0988
2024-10-25T11:00:00+00:00,5058.495030,5063.497887,0.0988
2024-10-25T11:15:00+00:00,5058.495030,5063.497887,0.0988
2024-10-25T11:30:00+00:00,5058.495030,5063.497887,0.0988
2024-10-25T11:45:00+00:00,5058.495030,5063.497887,0.0988
2024-10-25T12:00:00+00:00,5058.495030,5063.497887,0.0988
2024-10-25T12:15:00+00:00,5058.495030,5063.497887,0.0988
2024-10-25T12:30:00+00:00,5058.495030,5063.497887,0.0988
2024-10-25T12:45:00+00:00,5058.495030,5063.497887,0.0988
2024-10-25T13:00:00+00:00,5058.495030,5063.497887,0.0988
2024-10-25T13:15:00+00:00,5058.495030,5063.497887,0.0988
2024-10-25T13:30:00+00:00,5058.495030,5063.497887,0.0988
2024-10-25T13:45:00+00:00,5058.495030,5063.497887,0.0988
2024-10-25T14:00:00+00:00,5058.495030,5063.497887,0.0988
2024-10-25T14:15:00+00:00,5058.495030,5063.497887,0.0988
2024-10-25T14:30:00+00:00,5058.495030,5063.497887,0.0988
2024-10-25T14:45:00+00:00,5058.495030,5063.497887,0.0988
2024-10-25T15:00:00+00:00,5058.495030,5063.497887,0.0988
2024-10-25T15:15:00+00:00,5058.495030,5063.497887,0.0988
2024-10-25T15:30:00+00:00,5058.495030,5063.497887,0.0988
2024-10-25T15:45:00+00:00,5058.495030,5063.497887,0.0988
2024-10-25T16:00:00+00:00,5058.495030,5063.497887,0.0988
2024-10-25T16:15:00+00:00,5058.495030,5063.497887,0.0988
2024-10-25T16:30:00+00:00,5058.495030,5063.497887,0.0988
2024-10-25T16:45:00+00:00,5058.495030,5063.497887,0.0988
2024-10-25T17:00:00+00:00,5058.495030,5063.497887,0.0988
2024-10-25T17:15:00+00:00,5058.495030,5063.497887,0.0988
2024-10-25T17:30:00+00:00,5058.495030,5063.497887,0.0988
2024-10-25T17:45:00+00:00,5058.495030,5063.497887,0.0988
2024-10-25T18:00:00+00:00,5058.495030,5063.497887,0.0988
2024-10-25T18:15:00+00:00,5058.495030,5063.497887,0.0988
2024-10-25T18:30:00+00:00,5058.495030,5063.497887,0.0988
2024-10-25T18:45:00+00:00,5058.495030,5063.497887,0.0988
2024-10-25T19:00:00+00:00,5058.495030,5063.497887,0.0988
2024-10-25T19:15:00+00:00,5058.495030,5063.497887,0.0988
2024-10-25T19:30:00+00:00,5058.495030,5063.497887,0.0988
2024-10-25T19:45:00+00:00,5058.495030,5063.497887,0.0988
2024-10-25T20:00:00+00:00,5058.495030,5063.497887,0.0988
2024-10-25T20:15:00+00:00,5058.495030,5063.497887,0.0988
2024-10-25T20:30:00+00:00,5058.495030,5063.497887,0.0988
2024-10-25T20:45:00+00:00,5058.495030,5063.497887,0.0988
2024-10-25T21:00:00+00:00,5058.495030,5063.497887,0.0988
2024-10-25T21:15:00+00:00,5058.495030,5063.497887,0.0988
2024-10-25T21:30:00+00:00,5058.495030,5063.497887,0.0988
2024-10-25T21:45:00+00:00,5058.495030,5063.497887,0.0988
2024-10-25T22:00:00+00:00,5058.495030,5063.497887,0.0988
2024-10-25T22:15:00+00:00,5058.495030,5063.497887,0.0988
2024-10-25T22:30:00+00:00,5058.495030,5063.497887,0.0988
2024-10-25T22:45:00+00:00,5058.495030,5063.497887,0.0988
2024-10-25T23:00:00+00:00,5058.495030,5063.497887,0.0988
2024-10-25T23:15:00+00:00,5058.495030,5063.497887,0.0988
2024-10-25T23:30:00+00:00,5058.495030,5063.497887,0.0988
2024-10-25T23:45:00+00:00,5058.495030,5063.497887,0.0988
2024-10-25T23:46:00+00:00,5051.080121,5063.497887,0.2452
2024-10-25T23:47:00+00:00,5060.990112,5063.497887,0.0495
2024-10-25T23:48:00+00:00,5065.917696,5065.917696,0.0000
2024-10-25T23:49:00+00:00,5060.168847,5065.917696,0.1135
2024-10-25T23:50:00+00:00,5060.168847,5065.917696,0.1135
2024-10-25T23:51:00+00:00,5059.347583,5065.917696,0.1297
2024-10-25T23:52:00+00:00,5063.453904,5065.917696,0.0486
2024-10-25T23:53:00+00:00,5076.594130,5076.594130,0.0000
2024-10-25T23:54:00+00:00,5081.521715,5081.521715,0.0000
2024-10-25T23:55:00+00:00,5085.628036,5085.628036,0.0000
2024-10-25T23:56:00+00:00,5094.661942,5094.661942,0.0000
2024-10-25T23:57:00+00:00,5103.695848,5103.695848,0.0000
2024-10-25T23:58:00+00:00,5111.908489,5111.908489,0.0000
2024-10-25T23:59:00+00:00,5110.265961,5111.908489,0.0321
2024-10-26T00:00:00+00:00,5110.265961,5111.908489,0.0321
2024-10-26T00:01:00+00:00,5085.628036,5111.908489,0.5141
2024-10-26T00:02:00+00:00,5082.342980,5111.908489,0.5784
2024-10-26T00:03:00+00:00,5066.738961,5111.908489,0.8836
2024-10-26T00:04:00+00:00,5060.168847,5111.908489,1.0121
2024-10-26T00:05:00+00:00,5063.453904,5111.908489,0.9479
2024-10-26T00:06:00+00:00,5056.062527,5111.908489,1.0925
2024-10-26T00:07:00+00:00,5056.062527,5111.908489,1.0925
2024-10-26T00:08:00+00:00,5056.062527,5111.908489,1.0925
2024-10-26T00:09:00+00:00,5060.990112,5111.908489,0.9961
2024-10-26T00:10:00+00:00,5059.347583,5111.908489,1.0282
2024-10-26T00:11:00+00:00,5068.381489,5111.908489,0.8515
2024-10-26T00:12:00+00:00,5057.705055,5111.908489,1.0603
2024-10-26T00:13:00+00:00,5058.526319,5111.908489,1.0443
2024-10-26T00:14:00+00:00,5053.598734,5111.908489,1.1407
2024-10-26T00:15:00+00:00,5064.275168,5111.908489,0.9318
2024-10-26T00:16:00+00:00,5062.632640,5111.908489,0.9639
2024-10-26T00:17:00+00:00,5053.598734,5111.908489,1.1407
2024-10-26T00:18:00+00:00,5058.526319,5111.908489,1.0443
2024-10-26T00:19:00+00:00,5057.705055,5111.908489,1.0603
2024-10-26T00:20:00+00:00,5059.347583,5111.908489,1.0282
2024-10-26T00:21:00+00:00,5069.202753,5111.908489,0.8354
2024-10-26T00:22:00+00:00,5072.487810,5111.908489,0.7712
2024-10-26T00:23:00+00:00,5060.990112,5111.908489,0.9961
2024-10-26T00:24:00+00:00,5060.990112,5111.908489,0.9961
2024-10-26T00:25:00+00:00,5060.990112,5111.908489,0.9961
2024-10-26T00:26:00+00:00,5060.990112,5111.908489,0.9961
2024-10-26T00:27:00+00:00,5060.990112,5111.908489,0.9961
2024-10-26T00:28:00+00:00,5088.913093,5111.908489,0.4498
2024-10-26T00:29:00+00:00,5081.521715,5111.908489,0.5944
2024-10-26T00:30:00+00:00,5081.521715,5111.908489,0.5944
2024-10-26T00:31:00+00:00,5081.521715,5111.908489,0.5944
2024-10-26T00:32:00+00:00,5095.483206,5111.908489,0.3213
2024-10-26T00:33:00+00:00,5106.980904,5111.908489,0.0964
2024-10-26T00:34:00+00:00,5117.657338,5117.657338,0.0000
2024-10-26T00:35:00+00:00,5117.657338,5117.657338,0.0000
2024-10-26T00:36:00+00:00,5117.657338,5117.657338,0.0000
2024-10-26T00:37:00+00:00,5107.802168,5117.657338,0.1926
2024-10-26T00:38:00+00:00,5107.802168,5117.657338,0.1926
2024-10-26T00:39:00+00:00,5100.410791,5117.657338,0.3370
2024-10-26T00:40:00+00:00,5100.410791,5117.657338,0.3370
2024-10-26T00:41:00+00:00,5100.410791,5117.657338,0.3370
2024-10-26T00:42:00+00:00,5100.410791,5117.657338,0.3370
2024-10-26T00:43:00+00:00,5115.193546,5117.657338,0.0481
2024-10-26T00:44:00+00:00,5115.193546,5117.657338,0.0481
2024-10-26T00:45:00+00:00,5116.014810,5117.657338,0.0321
2024-10-26T00:46:00+00:00,5117.657338,5117.657338,0.0000
2024-10-26T00:47:00+00:00,5115.193546,5117.657338,0.0481
2024-10-26T00:48:00+00:00,5115.193546,5117.657338,0.0481
2024-10-26T00:49:00+00:00,5119.299866,5119.299866,0.0000
2024-10-26T00:50:00+00:00,5124.227451,5124.227451,0.0000
2024-10-26T00:51:00+00:00,5120.942395,5124.227451,0.0641
2024-10-26T00:52:00+00:00,5120.942395,5124.227451,0.0641
2024-10-26T00:53:00+00:00,5116.836074,5124.227451,0.1442
2024-10-26T00:54:00+00:00,5116.014810,5124.227451,0.1603
2024-10-26T00:55:00+00:00,5116.014810,5124.227451,0.1603
2024-10-26T00:56:00+00:00,5116.014810,5124.227451,0.1603
2024-10-26T00:57:00+00:00,5116.014810,5124.227451,0.1603
2024-10-26T00:58:00+00:00,5117.657338,5124.227451,0.1282
2024-10-26T00:59:00+00:00,5123.406187,5124.227451,0.0160
2024-10-26T01:00:00+00:00,5123.406187,5124.227451,0.0160
2024-10-26T01:01:00+00:00,5123.406187,5124.227451,0.0160
2024-10-26T01:02:00+00:00,5117.657338,5124.227451,0.1282
2024-10-26T01:03:00+00:00,5117.657338,5124.227451,0.1282
2024-10-26T01:04:00+00:00,5127.512508,5127.512508,0.0000
2024-10-26T01:05:00+00:00,5127.512508,5127.512508,0.0000
2024-10-26T01:06:00+00:00,5127.512508,5127.512508,0.0000
2024-10-26T01:07:00+00:00,5129.155036,5129.155036,0.0000
2024-10-26T01:08:00+00:00,5121.763659,5129.155036,0.1441
2024-10-26T01:09:00+00:00,5116.014810,5129.155036,0.2562
2024-10-26T01:10:00+00:00,5116.014810,5129.155036,0.2562
2024-10-26T01:11:00+00:00,5116.014810,5129.155036,0.2562
2024-10-26T01:12:00+00:00,5117.657338,5129.155036,0.2242
2024-10-26T01:13:00+00:00,5116.014810,5129.155036,0.2562
2024-10-26T01:14:00+00:00,5109.444697,5129.155036,0.3843
2024-10-26T01:15:00+00:00,5108.623432,5129.155036,0.4003
2024-10-26T01:16:00+00:00,5108.623432,5129.155036,0.4003
2024-10-26T01:17:00+00:00,5111.908489,5129.155036,0.3362
2024-10-26T01:18:00+00:00,5106.159640,5129.155036,0.4483
2024-10-26T01:19:00+00:00,5106.159640,5129.155036,0.4483
2024-10-26T01:20:00+00:00,5119.299866,5129.155036,0.1921
2024-10-26T01:21:00+00:00,5122.584923,5129.155036,0.1281
2024-10-26T01:22:00+00:00,5125.869980,5129.155036,0.0640
2024-10-26T01:23:00+00:00,5128.333772,5129.155036,0.0160
2024-10-26T01:24:00+00:00,5125.048716,5129.155036,0.0801
2024-10-26T01:25:00+00:00,5125.048716,5129.155036,0.0801
2024-10-26T01:26:00+00:00,5123.406187,5129.155036,0.1121
2024-10-26T01:27:00+00:00,5129.155036,5129.155036,0.0000
2024-10-26T01:28:00+00:00,5129.155036,5129.155036,0.0000
2024-10-26T01:29:00+00:00,5129.155036,5129.155036,0.0000
2024-10-26T01:30:00+00:00,5129.155036,5129.155036,0.0000
2024-10-26T01:31:00+00:00,5129.155036,5129.155036,0.0000
2024-10-26T01:32:00+00:00,5128.333772,5129.155036,0.0160
2024-10-26T01:33:00+00:00,5124.227451,5129.155036,0.0961
2024-10-26T01:34:00+00:00,5124.227451,5129.155036,0.0961
2024-10-26T01:35:00+00:00,5124.227451,5129.155036,0.0961
2024-10-26T01:36:00+00:00,5116.014810,5129.155036,0.2562
2024-10-26T01:37:00+00:00,5116.014810,5129.155036,0.2562
2024-10-26T01:38:00+00:00,5116.014810,5129.155036,0.2562
2024-10-26T01:39:00+00:00,5116.014810,5129.155036,0.2562
2024-10-26T01:40:00+00:00,5112.729753,5129.155036,0.3202
2024-10-26T01:41:00+00:00,5112.729753,5129.155036,0.3202
2024-10-26T01:42:00+00:00,5112.729753,5129.155036,0.3202
2024-10-26T01:43:00+00:00,5116.014810,5129.155036,0.2562
2024-10-26T01:44:00+00:00,5109.444697,5129.155036,0.3843
2024-10-26T01:45:00+00:00,5109.444697,5129.155036,0.3843
2024-10-26T01:46:00+00:00,5116.014810,5129.155036,0.2562
2024-10-26T01:47:00+00:00,5121.763659,5129.155036,0.1441
2024-10-26T01:48:00+00:00,5121.763659,5129.155036,0.1441
2024-10-26T01:49:00+00:00,5121.763659,5129.155036,0.1441
2024-10-26T01:50:00+00:00,5122.584923,5129.155036,0.1281
2024-10-26T01:51:00+00:00,5123.406187,5129.155036,0.1121
2024-10-26T01:52:00+00:00,5123.406187,5129.155036,0.1121
2024-10-26T01:53:00+00:00,5127.512508,5129.155036,0.0320
2024-10-26T01:54:00+00:00,5127.512508,5129.155036,0.0320
2024-10-26T01:55:00+00:00,5127.512508,5129.155036,0.0320
2024-10-26T01:56:00+00:00,5127.512508,5129.155036,0.0320
2024-10-26T01:57:00+00:00,5127.512508,5129.155036,0.0320
2024-10-26T01:58:00+00:00,5127.512508,5129.155036,0.0320
2024-10-26T01:59:00+00:00,5125.869980,5129.155036,0.0640
2024-10-26T02:00:00+00:00,5125.048716,5129.155036,0.0801
2024-10-26T02:01:00+00:00,5125.048716,5129.155036,0.0801
2024-10-26T02:02:00+00:00,5125.048716,5129.155036,0.0801
2024-10-26T02:03:00+00:00,5125.048716,5129.155036,0.0801
2024-10-26T02:04:00+00:00,5114.372282,5129.155036,0.2882
2024-10-26T02:05:00+00:00,5114.372282,5129.155036,0.2882
2024-10-26T02:06:00+00:00,5102.053319,5129.155036,0.5284
2024-10-26T02:07:00+00:00,5102.053319,5129.155036,0.5284
2024-10-26T02:08:00+00:00,5102.053319,5129.155036,0.5284
2024-10-26T02:09:00+00:00,5102.053319,5129.155036,0.5284
2024-10-26T02:10:00+00:00,5099.589527,5129.155036,0.5764
2024-10-26T02:11:00+00:00,5098.768263,5129.155036,0.5924
2024-10-26T02:12:00+00:00,5098.768263,5129.155036,0.5924
2024-10-26T02:13:00+00:00,5098.768263,5129.155036,0.5924
2024-10-26T02:14:00+00:00,5098.768263,5129.155036,0.5924
2024-10-26T02:15:00+00:00,5098.768263,5129.155036,0.5924
2024-10-26T02:16:00+00:00,5098.768263,5129.155036,0.5924
2024-10-26T02:17:00+00:00,5098.768263,5129.155036,0.5924
2024-10-26T02:18:00+00:00,5098.768263,5129.155036,0.5924
2024-10-26T02:19:00+00:00,5117.657338,5129.155036,0.2242
2024-10-26T02:20:00+00:00,5123.406187,5129.155036,0.1121
2024-10-26T02:21:00+00:00,5124.227451,5129.155036,0.0961
2024-10-26T02:22:00+00:00,5124.227451,5129.155036,0.0961
2024-10-26T02:23:00+00:00,5124.227451,5129.155036,0.0961
2024-10-26T02:24:00+00:00,5124.227451,5129.155036,0.0961
2024-10-26T02:25:00+00:00,5124.227451,5129.155036,0.0961
2024-10-26T02:26:00+00:00,5130.797565,5130.797565,0.0000
2024-10-26T02:27:00+00:00,5134.082621,5134.082621,0.0000
2024-10-26T02:28:00+00:00,5131.618829,5134.082621,0.0480
2024-10-26T02:29:00+00:00,5131.618829,5134.082621,0.0480
2024-10-26T02:30:00+00:00,5134.082621,5134.082621,0.0000
2024-10-26T02:31:00+00:00,5134.082621,5134.082621,0.0000
2024-10-26T02:32:00+00:00,5130.797565,5134.082621,0.0640
2024-10-26T02:33:00+00:00,5125.869980,5134.082621,0.1600
2024-10-26T02:34:00+00:00,5128.333772,5134.082621,0.1120
2024-10-26T02:35:00+00:00,5128.333772,5134.082621,0.1120
2024-10-26T02:36:00+00:00,5128.333772,5134.082621,0.1120
2024-10-26T02:37:00+00:00,5128.333772,5134.082621,0.1120
2024-10-26T02:38:00+00:00,5128.333772,5134.082621,0.1120
2024-10-26T02:39:00+00:00,5126.691244,5134.082621,0.1440
2024-10-26T02:40:00+00:00,5126.691244,5134.082621,0.1440
2024-10-26T02:41:00+00:00,5126.691244,5134.082621,0.1440
2024-10-26T02:42:00+00:00,5130.797565,5134.082621,0.0640
2024-10-26T02:43:00+00:00,5130.797565,5134.082621,0.0640
2024-10-26T02:44:00+00:00,5139.831470,5139.831470,0.0000
2024-10-26T02:45:00+00:00,5140.652734,5140.652734,0.0000
2024-10-26T02:46:00+00:00,5143.937791,5143.937791,0.0000
2024-10-26T02:47:00+00:00,5139.474477,5143.937791,0.0868
2024-10-26T03:00:00+00:00,5139.474477,5143.937791,0.0868
2024-10-26T03:15:00+00:00,5139.474477,5143.937791,0.0868
2024-10-26T03:30:00+00:00,5139.474477,5143.937791,0.0868
2024-10-26T03:45:00+00:00,5139.474477,5143.937791,0.0868
2024-10-26T04:00:00+00:00,5139.474477,5143.937791,0.0868
2024-10-26T04:15:00+00:00,5139.474477,5143.937791,0.0868
2024-10-26T04:30:00+00:00,5139.474477,5143.937791,0.0868
2024-10-26T04:45:00+00:00,5139.474477,5143.937791,0.0868
2024-10-26T05:00:00+00:00,5139.474477,5143.937791,0.0868
2024-10-26T05:15:00+00:00,5139.474477,5143.937791,0.0868
2024-10-26T05:30:00+00:00,5139.474477,5143.937791,0.0868
2024-10-26T05:45:00+00:00,5139.474477,5143.937791,0.0868
2024-10-26T06:00:00+00:00,5139.474477,5143.937791,0.0868
2024-10-26T06:15:00+00:00,5139.474477,5143.937791,0.0868
2024-10-26T06:30:00+00:00,5139.474477,5143.937791,0.0868
2024-10-26T06:45:00+00:00,5139.474477,5143.937791,0.0868
2024-10-26T07:00:00+00:00,5139.474477,5143.937791,0.0868
2024-10-26T07:15:00+00:00,5139.474477,5143.937791,0.0868
2024-10-26T07:30:00+00:00,5139.474477,5143.937791,0.0868
2024-10-26T07:45:00+00:00,5139.474477,5143.937791,0.0868
2024-10-26T08:00:00+00:00,5139.474477,5143.937791,0.0868
2024-10-26T08:15:00+00:00,5139.474477,5143.937791,0.0868
2024-10-26T08:30:00+00:00,5139.474477,5143.937791,0.0868
2024-10-26T08:45:00+00:00,5139.474477,5143.937791,0.0868
2024-10-26T09:00:00+00:00,5139.474477,5143.937791,0.0868
2024-10-26T09:15:00+00:00,5139.474477,5143.937791,0.0868
2024-10-26T09:30:00+00:00,5139.474477,5143.937791,0.0868
2024-10-26T09:45:00+00:00,5139.474477,5143.937791,0.0868
2024-10-26T10:00:00+00:00,5139.474477,5143.937791,0.0868
2024-10-26T10:15:00+00:00,5139.474477,5143.937791,0.0868
2024-10-26T10:30:00+00:00,5139.474477,5143.937791,0.0868
2024-10-26T10:45:00+00:00,5139.474477,5143.937791,0.0868
2024-10-26T11:00:00+00:00,5139.474477,5143.937791,0.0868
2024-10-26T11:15:00+00:00,5139.474477,5143.937791,0.0868
2024-10-26T11:30:00+00:00,5139.474477,5143.937791,0.0868
2024-10-26T11:45:00+00:00,5139.474477,5143.937791,0.0868
2024-10-26T12:00:00+00:00,5139.474477,5143.937791,0.0868
2024-10-26T12:15:00+00:00,5139.474477,5143.937791,0.0868
2024-10-26T12:30:00+00:00,5139.474477,5143.937791,0.0868
2024-10-26T12:45:00+00:00,5139.474477,5143.937791,0.0868
2024-10-26T13:00:00+00:00,5139.474477,5143.937791,0.0868
2024-10-26T13:15:00+00:00,5139.474477,5143.937791,0.0868
2024-10-26T13:30:00+00:00,5139.474477,5143.937791,0.0868
2024-10-26T13:45:00+00:00,5139.474477,5143.937791,0.0868
2024-10-26T14:00:00+00:00,5139.474477,5143.937791,0.0868
2024-10-26T14:15:00+00:00,5139.474477,5143.937791,0.0868
2024-10-26T14:30:00+00:00,5139.474477,5143.937791,0.0868
2024-10-26T14:45:00+00:00,5139.474477,5143.937791,0.0868
2024-10-26T15:00:00+00:00,5139.474477,5143.937791,0.0868
2024-10-26T15:15:00+00:00,5139.474477,5143.937791,0.0868
2024-10-26T15:30:00+00:00,5139.474477,5143.937791,0.0868
2024-10-26T15:45:00+00:00,5139.474477,5143.937791,0.0868
2024-10-26T16:00:00+00:00,5139.474477,5143.937791,0.0868
2024-10-26T16:15:00+00:00,5139.474477,5143.937791,0.0868
2024-10-26T16:30:00+00:00,5139.474477,5143.937791,0.0868
2024-10-26T16:45:00+00:00,5139.474477,5143.937791,0.0868
2024-10-26T17:00:00+00:00,5139.474477,5143.937791,0.0868
2024-10-26T17:15:00+00:00,5139.474477,5143.937791,0.0868
2024-10-26T17:30:00+00:00,5139.474477,5143.937791,0.0868
2024-10-26T17:45:00+00:00,5139.474477,5143.937791,0.0868
2024-10-26T18:00:00+00:00,5139.474477,5143.937791,0.0868
2024-10-26T18:15:00+00:00,5139.474477,5143.937791,0.0868
2024-10-26T18:30:00+00:00,5139.474477,5143.937791,0.0868
2024-10-26T18:45:00+00:00,5139.474477,5143.937791,0.0868
2024-10-26T19:00:00+00:00,5139.474477,5143.937791,0.0868
2024-10-26T19:15:00+00:00,5139.474477,5143.937791,0.0868
2024-10-26T19:30:00+00:00,5139.474477,5143.937791,0.0868
2024-10-26T19:45:00+00:00,5139.474477,5143.937791,0.0868
2024-10-26T20:00:00+00:00,5139.474477,5143.937791,0.0868
2024-10-26T20:15:00+00:00,5139.474477,5143.937791,0.0868
2024-10-26T20:30:00+00:00,5139.474477,5143.937791,0.0868
2024-10-26T20:45:00+00:00,5139.474477,5143.937791,0.0868
2024-10-26T21:00:00+00:00,5139.474477,5143.937791,0.0868
2024-10-26T21:15:00+00:00,5139.474477,5143.937791,0.0868
2024-10-26T21:30:00+00:00,5139.474477,5143.937791,0.0868
2024-10-26T21:45:00+00:00,5139.474477,5143.937791,0.0868
2024-10-26T22:00:00+00:00,5139.474477,5143.937791,0.0868
2024-10-26T22:15:00+00:00,5139.474477,5143.937791,0.0868
2024-10-26T22:30:00+00:00,5139.474477,5143.937791,0.0868
2024-10-26T22:45:00+00:00,5139.474477,5143.937791,0.0868
2024-10-26T23:00:00+00:00,5139.474477,5143.937791,0.0868
2024-10-26T23:15:00+00:00,5139.474477,5143.937791,0.0868
2024-10-26T23:30:00+00:00,5139.474477,5143.937791,0.0868
2024-10-26T23:45:00+00:00,5139.474477,5143.937791,0.0868
2024-10-27T00:00:00+00:00,5139.474477,5143.937791,0.0868
2024-10-27T00:15:00+00:00,5139.474477,5143.937791,0.0868
2024-10-27T00:30:00+00:00,5139.474477,5143.937791,0.0868
2024-10-27T00:45:00+00:00,5139.474477,5143.937791,0.0868
2024-10-27T01:00:00+00:00,5139.474477,5143.937791,0.0868
2024-10-27T01:15:00+00:00,5139.474477,5143.937791,0.0868
2024-10-27T01:30:00+00:00,5139.474477,5143.937791,0.0868
2024-10-27T01:45:00+00:00,5139.474477,5143.937791,0.0868
2024-10-27T02:00:00+00:00,5139.474477,5143.937791,0.0868
2024-10-27T02:15:00+00:00,5139.474477,5143.937791,0.0868
2024-10-27T02:30:00+00:00,5139.474477,5143.937791,0.0868
2024-10-27T02:45:00+00:00,5139.474477,5143.937791,0.0868
2024-10-27T03:00:00+00:00,5139.474477,5143.937791,0.0868
2024-10-27T03:15:00+00:00,5139.474477,5143.937791,0.0868
2024-10-27T03:30:00+00:00,5139.474477,5143.937791,0.0868
2024-10-27T03:45:00+00:00,5139.474477,5143.937791,0.0868
2024-10-27T04:00:00+00:00,5139.474477,5143.937791,0.0868
2024-10-27T04:15:00+00:00,5139.474477,5143.937791,0.0868
2024-10-27T04:30:00+00:00,5139.474477,5143.937791,0.0868
2024-10-27T04:45:00+00:00,5139.474477,5143.937791,0.0868
2024-10-27T05:00:00+00:00,5139.474477,5143.937791,0.0868
2024-10-27T05:15:00+00:00,5139.474477,5143.937791,0.0868
2024-10-27T05:30:00+00:00,5139.474477,5143.937791,0.0868
2024-10-27T05:45:00+00:00,5139.474477,5143.937791,0.0868
2024-10-27T06:00:00+00:00,5139.474477,5143.937791,0.0868
2024-10-27T06:15:00+00:00,5139.474477,5143.937791,0.0868
2024-10-27T06:30:00+00:00,5139.474477,5143.937791,0.0868
2024-10-27T06:45:00+00:00,5139.474477,5143.937791,0.0868
2024-10-27T07:00:00+00:00,5139.474477,5143.937791,0.0868
2024-10-27T07:15:00+00:00,5139.474477,5143.937791,0.0868
2024-10-27T07:30:00+00:00,5139.474477,5143.937791,0.0868
2024-10-27T07:45:00+00:00,5139.474477,5143.937791,0.0868
2024-10-27T08:00:00+00:00,5139.474477,5143.937791,0.0868
2024-10-27T08:15:00+00:00,5139.474477,5143.937791,0.0868
2024-10-27T08:30:00+00:00,5139.474477,5143.937791,0.0868
2024-10-27T08:45:00+00:00,5139.474477,5143.937791,0.0868
2024-10-27T09:00:00+00:00,5139.474477,5143.937791,0.0868
2024-10-27T09:15:00+00:00,5139.474477,5143.937791,0.0868
2024-10-27T09:30:00+00:00,5139.474477,5143.937791,0.0868
2024-10-27T09:45:00+00:00,5139.474477,5143.937791,0.0868
2024-10-27T10:00:00+00:00,5139.474477,5143.937791,0.0868
2024-10-27T10:15:00+00:00,5139.474477,5143.937791,0.0868
2024-10-27T10:30:00+00:00,5139.474477,5143.937791,0.0868
2024-10-27T10:45:00+00:00,5139.474477,5143.937791,0.0868
2024-10-27T11:00:00+00:00,5139.474477,5143.937791,0.0868
2024-10-27T11:15:00+00:00,5139.474477,5143.937791,0.0868
2024-10-27T11:30:00+00:00,5139.474477,5143.937791,0.0868
2024-10-27T11:45:00+00:00,5139.474477,5143.937791,0.0868
2024-10-27T12:00:00+00:00,5139.474477,5143.937791,0.0868
2024-10-27T12:15:00+00:00,5139.474477,5143.937791,0.0868
2024-10-27T12:30:00+00:00,5139.474477,5143.937791,0.0868
2024-10-27T12:45:00+00:00,5139.474477,5143.937791,0.0868
2024-10-27T13:00:00+00:00,5139.474477,5143.937791,0.0868
2024-10-27T13:15:00+00:00,5139.474477,5143.937791,0.0868
2024-10-27T13:30:00+00:00,5139.474477,5143.937791,0.0868
2024-10-27T13:45:00+00:00,5139.474477,5143.937791,0.0868
2024-10-27T14:00:00+00:00,5139.474477,5143.937791,0.0868
2024-10-27T14:15:00+00:00,5139.474477,5143.937791,0.0868
2024-10-27T14:30:00+00:00,5139.474477,5143.937791,0.0868
2024-10-27T14:45:00+00:00,5139.474477,5143.937791,0.0868
2024-10-27T15:00:00+00:00,5139.474477,5143.937791,0.0868
2024-10-27T15:15:00+00:00,5139.474477,5143.937791,0.0868
2024-10-27T15:30:00+00:00,5139.474477,5143.937791,0.0868
2024-10-27T15:45:00+00:00,5139.474477,5143.937791,0.0868
2024-10-27T16:00:00+00:00,5139.474477,5143.937791,0.0868
2024-10-27T16:15:00+00:00,5139.474477,5143.937791,0.0868
2024-10-27T16:30:00+00:00,5139.474477,5143.937791,0.0868
2024-10-27T16:45:00+00:00,5139.474477,5143.937791,0.0868
2024-10-27T17:00:00+00:00,5139.474477,5143.937791,0.0868
2024-10-27T17:15:00+00:00,5139.474477,5143.937791,0.0868
2024-10-27T17:30:00+00:00,5139.474477,5143.937791,0.0868
2024-10-27T17:45:00+00:00,5139.474477,5143.937791,0.0868
2024-10-27T18:00:00+00:00,5139.474477,5143.937791,0.0868
2024-10-27T18:15:00+00:00,5139.474477,5143.937791,0.0868
2024-10-27T18:30:00+00:00,5139.474477,5143.937791,0.0868
2024-10-27T18:45:00+00:00,5139.474477,5143.937791,0.0868
2024-10-27T19:00:00+00:00,5139.474477,5143.937791,0.0868
2024-10-27T19:15:00+00:00,5139.474477,5143.937791,0.0868
2024-10-27T19:30:00+00:00,5139.474477,5143.937791,0.0868
2024-10-27T19:45:00+00:00,5139.474477,5143.937791,0.0868
2024-10-27T20:00:00+00:00,5139.474477,5143.937791,0.0868
2024-10-27T20:15:00+00:00,5139.474477,5143.937791,0.0868
2024-10-27T20:30:00+00:00,5139.474477,5143.937791,0.0868
2024-10-27T20:45:00+00:00,5139.474477,5143.937791,0.0868
2024-10-27T21:00:00+00:00,5139.474477,5143.937791,0.0868
2024-10-27T21:15:00+00:00,5139.474477,5143.937791,0.0868
2024-10-27T21:30:00+00:00,5139.474477,5143.937791,0.0868
2024-10-27T21:45:00+00:00,5139.474477,5143.937791,0.0868
2024-10-27T22:00:00+00:00,5139.474477,5143.937791,0.0868
2024-10-27T22:15:00+00:00,5139.474477,5143.937791,0.0868
2024-10-27T22:30:00+00:00,5139.474477,5143.937791,0.0868
2024-10-27T22:45:00+00:00,5139.474477,5143.937791,0.0868
2024-10-27T23:00:00+00:00,5139.474477,5143.937791,0.0868
2024-10-27T23:15:00+00:00,5139.474477,5143.937791,0.0868
2024-10-27T23:30:00+00:00,5139.474477,5143.937791,0.0868
2024-10-27T23:45:00+00:00,5139.474477,5143.937791,0.0868
2024-10-28T00:00:00+00:00,5139.474477,5143.937791,0.0868
2024-10-28T00:15:00+00:00,5139.474477,5143.937791,0.0868
2024-10-28T00:30:00+00:00,5139.474477,5143.937791,0.0868
2024-10-28T00:45:00+00:00,5139.474477,5143.937791,0.0868
2024-10-28T01:00:00+00:00,5139.474477,5143.937791,0.0868
2024-10-28T01:15:00+00:00,5139.474477,5143.937791,0.0868
2024-10-28T01:30:00+00:00,5139.474477,5143.937791,0.0868
2024-10-28T01:45:00+00:00,5139.474477,5143.937791,0.0868
2024-10-28T02:00:00+00:00,5139.474477,5143.937791,0.0868
2024-10-28T02:15:00+00:00,5139.474477,5143.937791,0.0868
2024-10-28T02:30:00+00:00,5139.474477,5143.937791,0.0868
2024-10-28T02:45:00+00:00,5139.474477,5143.937791,0.0868
2024-10-28T03:00:00+00:00,5139.474477,5143.937791,0.0868
2024-10-28T03:15:00+00:00,5139.474477,5143.937791,0.0868
2024-10-28T03:30:00+00:00,5139.474477,5143.937791,0.0868
2024-10-28T03:45:00+00:00,5139.474477,5143.937791,0.0868
2024-10-28T04:00:00+00:00,5139.474477,5143.937791,0.0868
2024-10-28T04:15:00+00:00,5139.474477,5143.937791,0.0868
2024-10-28T04:30:00+00:00,5139.474477,5143.937791,0.0868
2024-10-28T04:45:00+00:00,5139.474477,5143.937791,0.0868
2024-10-28T05:00:00+00:00,5139.474477,5143.937791,0.0868
2024-10-28T05:15:00+00:00,5139.474477,5143.937791,0.0868
2024-10-28T05:30:00+00:00,5139.474477,5143.937791,0.0868
2024-10-28T05:45:00+00:00,5139.474477,5143.937791,0.0868
2024-10-28T06:00:00+00:00,5139.474477,5143.937791,0.0868
2024-10-28T06:15:00+00:00,5139.474477,5143.937791,0.0868
2024-10-28T06:30:00+00:00,5139.474477,5143.937791,0.0868
2024-10-28T06:45:00+00:00,5139.474477,5143.937791,0.0868
2024-10-28T07:00:00+00:00,5139.474477,5143.937791,0.0868
2024-10-28T07:15:00+00:00,5139.474477,5143.937791,0.0868
2024-10-28T07:30:00+00:00,5139.474477,5143.937791,0.0868
2024-10-28T07:45:00+00:00,5139.474477,5143.937791,0.0868
2024-10-28T08:00:00+00:00,5139.474477,5143.937791,0.0868
2024-10-28T08:15:00+00:00,5139.474477,5143.937791,0.0868
2024-10-28T08:30:00+00:00,5139.474477,5143.937791,0.0868
2024-10-28T08:45:00+00:00,5139.474477,5143.937791,0.0868
2024-10-28T09:00:00+00:00,5139.474477,5143.937791,0.0868
2024-10-28T09:15:00+00:00,5139.474477,5143.937791,0.0868
2024-10-28T09:30:00+00:00,5139.474477,5143.937791,0.0868
2024-10-28T09:45:00+00:00,5139.474477,5143.937791,0.0868
2024-10-28T10:00:00+00:00,5139.474477,5143.937791,0.0868
2024-10-28T10:15:00+00:00,5139.474477,5143.937791,0.0868
2024-10-28T10:30:00+00:00,5139.474477,5143.937791,0.0868
2024-10-28T10:45:00+00:00,5139.474477,5143.937791,0.0868
2024-10-28T11:00:00+00:00,5139.474477,5143.937791,0.0868
2024-10-28T11:15:00+00:00,5139.474477,5143.937791,0.0868
2024-10-28T11:30:00+00:00,5139.474477,5143.937791,0.0868
2024-10-28T11:45:00+00:00,5139.474477,5143.937791,0.0868
2024-10-28T12:00:00+00:00,5139.474477,5143.937791,0.0868
2024-10-28T12:15:00+00:00,5139.474477,5143.937791,0.0868
2024-10-28T12:30:00+00:00,5139.474477,5143.937791,0.0868
2024-10-28T12:45:00+00:00,5139.474477,5143.937791,0.0868
2024-10-28T13:00:00+00:00,5139.474477,5143.937791,0.0868
2024-10-28T13:15:00+00:00,5139.474477,5143.937791,0.0868
2024-10-28T13:30:00+00:00,5139.474477,5143.937791,0.0868
2024-10-28T13:45:00+00:00,5139.474477,5143.937791,0.0868
2024-10-28T14:00:00+00:00,5139.474477,5143.937791,0.0868
2024-10-28T14:15:00+00:00,5139.474477,5143.937791,0.0868
2024-10-28T14:30:00+00:00,5139.474477,5143.937791,0.0868
2024-10-28T14:45:00+00:00,5139.474477,5143.937791,0.0868
2024-10-28T15:00:00+00:00,5139.474477,5143.937791,0.0868
2024-10-28T15:15:00+00:00,5139.474477,5143.937791,0.0868
2024-10-28T15:30:00+00:00,5139.474477,5143.937791,0.0868
2024-10-28T15:45:00+00:00,5139.474477,5143.937791,0.0868
2024-10-28T16:00:00+00:00,5139.474477,5143.937791,0.0868
2024-10-28T16:15:00+00:00,5139.474477,5143.937791,0.0868
2024-10-28T16:30:00+00:00,5139.474477,5143.937791,0.0868
2024-10-28T16:45:00+00:00,5139.474477,5143.937791,0.0868
2024-10-28T17:00:00+00:00,5139.474477,5143.937791,0.0868
2024-10-28T17:15:00+00:00,5139.474477,5143.937791,0.0868
2024-10-28T17:30:00+00:00,5139.474477,5143.937791,0.0868
2024-10-28T17:45:00+00:00,5139.474477,5143.937791,0.0868
2024-10-28T18:00:00+00:00,5139.474477,5143.937791,0.0868
2024-10-28T18:15:00+00:00,5139.474477,5143.937791,0.0868
2024-10-28T18:30:00+00:00,5139.474477,5143.937791,0.0868
2024-10-28T18:45:00+00:00,5139.474477,5143.937791,0.0868
2024-10-28T19:00:00+00:00,5139.474477,5143.937791,0.0868
2024-10-28T19:15:00+00:00,5139.474477,5143.937791,0.0868
2024-10-28T19:30:00+00:00,5139.474477,5143.937791,0.0868
2024-10-28T19:45:00+00:00,5139.474477,5143.937791,0.0868
2024-10-28T20:00:00+00:00,5139.474477,5143.937791,0.0868
2024-10-28T20:15:00+00:00,5139.474477,5143.937791,0.0868
2024-10-28T20:30:00+00:00,5139.474477,5143.937791,0.0868
2024-10-28T20:45:00+00:00,5139.474477,5143.937791,0.0868
2024-10-28T21:00:00+00:00,5139.474477,5143.937791,0.0868
2024-10-28T21:15:00+00:00,5139.474477,5143.937791,0.0868
2024-10-28T21:30:00+00:00,5139.474477,5143.937791,0.0868
2024-10-28T21:45:00+00:00,5139.474477,5143.937791,0.0868
2024-10-28T22:00:00+00:00,5139.474477,5143.937791,0.0868
2024-10-28T22:15:00+00:00,5139.474477,5143.937791,0.0868
2024-10-28T22:30:00+00:00,5139.474477,5143.937791,0.0868
2024-10-28T22:45:00+00:00,5139.474477,5143.937791,0.0868
2024-10-28T23:00:00+00:00,5139.474477,5143.937791,0.0868
2024-10-28T23:15:00+00:00,5139.474477,5143.937791,0.0868
2024-10-28T23:30:00+00:00,5139.474477,5143.937791,0.0868
2024-10-28T23:45:00+00:00,5139.474477,5143.937791,0.0868
2024-10-29T00:00:00+00:00,5139.474477,5143.937791,0.0868
2024-10-29T00:15:00+00:00,5139.474477,5143.937791,0.0868
2024-10-29T00:30:00+00:00,5139.474477,5143.937791,0.0868
2024-10-29T00:45:00+00:00,5139.474477,5143.937791,0.0868
2024-10-29T01:00:00+00:00,5139.474477,5143.937791,0.0868
2024-10-29T01:15:00+00:00,5139.474477,5143.937791,0.0868
2024-10-29T01:30:00+00:00,5139.474477,5143.937791,0.0868
2024-10-29T01:45:00+00:00,5139.474477,5143.937791,0.0868
2024-10-29T02:00:00+00:00,5139.474477,5143.937791,0.0868
2024-10-29T02:15:00+00:00,5139.474477,5143.937791,0.0868
2024-10-29T02:30:00+00:00,5139.474477,5143.937791,0.0868
2024-10-29T02:45:00+00:00,5139.474477,5143.937791,0.0868
2024-10-29T03:00:00+00:00,5139.474477,5143.937791,0.0868
2024-10-29T03:15:00+00:00,5139.474477,5143.937791,0.0868
2024-10-29T03:30:00+00:00,5139.474477,5143.937791,0.0868
2024-10-29T03:45:00+00:00,5139.474477,5143.937791,0.0868
2024-10-29T04:00:00+00:00,5139.474477,5143.937791,0.0868
2024-10-29T04:15:00+00:00,5139.474477,5143.937791,0.0868
2024-10-29T04:30:00+00:00,5139.474477,5143.937791,0.0868
2024-10-29T04:45:00+00:00,5139.474477,5143.937791,0.0868
2024-10-29T05:00:00+00:00,5139.474477,5143.937791,0.0868
2024-10-29T05:15:00+00:00,5139.474477,5143.937791,0.0868
2024-10-29T05:30:00+00:00,5139.474477,5143.937791,0.0868
2024-10-29T05:45:00+00:00,5139.474477,5143.937791,0.0868
2024-10-29T06:00:00+00:00,5139.474477,5143.937791,0.0868
2024-10-29T06:15:00+00:00,5139.474477,5143.937791,0.0868
2024-10-29T06:30:00+00:00,5139.474477,5143.937791,0.0868
2024-10-29T06:45:00+00:00,5139.474477,5143.937791,0.0868
2024-10-29T07:00:00+00:00,5139.474477,5143.937791,0.0868
2024-10-29T07:15:00+00:00,5139.474477,5143.937791,0.0868
2024-10-29T07:30:00+00:00,5139.474477,5143.937791,0.0868
2024-10-29T07:45:00+00:00,5139.474477,5143.937791,0.0868
2024-10-29T08:00:00+00:00,5139.474477,5143.937791,0.0868
2024-10-29T08:15:00+00:00,5139.474477,5143.937791,0.0868
2024-10-29T08:30:00+00:00,5139.474477,5143.937791,0.0868
2024-10-29T08:45:00+00:00,5139.474477,5143.937791,0.0868
2024-10-29T09:00:00+00:00,5139.474477,5143.937791,0.0868
2024-10-29T09:15:00+00:00,5139.474477,5143.937791,0.0868
2024-10-29T09:30:00+00:00,5139.474477,5143.937791,0.0868
2024-10-29T09:45:00+00:00,5139.474477,5143.937791,0.0868
2024-10-29T10:00:00+00:00,5139.474477,5143.937791,0.0868
2024-10-29T10:15:00+00:00,5139.474477,5143.937791,0.0868
2024-10-29T10:30:00+00:00,5139.474477,5143.937791,0.0868
2024-10-29T10:45:00+00:00,5139.474477,5143.937791,0.0868
2024-10-29T11:00:00+00:00,5139.474477,5143.937791,0.0868
2024-10-29T11:15:00+00:00,5139.474477,5143.937791,0.0868
2024-10-29T11:30:00+00:00,5139.474477,5143.937791,0.0868
2024-10-29T11:45:00+00:00,5139.474477,5143.937791,0.0868
2024-10-29T12:00:00+00:00,5139.474477,5143.937791,0.0868
2024-10-29T12:15:00+00:00,5139.474477,5143.937791,0.0868
2024-10-29T12:30:00+00:00,5139.474477,5143.937791,0.0868
2024-10-29T12:45:00+00:00,5139.474477,5143.937791,0.0868
2024-10-29T13:00:00+00:00,5139.474477,5143.937791,0.0868
2024-10-29T13:15:00+00:00,5139.474477,5143.937791,0.0868
2024-10-29T13:30:00+00:00,5139.474477,5143.937791,0.0868
2024-10-29T13:45:00+00:00,5139.474477,5143.937791,0.0868
2024-10-29T14:00:00+00:00,5139.474477,5143.937791,0.0868
2024-10-29T14:15:00+00:00,5139.474477,5143.937791,0.0868
2024-10-29T14:30:00+00:00,5139.474477,5143.937791,0.0868
2024-10-29T14:45:00+00:00,5139.474477,5143.937791,0.0868
2024-10-29T15:00:00+00:00,5139.474477,5143.937791,0.0868
2024-10-29T15:15:00+00:00,5139.474477,5143.937791,0.0868
2024-10-29T15:30:00+00:00,5139.474477,5143.937791,0.0868
2024-10-29T15:45:00+00:00,5139.474477,5143.937791,0.0868
2024-10-29T16:00:00+00:00,5139.474477,5143.937791,0.0868
2024-10-29T16:15:00+00:00,5139.474477,5143.937791,0.0868
2024-10-29T16:30:00+00:00,5139.474477,5143.937791,0.0868
2024-10-29T16:45:00+00:00,5139.474477,5143.937791,0.0868
2024-10-29T17:00:00+00:00,5139.474477,5143.937791,0.0868
2024-10-29T17:15:00+00:00,5139.474477,5143.937791,0.0868
2024-10-29T17:30:00+00:00,5139.474477,5143.937791,0.0868
2024-10-29T17:45:00+00:00,5139.474477,5143.937791,0.0868
2024-10-29T18:00:00+00:00,5139.474477,5143.937791,0.0868
2024-10-29T18:15:00+00:00,5139.474477,5143.937791,0.0868
2024-10-29T18:30:00+00:00,5139.474477,5143.937791,0.0868
2024-10-29T18:45:00+00:00,5139.474477,5143.937791,0.0868
2024-10-29T19:00:00+00:00,5139.474477,5143.937791,0.0868
2024-10-29T19:15:00+00:00,5139.474477,5143.937791,0.0868
2024-10-29T19:30:00+00:00,5139.474477,5143.937791,0.0868
2024-10-29T19:45:00+00:00,5139.474477,5143.937791,0.0868
2024-10-29T20:00:00+00:00,5139.474477,5143.937791,0.0868
2024-10-29T20:15:00+00:00,5139.474477,5143.937791,0.0868
2024-10-29T20:30:00+00:00,5139.474477,5143.937791,0.0868
2024-10-29T20:45:00+00:00,5139.474477,5143.937791,0.0868
2024-10-29T21:00:00+00:00,5139.474477,5143.937791,0.0868
2024-10-29T21:15:00+00:00,5139.474477,5143.937791,0.0868
2024-10-29T21:30:00+00:00,5139.474477,5143.937791,0.0868
2024-10-29T21:45:00+00:00,5139.474477,5143.937791,0.0868
2024-10-29T22:00:00+00:00,5139.474477,5143.937791,0.0868
2024-10-29T22:15:00+00:00,5139.474477,5143.937791,0.0868
2024-10-29T22:30:00+00:00,5139.474477,5143.937791,0.0868
2024-10-29T22:45:00+00:00,5139.474477,5143.937791,0.0868
2024-10-29T23:00:00+00:00,5139.474477,5143.937791,0.0868
2024-10-29T23:15:00+00:00,5139.474477,5143.937791,0.0868
2024-10-29T23:30:00+00:00,5139.474477,5143.937791,0.0868
2024-10-29T23:45:00+00:00,5139.474477,5143.937791,0.0868
2024-10-30T00:00:00+00:00,5139.474477,5143.937791,0.0868
2024-10-30T00:15:00+00:00,5139.474477,5143.937791,0.0868
2024-10-30T00:30:00+00:00,5139.474477,5143.937791,0.0868
2024-10-30T00:45:00+00:00,5139.474477,5143.937791,0.0868
2024-10-30T01:00:00+00:00,5139.474477,5143.937791,0.0868
2024-10-30T01:15:00+00:00,5139.474477,5143.937791,0.0868
2024-10-30T01:30:00+00:00,5139.474477,5143.937791,0.0868
2024-10-30T01:45:00+00:00,5139.474477,5143.937791,0.0868
2024-10-30T02:00:00+00:00,5139.474477,5143.937791,0.0868
2024-10-30T02:15:00+00:00,5139.474477,5143.937791,0.0868
2024-10-30T02:30:00+00:00,5139.474477,5143.937791,0.0868
2024-10-30T02:45:00+00:00,5139.474477,5143.937791,0.0868
2024-10-30T03:00:00+00:00,5139.474477,5143.937791,0.0868
2024-10-30T03:15:00+00:00,5139.474477,5143.937791,0.0868
2024-10-30T03:30:00+00:00,5139.474477,5143.937791,0.0868
2024-10-30T03:45:00+00:00,5139.474477,5143.937791,0.0868
2024-10-30T04:00:00+00:00,5139.474477,5143.937791,0.0868
2024-10-30T04:15:00+00:00,5139.474477,5143.937791,0.0868
2024-10-30T04:30:00+00:00,5139.474477,5143.937791,0.0868
2024-10-30T04:45:00+00:00,5139.474477,5143.937791,0.0868
2024-10-30T05:00:00+00:00,5139.474477,5143.937791,0.0868
2024-10-30T05:15:00+00:00,5139.474477,5143.937791,0.0868
2024-10-30T05:30:00+00:00,5139.474477,5143.937791,0.0868
2024-10-30T05:45:00+00:00,5139.474477,5143.937791,0.0868
2024-10-30T06:00:00+00:00,5139.474477,5143.937791,0.0868
2024-10-30T06:15:00+00:00,5139.474477,5143.937791,0.0868
2024-10-30T06:30:00+00:00,5139.474477,5143.937791,0.0868
2024-10-30T06:45:00+00:00,5139.474477,5143.937791,0.0868
2024-10-30T07:00:00+00:00,5139.474477,5143.937791,0.0868
2024-10-30T07:15:00+00:00,5139.474477,5143.937791,0.0868
2024-10-30T07:30:00+00:00,5139.474477,5143.937791,0.0868
2024-10-30T07:45:00+00:00,5139.474477,5143.937791,0.0868
2024-10-30T08:00:00+00:00,5139.474477,5143.937791,0.0868
2024-10-30T08:15:00+00:00,5139.474477,5143.937791,0.0868
2024-10-30T08:30:00+00:00,5139.474477,5143.937791,0.0868
2024-10-30T08:45:00+00:00,5139.474477,5143.937791,0.0868
2024-10-30T09:00:00+00:00,5139.474477,5143.937791,0.0868
2024-10-30T09:15:00+00:00,5139.474477,5143.937791,0.0868
2024-10-30T09:30:00+00:00,5139.474477,5143.937791,0.0868
2024-10-30T09:45:00+00:00,5139.474477,5143.937791,0.0868
2024-10-30T10:00:00+00:00,5139.474477,5143.937791,0.0868
2024-10-30T10:15:00+00:00,5139.474477,5143.937791,0.0868
2024-10-30T10:30:00+00:00,5139.474477,5143.937791,0.0868
2024-10-30T10:45:00+00:00,5139.474477,5143.937791,0.0868
2024-10-30T11:00:00+00:00,5139.474477,5143.937791,0.0868
2024-10-30T11:15:00+00:00,5139.474477,5143.937791,0.0868
2024-10-30T11:30:00+00:00,5139.474477,5143.937791,0.0868
2024-10-30T11:45:00+00:00,5139.474477,5143.937791,0.0868
2024-10-30T12:00:00+00:00,5139.474477,5143.937791,0.0868
2024-10-30T12:15:00+00:00,5139.474477,5143.937791,0.0868
2024-10-30T12:30:00+00:00,5139.474477,5143.937791,0.0868
2024-10-30T12:45:00+00:00,5139.474477,5143.937791,0.0868
2024-10-30T13:00:00+00:00,5139.474477,5143.937791,0.0868
2024-10-30T13:15:00+00:00,5139.474477,5143.937791,0.0868
2024-10-30T13:30:00+00:00,5139.474477,5143.937791,0.0868
2024-10-30T13:45:00+00:00,5139.474477,5143.937791,0.0868
2024-10-30T14:00:00+00:00,5139.474477,5143.937791,0.0868
2024-10-30T14:15:00+00:00,5139.474477,5143.937791,0.0868
2024-10-30T14:30:00+00:00,5139.474477,5143.937791,0.0868
2024-10-30T14:45:00+00:00,5139.474477,5143.937791,0.0868
2024-10-30T15:00:00+00:00,5139.474477,5143.937791,0.0868
2024-10-30T15:15:00+00:00,5139.474477,5143.937791,0.0868
2024-10-30T15:30:00+00:00,5139.474477,5143.937791,0.0868
2024-10-30T15:45:00+00:00,5139.474477,5143.937791,0.0868
2024-10-30T16:00:00+00:00,5139.474477,5143.937791,0.0868
2024-10-30T16:15:00+00:00,5139.474477,5143.937791,0.0868
2024-10-30T16:30:00+00:00,5139.474477,5143.937791,0.0868
2024-10-30T16:45:00+00:00,5139.474477,5143.937791,0.0868
2024-10-30T17:00:00+00:00,5139.474477,5143.937791,0.0868
2024-10-30T17:15:00+00:00,5139.474477,5143.937791,0.0868
2024-10-30T17:30:00+00:00,5139.474477,5143.937791,0.0868
2024-10-30T17:45:00+00:00,5139.474477,5143.937791,0.0868
2024-10-30T18:00:00+00:00,5139.474477,5143.937791,0.0868
2024-10-30T18:15:00+00:00,5139.474477,5143.937791,0.0868
2024-10-30T18:30:00+00:00,5139.474477,5143.937791,0.0868
2024-10-30T18:45:00+00:00,5139.474477,5143.937791,0.0868
2024-10-30T19:00:00+00:00,5139.474477,5143.937791,0.0868
2024-10-30T19:15:00+00:00,5139.474477,5143.937791,0.0868
2024-10-30T19:30:00+00:00,5139.474477,5143.937791,0.0868
2024-10-30T19:45:00+00:00,5139.474477,5143.937791,0.0868
2024-10-30T20:00:00+00:00,5139.474477,5143.937791,0.0868
2024-10-30T20:15:00+00:00,5139.474477,5143.937791,0.0868
2024-10-30T20:30:00+00:00,5139.474477,5143.937791,0.0868
2024-10-30T20:45:00+00:00,5139.474477,5143.937791,0.0868
2024-10-30T21:00:00+00:00,5139.474477,5143.937791,0.0868
2024-10-30T21:15:00+00:00,5139.474477,5143.937791,0.0868
2024-10-30T21:30:00+00:00,5139.474477,5143.937791,0.0868
2024-10-30T21:45:00+00:00,5139.474477,5143.937791,0.0868
2024-10-30T22:00:00+00:00,5139.474477,5143.937791,0.0868
2024-10-30T22:15:00+00:00,5139.474477,5143.937791,0.0868
2024-10-30T22:30:00+00:00,5139.474477,5143.937791,0.0868
2024-10-30T22:45:00+00:00,5139.474477,5143.937791,0.0868
2024-10-30T23:00:00+00:00,5139.474477,5143.937791,0.0868
2024-10-30T23:15:00+00:00,5139.474477,5143.937791,0.0868
2024-10-30T23:30:00+00:00,5139.474477,5143.937791,0.0868
2024-10-30T23:45:00+00:00,5139.474477,5143.937791,0.0868
2024-10-31T00:00:00+00:00,5139.474477,5143.937791,0.0868
2024-10-31T00:15:00+00:00,5139.474477,5143.937791,0.0868
2024-10-31T00:30:00+00:00,5139.474477,5143.937791,0.0868
2024-10-31T00:45:00+00:00,5139.474477,5143.937791,0.0868
2024-10-31T01:00:00+00:00,5139.474477,5143.937791,0.0868
2024-10-31T01:15:00+00:00,5139.474477,5143.937791,0.0868
2024-10-31T01:30:00+00:00,5139.474477,5143.937791,0.0868
2024-10-31T01:45:00+00:00,5139.474477,5143.937791,0.0868
2024-10-31T02:00:00+00:00,5139.474477,5143.937791,0.0868
2024-10-31T02:15:00+00:00,5139.474477,5143.937791,0.0868
2024-10-31T02:30:00+00:00,5139.474477,5143.937791,0.0868
2024-10-31T02:45:00+00:00,5139.474477,5143.937791,0.0868
2024-10-31T03:00:00+00:00,5139.474477,5143.937791,0.0868
2024-10-31T03:15:00+00:00,5139.474477,5143.937791,0.0868
2024-10-31T03:30:00+00:00,5139.474477,5143.937791,0.0868
2024-10-31T03:45:00+00:00,5139.474477,5143.937791,0.0868
2024-10-31T04:00:00+00:00,5139.474477,5143.937791,0.0868
2024-10-31T04:15:00+00:00,5139.474477,5143.937791,0.0868
2024-10-31T04:30:00+00:00,5139.474477,5143.937791,0.0868
2024-10-31T04:45:00+00:00,5139.474477,5143.937791,0.0868
2024-10-31T05:00:00+00:00,5139.474477,5143.937791,0.0868
2024-10-31T05:15:00+00:00,5139.474477,5143.937791,0.0868
2024-10-31T05:30:00+00:00,5139.474477,5143.937791,0.0868
2024-10-31T05:45:00+00:00,5139.474477,5143.937791,0.0868
2024-10-31T06:00:00+00:00,5139.474477,5143.937791,0.0868
2024-10-31T06:15:00+00:00,5139.474477,5143.937791,0.0868
2024-10-31T06:30:00+00:00,5139.474477,5143.937791,0.0868
2024-10-31T06:45:00+00:00,5139.474477,5143.937791,0.0868
2024-10-31T07:00:00+00:00,5139.474477,5143.937791,0.0868
2024-10-31T07:15:00+00:00,5139.474477,5143.937791,0.0868
2024-10-31T07:30:00+00:00,5139.474477,5143.937791,0.0868
2024-10-31T07:45:00+00:00,5139.474477,5143.937791,0.0868
2024-10-31T08:00:00+00:00,5139.474477,5143.937791,0.0868
2024-10-31T08:15:00+00:00,5139.474477,5143.937791,0.0868
2024-10-31T08:30:00+00:00,5139.474477,5143.937791,0.0868
2024-10-31T08:45:00+00:00,5139.474477,5143.937791,0.0868
2024-10-31T09:00:00+00:00,5139.474477,5143.937791,0.0868
2024-10-31T09:15:00+00:00,5139.474477,5143.937791,0.0868
2024-10-31T09:30:00+00:00,5139.474477,5143.937791,0.0868
2024-10-31T09:45:00+00:00,5139.474477,5143.937791,0.0868
2024-10-31T10:00:00+00:00,5139.474477,5143.937791,0.0868
2024-10-31T10:15:00+00:00,5139.474477,5143.937791,0.0868
2024-10-31T10:30:00+00:00,5139.474477,5143.937791,0.0868
2024-10-31T10:45:00+00:00,5139.474477,5143.937791,0.0868
2024-10-31T11:00:00+00:00,5139.474477,5143.937791,0.0868
2024-10-31T11:15:00+00:00,5139.474477,5143.937791,0.0868
2024-10-31T11:30:00+00:00,5139.474477,5143.937791,0.0868
2024-10-31T11:45:00+00:00,5139.474477,5143.937791,0.0868
2024-10-31T12:00:00+00:00,5139.474477,5143.937791,0.0868
2024-10-31T12:15:00+00:00,5139.474477,5143.937791,0.0868
2024-10-31T12:30:00+00:00,5139.474477,5143.937791,0.0868
2024-10-31T12:45:00+00:00,5139.474477,5143.937791,0.0868
2024-10-31T13:00:00+00:00,5139.474477,5143.937791,0.0868
2024-10-31T13:15:00+00:00,5139.474477,5143.937791,0.0868
2024-10-31T13:30:00+00:00,5139.474477,5143.937791,0.0868
2024-10-31T13:45:00+00:00,5139.474477,5143.937791,0.0868
2024-10-31T14:00:00+00:00,5139.474477,5143.937791,0.0868
2024-10-31T14:15:00+00:00,5139.474477,5143.937791,0.0868
2024-10-31T14:30:00+00:00,5139.474477,5143.937791,0.0868
2024-10-31T14:45:00+00:00,5139.474477,5143.937791,0.0868
2024-10-31T15:00:00+00:00,5139.474477,5143.937791,0.0868
2024-10-31T15:15:00+00:00,5139.474477,5143.937791,0.0868
2024-10-31T15:30:00+00:00,5139.474477,5143.937791,0.0868
2024-10-31T15:45:00+00:00,5139.474477,5143.937791,0.0868
2024-10-31T16:00:00+00:00,5139.474477,5143.937791,0.0868
2024-10-31T16:15:00+00:00,5139.474477,5143.937791,0.0868
2024-10-31T16:30:00+00:00,5139.474477,5143.937791,0.0868
2024-10-31T16:45:00+00:00,5139.474477,5143.937791,0.0868
2024-10-31T17:00:00+00:00,5139.474477,5143.937791,0.0868
2024-10-31T17:15:00+00:00,5139.474477,5143.937791,0.0868
2024-10-31T17:30:00+00:00,5139.474477,5143.937791,0.0868
2024-10-31T17:45:00+00:00,5139.474477,5143.937791,0.0868
2024-10-31T18:00:00+00:00,5139.474477,5143.937791,0.0868
2024-10-31T18:15:00+00:00,5139.474477,5143.937791,0.0868
2024-10-31T18:30:00+00:00,5139.474477,5143.937791,0.0868
2024-10-31T18:45:00+00:00,5139.474477,5143.937791,0.0868
2024-10-31T19:00:00+00:00,5139.474477,5143.937791,0.0868
2024-10-31T19:15:00+00:00,5139.474477,5143.937791,0.0868
2024-10-31T19:30:00+00:00,5139.474477,5143.937791,0.0868
2024-10-31T19:45:00+00:00,5139.474477,5143.937791,0.0868
2024-10-31T20:00:00+00:00,5139.474477,5143.937791,0.0868
2024-10-31T20:15:00+00:00,5139.474477,5143.937791,0.0868
2024-10-31T20:30:00+00:00,5139.474477,5143.937791,0.0868
2024-10-31T20:45:00+00:00,5139.474477,5143.937791,0.0868
2024-10-31T21:00:00+00:00,5139.474477,5143.937791,0.0868
2024-10-31T21:15:00+00:00,5139.474477,5143.937791,0.0868
2024-10-31T21:30:00+00:00,5139.474477,5143.937791,0.0868
2024-10-31T21:45:00+00:00,5139.474477,5143.937791,0.0868
2024-10-31T22:00:00+00:00,5139.474477,5143.937791,0.0868
2024-10-31T22:15:00+00:00,5139.474477,5143.937791,0.0868
2024-10-31T22:30:00+00:00,5139.474477,5143.937791,0.0868
2024-10-31T22:45:00+00:00,5139.474477,5143.937791,0.0868
2024-10-31T23:00:00+00:00,5139.474477,5143.937791,0.0868
2024-10-31T23:15:00+00:00,5139.474477,5143.937791,0.0868
2024-10-31T23:30:00+00:00,5139.474477,5143.937791,0.0868
2024-10-31T23:45:00+00:00,5139.474477,5143.937791,0.0868
2024-11-01T00:00:00+00:00,5139.474477,5143.937791,0.0868
2024-11-01T00:15:00+00:00,5139.474477,5143.937791,0.0868
2024-11-01T00:30:00+00:00,5139.474477,5143.937791,0.0868
2024-11-01T00:45:00+00:00,5139.474477,5143.937791,0.0868
2024-11-01T01:00:00+00:00,5139.474477,5143.937791,0.0868
2024-11-01T01:15:00+00:00,5139.474477,5143.937791,0.0868
2024-11-01T01:30:00+00:00,5139.474477,5143.937791,0.0868
2024-11-01T01:45:00+00:00,5139.474477,5143.937791,0.0868
2024-11-01T02:00:00+00:00,5139.474477,5143.937791,0.0868
2024-11-01T02:15:00+00:00,5139.474477,5143.937791,0.0868
2024-11-01T02:30:00+00:00,5139.474477,5143.937791,0.0868
2024-11-01T02:45:00+00:00,5139.474477,5143.937791,0.0868
2024-11-01T03:00:00+00:00,5139.474477,5143.937791,0.0868
2024-11-01T03:15:00+00:00,5139.474477,5143.937791,0.0868
2024-11-01T03:30:00+00:00,5139.474477,5143.937791,0.0868
2024-11-01T03:45:00+00:00,5139.474477,5143.937791,0.0868
2024-11-01T04:00:00+00:00,5139.474477,5143.937791,0.0868
2024-11-01T04:15:00+00:00,5139.474477,5143.937791,0.0868
2024-11-01T04:30:00+00:00,5139.474477,5143.937791,0.0868
2024-11-01T04:45:00+00:00,5139.474477,5143.937791,0.0868
2024-11-01T05:00:00+00:00,5139.474477,5143.937791,0.0868
2024-11-01T05:15:00+00:00,5139.474477,5143.937791,0.0868
2024-11-01T05:30:00+00:00,5139.474477,5143.937791,0.0868
2024-11-01T05:45:00+00:00,5139.474477,5143.937791,0.0868
2024-11-01T06:00:00+00:00,5139.474477,5143.937791,0.0868
2024-11-01T06:15:00+00:00,5139.474477,5143.937791,0.0868
2024-11-01T06:30:00+00:00,5139.474477,5143.937791,0.0868
2024-11-01T06:45:00+00:00,5139.474477,5143.937791,0.0868
2024-11-01T07:00:00+00:00,5139.474477,5143.937791,0.0868
2024-11-01T07:15:00+00:00,5139.474477,5143.937791,0.0868
2024-11-01T07:30:00+00:00,5139.474477,5143.937791,0.0868
2024-11-01T07:45:00+00:00,5139.474477,5143.937791,0.0868
2024-11-01T08:00:00+00:00,5139.474477,5143.937791,0.0868
2024-11-01T08:15:00+00:00,5139.474477,5143.937791,0.0868
2024-11-01T08:30:00+00:00,5139.474477,5143.937791,0.0868
2024-11-01T08:45:00+00:00,5139.474477,5143.937791,0.0868
2024-11-01T09:00:00+00:00,5139.474477,5143.937791,0.0868
2024-11-01T09:15:00+00:00,5139.474477,5143.937791,0.0868
2024-11-01T09:30:00+00:00,5139.474477,5143.937791,0.0868
2024-11-01T09:45:00+00:00,5139.474477,5143.937791,0.0868
2024-11-01T10:00:00+00:00,5139.474477,5143.937791,0.0868
2024-11-01T10:15:00+00:00,5139.474477,5143.937791,0.0868
2024-11-01T10:30:00+00:00,5139.474477,5143.937791,0.0868
2024-11-01T10:45:00+00:00,5139.474477,5143.937791,0.0868
2024-11-01T11:00:00+00:00,5139.474477,5143.937791,0.0868
2024-11-01T11:15:00+00:00,5139.474477,5143.937791,0.0868
2024-11-01T11:30:00+00:00,5139.474477,5143.937791,0.0868
2024-11-01T11:45:00+00:00,5139.474477,5143.937791,0.0868
2024-11-01T12:00:00+00:00,5139.474477,5143.937791,0.0868
2024-11-01T12:15:00+00:00,5139.474477,5143.937791,0.0868
2024-11-01T12:30:00+00:00,5139.474477,5143.937791,0.0868
2024-11-01T12:45:00+00:00,5139.474477,5143.937791,0.0868
2024-11-01T13:00:00+00:00,5139.474477,5143.937791,0.0868
2024-11-01T13:15:00+00:00,5139.474477,5143.937791,0.0868
2024-11-01T13:30:00+00:00,5139.474477,5143.937791,0.0868
2024-11-01T13:45:00+00:00,5139.474477,5143.937791,0.0868
2024-11-01T14:00:00+00:00,5139.474477,5143.937791,0.0868
2024-11-01T14:15:00+00:00,5139.474477,5143.937791,0.0868
2024-11-01T14:30:00+00:00,5139.474477,5143.937791,0.0868
2024-11-01T14:45:00+00:00,5139.474477,5143.937791,0.0868
2024-11-01T15:00:00+00:00,5139.474477,5143.937791,0.0868
2024-11-01T15:15:00+00:00,5139.474477,5143.937791,0.0868
2024-11-01T15:30:00+00:00,5139.474477,5143.937791,0.0868
2024-11-01T15:45:00+00:00,5139.474477,5143.937791,0.0868
2024-11-01T16:00:00+00:00,5139.474477,5143.937791,0.0868
2024-11-01T16:15:00+00:00,5139.474477,5143.937791,0.0868
2024-11-01T16:30:00+00:00,5139.474477,5143.937791,0.0868
2024-11-01T16:45:00+00:00,5139.474477,5143.937791,0.0868
2024-11-01T17:00:00+00:00,5139.474477,5143.937791,0.0868
2024-11-01T17:15:00+00:00,5139.474477,5143.937791,0.0868
2024-11-01T17:30:00+00:00,5139.474477,5143.937791,0.0868
2024-11-01T17:45:00+00:00,5139.474477,5143.937791,0.0868
2024-11-01T18:00:00+00:00,5139.474477,5143.937791,0.0868
2024-11-01T18:15:00+00:00,5139.474477,5143.937791,0.0868
2024-11-01T18:30:00+00:00,5139.474477,5143.937791,0.0868
2024-11-01T18:45:00+00:00,5139.474477,5143.937791,0.0868
2024-11-01T19:00:00+00:00,5139.474477,5143.937791,0.0868
2024-11-01T19:15:00+00:00,5139.474477,5143.937791,0.0868
2024-11-01T19:30:00+00:00,5139.474477,5143.937791,0.0868
2024-11-01T19:45:00+00:00,5139.474477,5143.937791,0.0868
2024-11-01T20:00:00+00:00,5139.474477,5143.937791,0.0868
2024-11-01T20:15:00+00:00,5139.474477,5143.937791,0.0868
2024-11-01T20:30:00+00:00,5139.474477,5143.937791,0.0868
2024-11-01T20:45:00+00:00,5139.474477,5143.937791,0.0868
2024-11-01T21:00:00+00:00,5139.474477,5143.937791,0.0868
2024-11-01T21:15:00+00:00,5139.474477,5143.937791,0.0868
2024-11-01T21:30:00+00:00,5139.474477,5143.937791,0.0868
2024-11-01T21:45:00+00:00,5139.474477,5143.937791,0.0868
2024-11-01T22:00:00+00:00,5139.474477,5143.937791,0.0868
2024-11-01T22:15:00+00:00,5139.474477,5143.937791,0.0868
2024-11-01T22:30:00+00:00,5139.474477,5143.937791,0.0868
2024-11-01T22:45:00+00:00,5139.474477,5143.937791,0.0868
2024-11-01T23:00:00+00:00,5139.474477,5143.937791,0.0868
2024-11-01T23:15:00+00:00,5139.474477,5143.937791,0.0868
2024-11-01T23:30:00+00:00,5139.474477,5143.937791,0.0868
2024-11-01T23:45:00+00:00,5139.474477,5143.937791,0.0868
2024-11-02T00:00:00+00:00,5139.474477,5143.937791,0.0868
2024-11-02T00:15:00+00:00,5139.474477,5143.937791,0.0868
2024-11-02T00:30:00+00:00,5139.474477,5143.937791,0.0868
2024-11-02T00:45:00+00:00,5139.474477,5143.937791,0.0868
2024-11-02T01:00:00+00:00,5139.474477,5143.937791,0.0868
2024-11-02T01:15:00+00:00,5139.474477,5143.937791,0.0868
2024-11-02T01:30:00+00:00,5139.474477,5143.937791,0.0868
2024-11-02T01:45:00+00:00,5139.474477,5143.937791,0.0868
2024-11-02T02:00:00+00:00,5139.474477,5143.937791,0.0868
2024-11-02T02:15:00+00:00,5139.474477,5143.937791,0.0868
2024-11-02T02:30:00+00:00,5139.474477,5143.937791,0.0868
2024-11-02T02:45:00+00:00,5139.474477,5143.937791,0.0868
2024-11-02T03:00:00+00:00,5139.474477,5143.937791,0.0868
2024-11-02T03:15:00+00:00,5139.474477,5143.937791,0.0868
2024-11-02T03:30:00+00:00,5139.474477,5143.937791,0.0868
2024-11-02T03:45:00+00:00,5139.474477,5143.937791,0.0868
2024-11-02T04:00:00+00:00,5139.474477,5143.937791,0.0868
2024-11-02T04:15:00+00:00,5139.474477,5143.937791,0.0868
2024-11-02T04:30:00+00:00,5139.474477,5143.937791,0.0868
2024-11-02T04:45:00+00:00,5139.474477,5143.937791,0.0868
2024-11-02T05:00:00+00:00,5139.474477,5143.937791,0.0868
2024-11-02T05:15:00+00:00,5139.474477,5143.937791,0.0868
2024-11-02T05:30:00+00:00,5139.474477,5143.937791,0.0868
2024-11-02T05:45:00+00:00,5139.474477,5143.937791,0.0868
2024-11-02T06:00:00+00:00,5139.474477,5143.937791,0.0868
2024-11-02T06:15:00+00:00,5139.474477,5143.937791,0.0868
2024-11-02T06:30:00+00:00,5139.474477,5143.937791,0.0868
2024-11-02T06:45:00+00:00,5139.474477,5143.937791,0.0868
2024-11-02T07:00:00+00:00,5139.474477,5143.937791,0.0868
2024-11-02T07:15:00+00:00,5139.474477,5143.937791,0.0868
2024-11-02T07:30:00+00:00,5139.474477,5143.937791,0.0868
2024-11-02T07:45:00+00:00,5139.474477,5143.937791,0.0868
2024-11-02T08:00:00+00:00,5139.474477,5143.937791,0.0868
2024-11-02T08:15:00+00:00,5139.474477,5143.937791,0.0868
2024-11-02T08:30:00+00:00,5139.474477,5143.937791,0.0868
2024-11-02T08:45:00+00:00,5139.474477,5143.937791,0.0868
2024-11-02T09:00:00+00:00,5139.474477,5143.937791,0.0868
2024-11-02T09:15:00+00:00,5139.474477,5143.937791,0.0868
2024-11-02T09:30:00+00:00,5139.474477,5143.937791,0.0868
2024-11-02T09:45:00+00:00,5139.474477,5143.937791,0.0868
2024-11-02T10:00:00+00:00,5139.474477,5143.937791,0.0868
2024-11-02T10:15:00+00:00,5139.474477,5143.937791,0.0868
2024-11-02T10:30:00+00:00,5139.474477,5143.937791,0.0868
2024-11-02T10:45:00+00:00,5139.474477,5143.937791,0.0868
2024-11-02T11:00:00+00:00,5139.474477,5143.937791,0.0868
2024-11-02T11:15:00+00:00,5139.474477,5143.937791,0.0868
2024-11-02T11:30:00+00:00,5139.474477,5143.937791,0.0868
2024-11-02T11:45:00+00:00,5139.474477,5143.937791,0.0868
2024-11-02T12:00:00+00:00,5139.474477,5143.937791,0.0868
2024-11-02T12:15:00+00:00,5139.474477,5143.937791,0.0868
2024-11-02T12:30:00+00:00,5139.474477,5143.937791,0.0868
2024-11-02T12:45:00+00:00,5139.474477,5143.937791,0.0868
2024-11-02T13:00:00+00:00,5139.474477,5143.937791,0.0868
2024-11-02T13:15:00+00:00,5139.474477,5143.937791,0.0868
2024-11-02T13:30:00+00:00,5139.474477,5143.937791,0.0868
2024-11-02T13:45:00+00:00,5139.474477,5143.937791,0.0868
2024-11-02T14:00:00+00:00,5139.474477,5143.937791,0.0868
2024-11-02T14:15:00+00:00,5139.474477,5143.937791,0.0868
2024-11-02T14:30:00+00:00,5139.474477,5143.937791,0.0868
2024-11-02T14:45:00+00:00,5139.474477,5143.937791,0.0868
2024-11-02T15:00:00+00:00,5139.474477,5143.937791,0.0868
2024-11-02T15:15:00+00:00,5139.474477,5143.937791,0.0868
2024-11-02T15:30:00+00:00,5139.474477,5143.937791,0.0868
2024-11-02T15:45:00+00:00,5139.474477,5143.937791,0.0868
2024-11-02T16:00:00+00:00,5139.474477,5143.937791,0.0868
2024-11-02T16:15:00+00:00,5139.474477,5143.937791,0.0868
2024-11-02T16:30:00+00:00,5139.474477,5143.937791,0.0868
2024-11-02T16:45:00+00:00,5139.474477,5143.937791,0.0868
2024-11-02T17:00:00+00:00,5139.474477,5143.937791,0.0868
2024-11-02T17:15:00+00:00,5139.474477,5143.937791,0.0868
2024-11-02T17:30:00+00:00,5139.474477,5143.937791,0.0868
2024-11-02T17:45:00+00:00,5139.474477,5143.937791,0.0868
2024-11-02T18:00:00+00:00,5139.474477,5143.937791,0.0868
2024-11-02T18:15:00+00:00,5139.474477,5143.937791,0.0868
2024-11-02T18:30:00+00:00,5139.474477,5143.937791,0.0868
2024-11-02T18:45:00+00:00,5139.474477,5143.937791,0.0868
2024-11-02T19:00:00+00:00,5139.474477,5143.937791,0.0868
2024-11-02T19:15:00+00:00,5139.474477,5143.937791,0.0868
2024-11-02T19:30:00+00:00,5139.474477,5143.937791,0.0868
2024-11-02T19:45:00+00:00,5139.474477,5143.937791,0.0868
2024-11-02T20:00:00+00:00,5139.474477,5143.937791,0.0868
2024-11-02T20:15:00+00:00,5139.474477,5143.937791,0.0868
2024-11-02T20:30:00+00:00,5139.474477,5143.937791,0.0868
2024-11-02T20:45:00+00:00,5139.474477,5143.937791,0.0868
2024-11-02T21:00:00+00:00,5139.474477,5143.937791,0.0868
2024-11-02T21:15:00+00:00,5139.474477,5143.937791,0.0868
2024-11-02T21:30:00+00:00,5139.474477,5143.937791,0.0868
2024-11-02T21:45:00+00:00,5139.474477,5143.937791,0.0868
2024-11-02T22:00:00+00:00,5139.474477,5143.937791,0.0868
2024-11-02T22:15:00+00:00,5139.474477,5143.937791,0.0868
2024-11-02T22:30:00+00:00,5139.474477,5143.937791,0.0868
2024-11-02T22:45:00+00:00,5139.474477,5143.937791,0.0868
2024-11-02T23:00:00+00:00,5139.474477,5143.937791,0.0868
2024-11-02T23:15:00+00:00,5139.474477,5143.937791,0.0868
2024-11-02T23:30:00+00:00,5139.474477,5143.937791,0.0868
2024-11-02T23:45:00+00:00,5139.474477,5143.937791,0.0868
2024-11-03T00:00:00+00:00,5139.474477,5143.937791,0.0868
2024-11-03T00:15:00+00:00,5139.474477,5143.937791,0.0868
2024-11-03T00:30:00+00:00,5139.474477,5143.937791,0.0868
2024-11-03T00:45:00+00:00,5139.474477,5143.937791,0.0868
2024-11-03T01:00:00+00:00,5139.474477,5143.937791,0.0868
2024-11-03T01:15:00+00:00,5139.474477,5143.937791,0.0868
2024-11-03T01:30:00+00:00,5139.474477,5143.937791,0.0868
2024-11-03T01:45:00+00:00,5139.474477,5143.937791,0.0868
2024-11-03T02:00:00+00:00,5139.474477,5143.937791,0.0868
2024-11-03T02:15:00+00:00,5139.474477,5143.937791,0.0868
2024-11-03T02:30:00+00:00,5139.474477,5143.937791,0.0868
2024-11-03T02:45:00+00:00,5139.474477,5143.937791,0.0868
2024-11-03T03:00:00+00:00,5139.474477,5143.937791,0.0868
2024-11-03T03:15:00+00:00,5139.474477,5143.937791,0.0868
2024-11-03T03:30:00+00:00,5139.474477,5143.937791,0.0868
2024-11-03T03:45:00+00:00,5139.474477,5143.937791,0.0868
2024-11-03T04:00:00+00:00,5139.474477,5143.937791,0.0868
2024-11-03T04:15:00+00:00,5139.474477,5143.937791,0.0868
2024-11-03T04:30:00+00:00,5139.474477,5143.937791,0.0868
2024-11-03T04:45:00+00:00,5139.474477,5143.937791,0.0868
2024-11-03T05:00:00+00:00,5139.474477,5143.937791,0.0868
2024-11-03T05:15:00+00:00,5139.474477,5143.937791,0.0868
2024-11-03T05:30:00+00:00,5139.474477,5143.937791,0.0868
2024-11-03T05:45:00+00:00,5139.474477,5143.937791,0.0868
2024-11-03T06:00:00+00:00,5139.474477,5143.937791,0.0868
2024-11-03T06:15:00+00:00,5139.474477,5143.937791,0.0868
2024-11-03T06:30:00+00:00,5139.474477,5143.937791,0.0868
2024-11-03T06:45:00+00:00,5139.474477,5143.937791,0.0868
2024-11-03T07:00:00+00:00,5139.474477,5143.937791,0.0868
2024-11-03T07:15:00+00:00,5139.474477,5143.937791,0.0868
2024-11-03T07:30:00+00:00,5139.474477,5143.937791,0.0868
2024-11-03T07:45:00+00:00,5139.474477,5143.937791,0.0868
2024-11-03T08:00:00+00:00,5139.474477,5143.937791,0.0868
2024-11-03T08:15:00+00:00,5139.474477,5143.937791,0.0868
2024-11-03T08:30:00+00:00,5139.474477,5143.937791,0.0868
2024-11-03T08:45:00+00:00,5139.474477,5143.937791,0.0868
2024-11-03T09:00:00+00:00,5139.474477,5143.937791,0.0868
2024-11-03T09:15:00+00:00,5139.474477,5143.937791,0.0868
2024-11-03T09:30:00+00:00,5139.474477,5143.937791,0.0868
2024-11-03T09:45:00+00:00,5139.474477,5143.937791,0.0868
2024-11-03T10:00:00+00:00,5139.474477,5143.937791,0.0868
2024-11-03T10:15:00+00:00,5139.474477,5143.937791,0.0868
2024-11-03T10:30:00+00:00,5139.474477,5143.937791,0.0868
2024-11-03T10:45:00+00:00,5139.474477,5143.937791,0.0868
2024-11-03T11:00:00+00:00,5139.474477,5143.937791,0.0868
2024-11-03T11:15:00+00:00,5139.474477,5143.937791,0.0868
2024-11-03T11:30:00+00:00,5139.474477,5143.937791,0.0868
2024-11-03T11:45:00+00:00,5139.474477,5143.937791,0.0868
2024-11-03T12:00:00+00:00,5139.474477,5143.937791,0.0868
2024-11-03T12:15:00+00:00,5139.474477,5143.937791,0.0868
2024-11-03T12:30:00+00:00,5139.474477,5143.937791,0.0868
2024-11-03T12:45:00+00:00,5139.474477,5143.937791,0.0868
2024-11-03T13:00:00+00:00,5139.474477,5143.937791,0.0868
2024-11-03T13:15:00+00:00,5139.474477,5143.937791,0.0868
2024-11-03T13:30:00+00:00,5139.474477,5143.937791,0.0868
2024-11-03T13:45:00+00:00,5139.474477,5143.937791,0.0868
2024-11-03T14:00:00+00:00,5139.474477,5143.937791,0.0868
2024-11-03T14:15:00+00:00,5139.474477,5143.937791,0.0868
2024-11-03T14:30:00+00:00,5139.474477,5143.937791,0.0868
2024-11-03T14:45:00+00:00,5139.474477,5143.937791,0.0868
2024-11-03T15:00:00+00:00,5139.474477,5143.937791,0.0868
2024-11-03T15:15:00+00:00,5139.474477,5143.937791,0.0868
2024-11-03T15:30:00+00:00,5139.474477,5143.937791,0.0868
2024-11-03T15:45:00+00:00,5139.474477,5143.937791,0.0868
2024-11-03T16:00:00+00:00,5139.474477,5143.937791,0.0868
2024-11-03T16:15:00+00:00,5139.474477,5143.937791,0.0868
2024-11-03T16:30:00+00:00,5139.474477,5143.937791,0.0868
2024-11-03T16:45:00+00:00,5139.474477,5143.937791,0.0868
2024-11-03T17:00:00+00:00,5139.474477,5143.937791,0.0868
2024-11-03T17:15:00+00:00,5139.474477,5143.937791,0.0868
2024-11-03T17:30:00+00:00,5139.474477,5143.937791,0.0868
2024-11-03T17:45:00+00:00,5139.474477,5143.937791,0.0868
2024-11-03T18:00:00+00:00,5139.474477,5143.937791,0.0868
2024-11-03T18:15:00+00:00,5139.474477,5143.937791,0.0868
2024-11-03T18:30:00+00:00,5139.474477,5143.937791,0.0868
2024-11-03T18:45:00+00:00,5139.474477,5143.937791,0.0868
2024-11-03T19:00:00+00:00,5139.474477,5143.937791,0.0868
2024-11-03T19:15:00+00:00,5139.474477,5143.937791,0.0868
2024-11-03T19:30:00+00:00,5139.474477,5143.937791,0.0868
2024-11-03T19:45:00+00:00,5139.474477,5143.937791,0.0868
2024-11-03T20:00:00+00:00,5139.474477,5143.937791,0.0868
2024-11-03T20:15:00+00:00,5139.474477,5143.937791,0.0868
2024-11-03T20:30:00+00:00,5139.474477,5143.937791,0.0868
2024-11-03T20:45:00+00:00,5139.474477,5143.937791,0.0868
2024-11-03T21:00:00+00:00,5139.474477,5143.937791,0.0868
2024-11-03T21:15:00+00:00,5139.474477,5143.937791,0.0868
2024-11-03T21:30:00+00:00,5139.474477,5143.937791,0.0868
2024-11-03T21:45:00+00:00,5139.474477,5143.937791,0.0868
2024-11-03T22:00:00+00:00,5139.474477,5143.937791,0.0868
2024-11-03T22:15:00+00:00,5139.474477,5143.937791,0.0868
2024-11-03T22:30:00+00:00,5139.474477,5143.937791,0.0868
2024-11-03T22:45:00+00:00,5139.474477,5143.937791,0.0868
2024-11-03T23:00:00+00:00,5139.474477,5143.937791,0.0868
2024-11-03T23:15:00+00:00,5139.474477,5143.937791,0.0868
2024-11-03T23:30:00+00:00,5139.474477,5143.937791,0.0868
2024-11-03T23:45:00+00:00,5139.474477,5143.937791,0.0868
2024-11-04T00:00:00+00:00,5139.474477,5143.937791,0.0868
2024-11-04T00:15:00+00:00,5139.474477,5143.937791,0.0868
2024-11-04T00:30:00+00:00,5139.474477,5143.937791,0.0868
2024-11-04T00:45:00+00:00,5139.474477,5143.937791,0.0868
2024-11-04T01:00:00+00:00,5139.474477,5143.937791,0.0868
2024-11-04T01:15:00+00:00,5139.474477,5143.937791,0.0868
2024-11-04T01:30:00+00:00,5139.474477,5143.937791,0.0868
2024-11-04T01:45:00+00:00,5139.474477,5143.937791,0.0868
2024-11-04T02:00:00+00:00,5139.474477,5143.937791,0.0868
2024-11-04T02:15:00+00:00,5139.474477,5143.937791,0.0868
2024-11-04T02:30:00+00:00,5139.474477,5143.937791,0.0868
2024-11-04T02:45:00+00:00,5139.474477,5143.937791,0.0868
2024-11-04T03:00:00+00:00,5139.474477,5143.937791,0.0868
2024-11-04T03:15:00+00:00,5139.474477,5143.937791,0.0868
2024-11-04T03:30:00+00:00,5139.474477,5143.937791,0.0868
2024-11-04T03:45:00+00:00,5139.474477,5143.937791,0.0868
2024-11-04T04:00:00+00:00,5139.474477,5143.937791,0.0868
2024-11-04T04:15:00+00:00,5139.474477,5143.937791,0.0868
2024-11-04T04:30:00+00:00,5139.474477,5143.937791,0.0868
2024-11-04T04:45:00+00:00,5139.474477,5143.937791,0.0868
2024-11-04T05:00:00+00:00,5139.474477,5143.937791,0.0868
2024-11-04T05:15:00+00:00,5139.474477,5143.937791,0.0868
2024-11-04T05:30:00+00:00,5139.474477,5143.937791,0.0868
2024-11-04T05:45:00+00:00,5139.474477,5143.937791,0.0868
2024-11-04T06:00:00+00:00,5139.474477,5143.937791,0.0868
2024-11-04T06:15:00+00:00,5139.474477,5143.937791,0.0868
2024-11-04T06:30:00+00:00,5139.474477,5143.937791,0.0868
2024-11-04T06:45:00+00:00,5139.474477,5143.937791,0.0868
2024-11-04T07:00:00+00:00,5139.474477,5143.937791,0.0868
2024-11-04T07:15:00+00:00,5139.474477,5143.937791,0.0868
2024-11-04T07:30:00+00:00,5139.474477,5143.937791,0.0868
2024-11-04T07:45:00+00:00,5139.474477,5143.937791,0.0868
2024-11-04T08:00:00+00:00,5139.474477,5143.937791,0.0868
2024-11-04T08:15:00+00:00,5139.474477,5143.937791,0.0868
2024-11-04T08:30:00+00:00,5139.474477,5143.937791,0.0868
2024-11-04T08:45:00+00:00,5139.474477,5143.937791,0.0868
2024-11-04T09:00:00+00:00,5139.474477,5143.937791,0.0868
2024-11-04T09:15:00+00:00,5139.474477,5143.937791,0.0868
2024-11-04T09:30:00+00:00,5139.474477,5143.937791,0.0868
2024-11-04T09:45:00+00:00,5139.474477,5143.937791,0.0868
2024-11-04T10:00:00+00:00,5139.474477,5143.937791,0.0868
2024-11-04T10:15:00+00:00,5139.474477,5143.937791,0.0868
2024-11-04T10:30:00+00:00,5139.474477,5143.937791,0.0868
2024-11-04T10:45:00+00:00,5139.474477,5143.937791,0.0868
2024-11-04T11:00:00+00:00,5139.474477,5143.937791,0.0868
2024-11-04T11:15:00+00:00,5139.474477,5143.937791,0.0868
2024-11-04T11:30:00+00:00,5139.474477,5143.937791,0.0868
2024-11-04T11:45:00+00:00,5139.474477,5143.937791,0.0868
2024-11-04T12:00:00+00:00,5139.474477,5143.937791,0.0868
2024-11-04T12:15:00+00:00,5139.474477,5143.937791,0.0868
2024-11-04T12:30:00+00:00,5139.474477,5143.937791,0.0868
2024-11-04T12:45:00+00:00,5139.474477,5143.937791,0.0868
2024-11-04T13:00:00+00:00,5139.474477,5143.937791,0.0868
2024-11-04T13:15:00+00:00,5139.474477,5143.937791,0.0868
2024-11-04T13:30:00+00:00,5139.474477,5143.937791,0.0868
2024-11-04T13:45:00+00:00,5139.474477,5143.937791,0.0868
2024-11-04T14:00:00+00:00,5139.474477,5143.937791,0.0868
2024-11-04T14:15:00+00:00,5139.474477,5143.937791,0.0868
2024-11-04T14:30:00+00:00,5139.474477,5143.937791,0.0868
2024-11-04T14:45:00+00:00,5139.474477,5143.937791,0.0868
2024-11-04T15:00:00+00:00,5139.474477,5143.937791,0.0868
2024-11-04T15:15:00+00:00,5139.474477,5143.937791,0.0868
2024-11-04T15:30:00+00:00,5139.474477,5143.937791,0.0868
2024-11-04T15:45:00+00:00,5139.474477,5143.937791,0.0868
2024-11-04T16:00:00+00:00,5139.474477,5143.937791,0.0868
2024-11-04T16:15:00+00:00,5139.474477,5143.937791,0.0868
2024-11-04T16:30:00+00:00,5139.474477,5143.937791,0.0868
2024-11-04T16:45:00+00:00,5139.474477,5143.937791,0.0868
2024-11-04T17:00:00+00:00,5139.474477,5143.937791,0.0868
2024-11-04T17:15:00+00:00,5139.474477,5143.937791,0.0868
2024-11-04T17:30:00+00:00,5139.474477,5143.937791,0.0868
2024-11-04T17:45:00+00:00,5139.474477,5143.937791,0.0868
2024-11-04T18:00:00+00:00,5139.474477,5143.937791,0.0868
2024-11-04T18:15:00+00:00,5139.474477,5143.937791,0.0868
2024-11-04T18:30:00+00:00,5139.474477,5143.937791,0.0868
2024-11-04T18:45:00+00:00,5139.474477,5143.937791,0.0868
2024-11-04T19:00:00+00:00,5139.474477,5143.937791,0.0868
2024-11-04T19:15:00+00:00,5139.474477,5143.937791,0.0868
2024-11-04T19:30:00+00:00,5139.474477,5143.937791,0.0868
2024-11-04T19:45:00+00:00,5139.474477,5143.937791,0.0868
2024-11-04T20:00:00+00:00,5139.474477,5143.937791,0.0868
2024-11-04T20:15:00+00:00,5139.474477,5143.937791,0.0868
2024-11-04T20:30:00+00:00,5139.474477,5143.937791,0.0868
2024-11-04T20:45:00+00:00,5139.474477,5143.937791,0.0868
2024-11-04T21:00:00+00:00,5139.474477,5143.937791,0.0868
2024-11-04T21:15:00+00:00,5139.474477,5143.937791,0.0868
2024-11-04T21:30:00+00:00,5139.474477,5143.937791,0.0868
2024-11-04T21:45:00+00:00,5139.474477,5143.937791,0.0868
2024-11-04T22:00:00+00:00,5139.474477,5143.937791,0.0868
2024-11-04T22:15:00+00:00,5139.474477,5143.937791,0.0868
2024-11-04T22:30:00+00:00,5139.474477,5143.937791,0.0868
2024-11-04T22:45:00+00:00,5139.474477,5143.937791,0.0868
2024-11-04T23:00:00+00:00,5139.474477,5143.937791,0.0868
2024-11-04T23:15:00+00:00,5139.474477,5143.937791,0.0868
2024-11-04T23:30:00+00:00,5139.474477,5143.937791,0.0868
2024-11-04T23:45:00+00:00,5139.474477,5143.937791,0.0868
2024-11-05T00:00:00+00:00,5139.474477,5143.937791,0.0868
2024-11-05T00:15:00+00:00,5139.474477,5143.937791,0.0868
2024-11-05T00:30:00+00:00,5139.474477,5143.937791,0.0868
2024-11-05T00:45:00+00:00,5139.474477,5143.937791,0.0868
2024-11-05T01:00:00+00:00,5139.474477,5143.937791,0.0868
2024-11-05T01:15:00+00:00,5139.474477,5143.937791,0.0868
2024-11-05T01:30:00+00:00,5139.474477,5143.937791,0.0868
2024-11-05T01:45:00+00:00,5139.474477,5143.937791,0.0868
2024-11-05T02:00:00+00:00,5139.474477,5143.937791,0.0868
2024-11-05T02:15:00+00:00,5139.474477,5143.937791,0.0868
2024-11-05T02:30:00+00:00,5139.474477,5143.937791,0.0868
2024-11-05T02:45:00+00:00,5139.474477,5143.937791,0.0868
2024-11-05T03:00:00+00:00,5139.474477,5143.937791,0.0868
2024-11-05T03:15:00+00:00,5139.474477,5143.937791,0.0868
2024-11-05T03:30:00+00:00,5139.474477,5143.937791,0.0868
2024-11-05T03:45:00+00:00,5139.474477,5143.937791,0.0868
2024-11-05T04:00:00+00:00,5139.474477,5143.937791,0.0868
2024-11-05T04:15:00+00:00,5139.474477,5143.937791,0.0868
2024-11-05T04:30:00+00:00,5139.474477,5143.937791,0.0868
2024-11-05T04:45:00+00:00,5139.474477,5143.937791,0.0868
2024-11-05T05:00:00+00:00,5139.474477,5143.937791,0.0868
2024-11-05T05:15:00+00:00,5139.474477,5143.937791,0.0868
2024-11-05T05:30:00+00:00,5139.474477,5143.937791,0.0868
2024-11-05T05:45:00+00:00,5139.474477,5143.937791,0.0868
2024-11-05T06:00:00+00:00,5139.474477,5143.937791,0.0868
2024-11-05T06:15:00+00:00,5139.474477,5143.937791,0.0868
2024-11-05T06:30:00+00:00,5139.474477,5143.937791,0.0868
2024-11-05T06:45:00+00:00,5139.474477,5143.937791,0.0868
2024-11-05T07:00:00+00:00,5139.474477,5143.937791,0.0868
2024-11-05T07:15:00+00:00,5139.474477,5143.937791,0.0868
2024-11-05T07:30:00+00:00,5139.474477,5143.937791,0.0868
2024-11-05T07:45:00+00:00,5139.474477,5143.937791,0.0868
2024-11-05T08:00:00+00:00,5139.474477,5143.937791,0.0868
2024-11-05T08:15:00+00:00,5139.474477,5143.937791,0.0868
2024-11-05T08:30:00+00:00,5139.474477,5143.937791,0.0868
2024-11-05T08:45:00+00:00,5139.474477,5143.937791,0.0868
2024-11-05T09:00:00+00:00,5139.474477,5143.937791,0.0868
2024-11-05T09:15:00+00:00,5139.474477,5143.937791,0.0868
2024-11-05T09:30:00+00:00,5139.474477,5143.937791,0.0868
2024-11-05T09:45:00+00:00,5139.474477,5143.937791,0.0868
2024-11-05T10:00:00+00:00,5139.474477,5143.937791,0.0868
2024-11-05T10:15:00+00:00,5139.474477,5143.937791,0.0868
2024-11-05T10:30:00+00:00,5139.474477,5143.937791,0.0868
2024-11-05T10:45:00+00:00,5139.474477,5143.937791,0.0868
2024-11-05T11:00:00+00:00,5139.474477,5143.937791,0.0868
2024-11-05T11:15:00+00:00,5139.474477,5143.937791,0.0868
2024-11-05T11:30:00+00:00,5139.474477,5143.937791,0.0868
2024-11-05T11:45:00+00:00,5139.474477,5143.937791,0.0868
2024-11-05T12:00:00+00:00,5139.474477,5143.937791,0.0868
2024-11-05T12:15:00+00:00,5139.474477,5143.937791,0.0868
2024-11-05T12:30:00+00:00,5139.474477,5143.937791,0.0868
2024-11-05T12:45:00+00:00,5139.474477,5143.937791,0.0868
2024-11-05T13:00:00+00:00,5139.474477,5143.937791,0.0868
2024-11-05T13:15:00+00:00,5139.474477,5143.937791,0.0868
2024-11-05T13:30:00+00:00,5139.474477,5143.937791,0.0868
2024-11-05T13:45:00+00:00,5139.474477,5143.937791,0.0868
2024-11-05T14:00:00+00:00,5139.474477,5143.937791,0.0868
2024-11-05T14:15:00+00:00,5139.474477,5143.937791,0.0868
2024-11-05T14:30:00+00:00,5139.474477,5143.937791,0.0868
2024-11-05T14:45:00+00:00,5139.474477,5143.937791,0.0868
2024-11-05T15:00:00+00:00,5139.474477,5143.937791,0.0868
2024-11-05T15:15:00+00:00,5139.474477,5143.937791,0.0868
2024-11-05T15:30:00+00:00,5139.474477,5143.937791,0.0868
2024-11-05T15:45:00+00:00,5139.474477,5143.937791,0.0868
2024-11-05T16:00:00+00:00,5139.474477,5143.937791,0.0868
2024-11-05T16:15:00+00:00,5139.474477,5143.937791,0.0868
2024-11-05T16:30:00+00:00,5139.474477,5143.937791,0.0868
2024-11-05T16:45:00+00:00,5139.474477,5143.937791,0.0868
2024-11-05T17:00:00+00:00,5139.474477,5143.937791,0.0868
2024-11-05T17:15:00+00:00,5139.474477,5143.937791,0.0868
2024-11-05T17:30:00+00:00,5139.474477,5143.937791,0.0868
2024-11-05T17:45:00+00:00,5139.474477,5143.937791,0.0868
2024-11-05T18:00:00+00:00,5139.474477,5143.937791,0.0868
2024-11-05T18:15:00+00:00,5139.474477,5143.937791,0.0868
2024-11-05T18:30:00+00:00,5139.474477,5143.937791,0.0868
2024-11-05T18:45:00+00:00,5139.474477,5143.937791,0.0868
2024-11-05T19:00:00+00:00,5139.474477,5143.937791,0.0868
2024-11-05T19:15:00+00:00,5139.474477,5143.937791,0.0868
2024-11-05T19:30:00+00:00,5139.474477,5143.937791,0.0868
2024-11-05T19:45:00+00:00,5139.474477,5143.937791,0.0868
2024-11-05T20:00:00+00:00,5139.474477,5143.937791,0.0868
2024-11-05T20:15:00+00:00,5139.474477,5143.937791,0.0868
2024-11-05T20:30:00+00:00,5139.474477,5143.937791,0.0868
2024-11-05T20:45:00+00:00,5139.474477,5143.937791,0.0868
2024-11-05T21:00:00+00:00,5139.474477,5143.937791,0.0868
2024-11-05T21:15:00+00:00,5139.474477,5143.937791,0.0868
2024-11-05T21:30:00+00:00,5139.474477,5143.937791,0.0868
2024-11-05T21:45:00+00:00,5139.474477,5143.937791,0.0868
2024-11-05T22:00:00+00:00,5139.474477,5143.937791,0.0868
2024-11-05T22:15:00+00:00,5139.474477,5143.937791,0.0868
2024-11-05T22:30:00+00:00,5139.474477,5143.937791,0.0868
2024-11-05T22:45:00+00:00,5139.474477,5143.937791,0.0868
2024-11-05T23:00:00+00:00,5139.474477,5143.937791,0.0868
2024-11-05T23:15:00+00:00,5139.474477,5143.937791,0.0868
2024-11-05T23:30:00+00:00,5139.474477,5143.937791,0.0868
2024-11-05T23:45:00+00:00,5139.474477,5143.937791,0.0868
2024-11-06T00:00:00+00:00,5139.474477,5143.937791,0.0868
2024-11-06T00:15:00+00:00,5139.474477,5143.937791,0.0868
2024-11-06T00:30:00+00:00,5139.474477,5143.937791,0.0868
2024-11-06T00:45:00+00:00,5139.474477,5143.937791,0.0868
2024-11-06T01:00:00+00:00,5139.474477,5143.937791,0.0868
2024-11-06T01:15:00+00:00,5139.474477,5143.937791,0.0868
2024-11-06T01:30:00+00:00,5139.474477,5143.937791,0.0868
2024-11-06T01:45:00+00:00,5139.474477,5143.937791,0.0868
2024-11-06T02:00:00+00:00,5139.474477,5143.937791,0.0868
2024-11-06T02:15:00+00:00,5139.474477,5143.937791,0.0868
2024-11-06T02:30:00+00:00,5139.474477,5143.937791,0.0868
2024-11-06T02:45:00+00:00,5139.474477,5143.937791,0.0868
2024-11-06T03:00:00+00:00,5139.474477,5143.937791,0.0868
2024-11-06T03:15:00+00:00,5139.474477,5143.937791,0.0868
2024-11-06T03:30:00+00:00,5139.474477,5143.937791,0.0868
2024-11-06T03:45:00+00:00,5139.474477,5143.937791,0.0868
2024-11-06T04:00:00+00:00,5139.474477,5143.937791,0.0868
2024-11-06T04:15:00+00:00,5139.474477,5143.937791,0.0868
2024-11-06T04:30:00+00:00,5139.474477,5143.937791,0.0868
2024-11-06T04:45:00+00:00,5139.474477,5143.937791,0.0868
2024-11-06T05:00:00+00:00,5139.474477,5143.937791,0.0868
2024-11-06T05:15:00+00:00,5139.474477,5143.937791,0.0868
2024-11-06T05:30:00+00:00,5139.474477,5143.937791,0.0868
2024-11-06T05:45:00+00:00,5139.474477,5143.937791,0.0868
2024-11-06T06:00:00+00:00,5139.474477,5143.937791,0.0868
2024-11-06T06:15:00+00:00,5139.474477,5143.937791,0.0868
2024-11-06T06:30:00+00:00,5139.474477,5143.937791,0.0868
2024-11-06T06:45:00+00:00,5139.474477,5143.937791,0.0868
2024-11-06T07:00:00+00:00,5139.474477,5143.937791,0.0868
2024-11-06T07:15:00+00:00,5139.474477,5143.937791,0.0868
2024-11-06T07:30:00+00:00,5139.474477,5143.937791,0.0868
2024-11-06T07:45:00+00:00,5139.474477,5143.937791,0.0868
2024-11-06T08:00:00+00:00,5139.474477,5143.937791,0.0868
2024-11-06T08:15:00+00:00,5139.474477,5143.937791,0.0868
2024-11-06T08:30:00+00:00,5139.474477,5143.937791,0.0868
2024-11-06T08:45:00+00:00,5139.474477,5143.937791,0.0868
2024-11-06T09:00:00+00:00,5139.474477,5143.937791,0.0868
2024-11-06T09:15:00+00:00,5139.474477,5143.937791,0.0868
2024-11-06T09:30:00+00:00,5139.474477,5143.937791,0.0868
2024-11-06T09:45:00+00:00,5139.474477,5143.937791,0.0868
2024-11-06T10:00:00+00:00,5139.474477,5143.937791,0.0868
2024-11-06T10:15:00+00:00,5139.474477,5143.937791,0.0868
2024-11-06T10:30:00+00:00,5139.474477,5143.937791,0.0868
2024-11-06T10:45:00+00:00,5139.474477,5143.937791,0.0868
2024-11-06T11:00:00+00:00,5139.474477,5143.937791,0.0868
2024-11-06T11:15:00+00:00,5139.474477,5143.937791,0.0868
2024-11-06T11:30:00+00:00,5139.474477,5143.937791,0.0868
2024-11-06T11:45:00+00:00,5139.474477,5143.937791,0.0868
2024-11-06T12:00:00+00:00,5139.474477,5143.937791,0.0868
2024-11-06T12:15:00+00:00,5139.474477,5143.937791,0.0868
2024-11-06T12:30:00+00:00,5139.474477,5143.937791,0.0868
2024-11-06T12:45:00+00:00,5139.474477,5143.937791,0.0868
2024-11-06T13:00:00+00:00,5139.474477,5143.937791,0.0868
2024-11-06T13:15:00+00:00,5139.474477,5143.937791,0.0868
2024-11-06T13:30:00+00:00,5139.474477,5143.937791,0.0868
2024-11-06T13:45:00+00:00,5139.474477,5143.937791,0.0868
2024-11-06T14:00:00+00:00,5139.474477,5143.937791,0.0868
2024-11-06T14:15:00+00:00,5139.474477,5143.937791,0.0868
2024-11-06T14:30:00+00:00,5139.474477,5143.937791,0.0868
2024-11-06T14:45:00+00:00,5139.474477,5143.937791,0.0868
2024-11-06T15:00:00+00:00,5139.474477,5143.937791,0.0868
2024-11-06T15:15:00+00:00,5139.474477,5143.937791,0.0868
2024-11-06T15:30:00+00:00,5139.474477,5143.937791,0.0868
2024-11-06T15:45:00+00:00,5139.474477,5143.937791,0.0868
2024-11-06T16:00:00+00:00,5139.474477,5143.937791,0.0868
2024-11-06T16:15:00+00:00,5139.474477,5143.937791,0.0868
2024-11-06T16:30:00+00:00,5139.474477,5143.937791,0.0868
2024-11-06T16:45:00+00:00,5139.474477,5143.937791,0.0868
2024-11-06T17:00:00+00:00,5139.474477,5143.937791,0.0868
2024-11-06T17:15:00+00:00,5139.474477,5143.937791,0.0868
2024-11-06T17:30:00+00:00,5139.474477,5143.937791,0.0868
2024-11-06T17:45:00+00:00,5139.474477,5143.937791,0.0868
2024-11-06T18:00:00+00:00,5139.474477,5143.937791,0.0868
2024-11-06T18:15:00+00:00,5139.474477,5143.937791,0.0868
2024-11-06T18:30:00+00:00,5139.474477,5143.937791,0.0868
2024-11-06T18:45:00+00:00,5139.474477,5143.937791,0.0868
2024-11-06T19:00:00+00:00,5139.474477,5143.937791,0.0868
2024-11-06T19:15:00+00:00,5139.474477,5143.937791,0.0868
2024-11-06T19:30:00+00:00,5139.474477,5143.937791,0.0868
2024-11-06T19:45:00+00:00,5139.474477,5143.937791,0.0868
2024-11-06T20:00:00+00:00,5139.474477,5143.937791,0.0868
2024-11-06T20:15:00+00:00,5139.474477,5143.937791,0.0868
2024-11-06T20:30:00+00:00,5139.474477,5143.937791,0.0868
2024-11-06T20:45:00+00:00,5139.474477,5143.937791,0.0868
2024-11-06T21:00:00+00:00,5139.474477,5143.937791,0.0868
2024-11-06T21:15:00+00:00,5139.474477,5143.937791,0.0868
2024-11-06T21:30:00+00:00,5139.474477,5143.937791,0.0868
2024-11-06T21:45:00+00:00,5139.474477,5143.937791,0.0868
2024-11-06T22:00:00+00:00,5139.474477,5143.937791,0.0868
2024-11-06T22:15:00+00:00,5139.474477,5143.937791,0.0868
2024-11-06T22:30:00+00:00,5139.474477,5143.937791,0.0868
2024-11-06T22:45:00+00:00,5139.474477,5143.937791,0.0868
2024-11-06T23:00:00+00:00,5139.474477,5143.937791,0.0868
2024-11-06T23:15:00+00:00,5139.474477,5143.937791,0.0868
2024-11-06T23:30:00+00:00,5139.474477,5143.937791,0.0868
2024-11-06T23:45:00+00:00,5139.474477,5143.937791,0.0868
2024-11-07T00:00:00+00:00,5139.474477,5143.937791,0.0868
2024-11-07T00:15:00+00:00,5139.474477,5143.937791,0.0868
2024-11-07T00:30:00+00:00,5139.474477,5143.937791,0.0868
2024-11-07T00:45:00+00:00,5139.474477,5143.937791,0.0868
2024-11-07T01:00:00+00:00,5139.474477,5143.937791,0.0868
2024-11-07T01:15:00+00:00,5139.474477,5143.937791,0.0868
2024-11-07T01:30:00+00:00,5139.474477,5143.937791,0.0868
2024-11-07T01:45:00+00:00,5139.474477,5143.937791,0.0868
2024-11-07T02:00:00+00:00,5139.474477,5143.937791,0.0868
2024-11-07T02:15:00+00:00,5139.474477,5143.937791,0.0868
2024-11-07T02:30:00+00:00,5139.474477,5143.937791,0.0868
2024-11-07T02:45:00+00:00,5139.474477,5143.937791,0.0868
2024-11-07T03:00:00+00:00,5139.474477,5143.937791,0.0868
2024-11-07T03:15:00+00:00,5139.474477,5143.937791,0.0868
2024-11-07T03:30:00+00:00,5139.474477,5143.937791,0.0868
2024-11-07T03:45:00+00:00,5139.474477,5143.937791,0.0868
2024-11-07T04:00:00+00:00,5139.474477,5143.937791,0.0868
2024-11-07T04:15:00+00:00,5139.474477,5143.937791,0.0868
2024-11-07T04:30:00+00:00,5139.474477,5143.937791,0.0868
2024-11-07T04:45:00+00:00,5139.474477,5143.937791,0.0868
2024-11-07T05:00:00+00:00,5139.474477,5143.937791,0.0868
2024-11-07T05:15:00+00:00,5139.474477,5143.937791,0.0868
2024-11-07T05:30:00+00:00,5139.474477,5143.937791,0.0868
2024-11-07T05:45:00+00:00,5139.474477,5143.937791,0.0868
2024-11-07T06:00:00+00:00,5139.474477,5143.937791,0.0868
2024-11-07T06:15:00+00:00,5139.474477,5143.937791,0.0868
2024-11-07T06:30:00+00:00,5139.474477,5143.937791,0.0868
2024-11-07T06:45:00+00:00,5139.474477,5143.937791,0.0868
2024-11-07T07:00:00+00:00,5139.474477,5143.937791,0.0868
2024-11-07T07:15:00+00:00,5139.474477,5143.937791,0.0868
2024-11-07T07:30:00+00:00,5139.474477,5143.937791,0.0868
2024-11-07T07:45:00+00:00,5139.474477,5143.937791,0.0868
2024-11-07T08:00:00+00:00,5139.474477,5143.937791,0.0868
2024-11-07T08:15:00+00:00,5139.474477,5143.937791,0.0868
2024-11-07T08:30:00+00:00,5139.474477,5143.937791,0.0868
2024-11-07T08:45:00+00:00,5139.474477,5143.937791,0.0868
2024-11-07T09:00:00+00:00,5139.474477,5143.937791,0.0868
2024-11-07T09:15:00+00:00,5139.474477,5143.937791,0.0868
2024-11-07T09:30:00+00:00,5139.474477,5143.937791,0.0868
2024-11-07T09:45:00+00:00,5139.474477,5143.937791,0.0868
2024-11-07T10:00:00+00:00,5139.474477,5143.937791,0.0868
2024-11-07T10:15:00+00:00,5139.474477,5143.937791,0.0868
2024-11-07T10:30:00+00:00,5139.474477,5143.937791,0.0868
2024-11-07T10:45:00+00:00,5139.474477,5143.937791,0.0868
2024-11-07T11:00:00+00:00,5139.474477,5143.937791,0.0868
2024-11-07T11:15:00+00:00,5139.474477,5143.937791,0.0868
2024-11-07T11:30:00+00:00,5139.474477,5143.937791,0.0868
2024-11-07T11:45:00+00:00,5139.474477,5143.937791,0.0868
2024-11-07T12:00:00+00:00,5139.474477,5143.937791,0.0868
2024-11-07T12:15:00+00:00,5139.474477,5143.937791,0.0868
2024-11-07T12:30:00+00:00,5139.474477,5143.937791,0.0868
2024-11-07T12:45:00+00:00,5139.474477,5143.937791,0.0868
2024-11-07T13:00:00+00:00,5139.474477,5143.937791,0.0868
2024-11-07T13:15:00+00:00,5139.474477,5143.937791,0.0868
2024-11-07T13:30:00+00:00,5139.474477,5143.937791,0.0868
2024-11-07T13:45:00+00:00,5139.474477,5143.937791,0.0868
2024-11-07T14:00:00+00:00,5139.474477,5143.937791,0.0868
2024-11-07T14:15:00+00:00,5139.474477,5143.937791,0.0868
2024-11-07T14:30:00+00:00,5139.474477,5143.937791,0.0868
2024-11-07T14:45:00+00:00,5139.474477,5143.937791,0.0868
2024-11-07T15:00:00+00:00,5139.474477,5143.937791,0.0868
2024-11-07T15:15:00+00:00,5139.474477,5143.937791,0.0868
2024-11-07T15:30:00+00:00,5139.474477,5143.937791,0.0868
2024-11-07T15:45:00+00:00,5139.474477,5143.937791,0.0868
2024-11-07T16:00:00+00:00,5139.474477,5143.937791,0.0868
2024-11-07T16:15:00+00:00,5139.474477,5143.937791,0.0868
2024-11-07T16:30:00+00:00,5139.474477,5143.937791,0.0868
2024-11-07T16:45:00+00:00,5139.474477,5143.937791,0.0868
2024-11-07T17:00:00+00:00,5139.474477,5143.937791,0.0868
2024-11-07T17:15:00+00:00,5139.474477,5143.937791,0.0868
2024-11-07T17:30:00+00:00,5139.474477,5143.937791,0.0868
2024-11-07T17:45:00+00:00,5139.474477,5143.937791,0.0868
2024-11-07T18:00:00+00:00,5139.474477,5143.937791,0.0868
2024-11-07T18:15:00+00:00,5139.474477,5143.937791,0.0868
2024-11-07T18:30:00+00:00,5139.474477,5143.937791,0.0868
2024-11-07T18:45:00+00:00,5139.474477,5143.937791,0.0868
2024-11-07T19:00:00+00:00,5139.474477,5143.937791,0.0868
2024-11-07T19:15:00+00:00,5139.474477,5143.937791,0.0868
2024-11-07T19:30:00+00:00,5139.474477,5143.937791,0.0868
2024-11-07T19:45:00+00:00,5139.474477,5143.937791,0.0868
2024-11-07T20:00:00+00:00,5139.474477,5143.937791,0.0868
2024-11-07T20:15:00+00:00,5139.474477,5143.937791,0.0868
2024-11-07T20:30:00+00:00,5139.474477,5143.937791,0.0868
2024-11-07T20:45:00+00:00,5139.474477,5143.937791,0.0868
2024-11-07T21:00:00+00:00,5139.474477,5143.937791,0.0868
2024-11-07T21:15:00+00:00,5139.474477,5143.937791,0.0868
2024-11-07T21:30:00+00:00,5139.474477,5143.937791,0.0868
2024-11-07T21:45:00+00:00,5139.474477,5143.937791,0.0868
2024-11-07T22:00:00+00:00,5139.474477,5143.937791,0.0868
2024-11-07T22:15:00+00:00,5139.474477,5143.937791,0.0868
2024-11-07T22:30:00+00:00,5139.474477,5143.937791,0.0868
2024-11-07T22:45:00+00:00,5139.474477,5143.937791,0.0868
2024-11-07T23:00:00+00:00,5139.474477,5143.937791,0.0868
2024-11-07T23:15:00+00:00,5139.474477,5143.937791,0.0868
2024-11-07T23:30:00+00:00,5139.474477,5143.937791,0.0868
2024-11-07T23:45:00+00:00,5139.474477,5143.937791,0.0868
2024-11-08T00:00:00+00:00,5139.474477,5143.937791,0.0868
2024-11-08T00:15:00+00:00,5139.474477,5143.937791,0.0868
2024-11-08T00:30:00+00:00,5139.474477,5143.937791,0.0868
2024-11-08T00:45:00+00:00,5139.474477,5143.937791,0.0868
2024-11-08T01:00:00+00:00,5139.474477,5143.937791,0.0868
2024-11-08T01:15:00+00:00,5139.474477,5143.937791,0.0868
2024-11-08T01:30:00+00:00,5139.474477,5143.937791,0.0868
2024-11-08T01:45:00+00:00,5139.474477,5143.937791,0.0868
2024-11-08T02:00:00+00:00,5139.474477,5143.937791,0.0868
2024-11-08T02:15:00+00:00,5139.474477,5143.937791,0.0868
2024-11-08T02:30:00+00:00,5139.474477,5143.937791,0.0868
2024-11-08T02:45:00+00:00,5139.474477,5143.937791,0.0868
2024-11-08T03:00:00+00:00,5139.474477,5143.937791,0.0868
2024-11-08T03:15:00+00:00,5139.474477,5143.937791,0.0868
2024-11-08T03:30:00+00:00,5139.474477,5143.937791,0.0868
2024-11-08T03:45:00+00:00,5139.474477,5143.937791,0.0868
2024-11-08T04:00:00+00:00,5139.474477,5143.937791,0.0868
2024-11-08T04:15:00+00:00,5139.474477,5143.937791,0.0868
2024-11-08T04:30:00+00:00,5139.474477,5143.937791,0.0868
2024-11-08T04:45:00+00:00,5139.474477,5143.937791,0.0868
2024-11-08T05:00:00+00:00,5139.474477,5143.937791,0.0868
2024-11-08T05:15:00+00:00,5139.474477,5143.937791,0.0868
2024-11-08T05:30:00+00:00,5139.474477,5143.937791,0.0868
2024-11-08T05:45:00+00:00,5139.474477,5143.937791,0.0868
2024-11-08T06:00:00+00:00,5139.474477,5143.937791,0.0868
2024-11-08T06:15:00+00:00,5139.474477,5143.937791,0.0868
2024-11-08T06:30:00+00:00,5139.474477,5143.937791,0.0868
2024-11-08T06:45:00+00:00,5139.474477,5143.937791,0.0868
2024-11-08T07:00:00+00:00,5139.474477,5143.937791,0.0868
2024-11-08T07:15:00+00:00,5139.474477,5143.937791,0.0868
2024-11-08T07:30:00+00:00,5139.474477,5143.937791,0.0868
2024-11-08T07:45:00+00:00,5139.474477,5143.937791,0.0868
2024-11-08T08:00:00+00:00,5139.474477,5143.937791,0.0868
2024-11-08T08:15:00+00:00,5139.474477,5143.937791,0.0868
2024-11-08T08:30:00+00:00,5139.474477,5143.937791,0.0868
2024-11-08T08:45:00+00:00,5139.474477,5143.937791,0.0868
2024-11-08T09:00:00+00:00,5139.474477,5143.937791,0.0868
2024-11-08T09:15:00+00:00,5139.474477,5143.937791,0.0868
2024-11-08T09:30:00+00:00,5139.474477,5143.937791,0.0868
2024-11-08T09:45:00+00:00,5139.474477,5143.937791,0.0868
2024-11-08T10:00:00+00:00,5139.474477,5143.937791,0.0868
2024-11-08T10:15:00+00:00,5139.474477,5143.937791,0.0868
2024-11-08T10:30:00+00:00,5139.474477,5143.937791,0.0868
2024-11-08T10:45:00+00:00,5139.474477,5143.937791,0.0868
2024-11-08T11:00:00+00:00,5139.474477,5143.937791,0.0868
2024-11-08T11:15:00+00:00,5139.474477,5143.937791,0.0868
2024-11-08T11:30:00+00:00,5139.474477,5143.937791,0.0868
2024-11-08T11:45:00+00:00,5139.474477,5143.937791,0.0868
2024-11-08T12:00:00+00:00,5139.474477,5143.937791,0.0868
2024-11-08T12:15:00+00:00,5139.474477,5143.937791,0.0868
2024-11-08T12:30:00+00:00,5139.474477,5143.937791,0.0868
2024-11-08T12:45:00+00:00,5139.474477,5143.937791,0.0868
2024-11-08T13:00:00+00:00,5139.474477,5143.937791,0.0868
2024-11-08T13:15:00+00:00,5139.474477,5143.937791,0.0868
2024-11-08T13:30:00+00:00,5139.474477,5143.937791,0.0868
2024-11-08T13:45:00+00:00,5139.474477,5143.937791,0.0868
2024-11-08T14:00:00+00:00,5139.474477,5143.937791,0.0868
2024-11-08T14:15:00+00:00,5139.474477,5143.937791,0.0868
2024-11-08T14:30:00+00:00,5139.474477,5143.937791,0.0868
2024-11-08T14:45:00+00:00,5139.474477,5143.937791,0.0868
2024-11-08T15:00:00+00:00,5139.474477,5143.937791,0.0868
2024-11-08T15:15:00+00:00,5139.474477,5143.937791,0.0868
2024-11-08T15:30:00+00:00,5139.474477,5143.937791,0.0868
2024-11-08T15:45:00+00:00,5139.474477,5143.937791,0.0868
2024-11-08T16:00:00+00:00,5139.474477,5143.937791,0.0868
2024-11-08T16:15:00+00:00,5139.474477,5143.937791,0.0868
2024-11-08T16:30:00+00:00,5139.474477,5143.937791,0.0868
2024-11-08T16:45:00+00:00,5139.474477,5143.937791,0.0868
2024-11-08T17:00:00+00:00,5139.474477,5143.937791,0.0868
2024-11-08T17:15:00+00:00,5139.474477,5143.937791,0.0868
2024-11-08T17:30:00+00:00,5139.474477,5143.937791,0.0868
2024-11-08T17:45:00+00:00,5139.474477,5143.937791,0.0868
2024-11-08T18:00:00+00:00,5139.474477,5143.937791,0.0868
2024-11-08T18:15:00+00:00,5139.474477,5143.937791,0.0868
2024-11-08T18:30:00+00:00,5139.474477,5143.937791,0.0868
2024-11-08T18:45:00+00:00,5139.474477,5143.937791,0.0868
2024-11-08T19:00:00+00:00,5139.474477,5143.937791,0.0868
2024-11-08T19:15:00+00:00,5139.474477,5143.937791,0.0868
2024-11-08T19:30:00+00:00,5139.474477,5143.937791,0.0868
2024-11-08T19:45:00+00:00,5139.474477,5143.937791,0.0868
2024-11-08T20:00:00+00:00,5139.474477,5143.937791,0.0868
2024-11-08T20:15:00+00:00,5139.474477,5143.937791,0.0868
2024-11-08T20:30:00+00:00,5139.474477,5143.937791,0.0868
2024-11-08T20:45:00+00:00,5139.474477,5143.937791,0.0868
2024-11-08T21:00:00+00:00,5139.474477,5143.937791,0.0868
2024-11-08T21:15:00+00:00,5139.474477,5143.937791,0.0868
2024-11-08T21:30:00+00:00,5139.474477,5143.937791,0.0868
2024-11-08T21:45:00+00:00,5139.474477,5143.937791,0.0868
2024-11-08T22:00:00+00:00,5139.474477,5143.937791,0.0868
2024-11-08T22:15:00+00:00,5139.474477,5143.937791,0.0868
2024-11-08T22:30:00+00:00,5139.474477,5143.937791,0.0868
2024-11-08T22:45:00+00:00,5139.474477,5143.937791,0.0868
2024-11-08T23:00:00+00:00,5139.474477,5143.937791,0.0868
2024-11-08T23:15:00+00:00,5139.474477,5143.937791,0.0868
2024-11-08T23:30:00+00:00,5139.474477,5143.937791,0.0868
2024-11-08T23:45:00+00:00,5139.474477,5143.937791,0.0868
2024-11-09T00:00:00+00:00,5139.474477,5143.937791,0.0868
2024-11-09T00:15:00+00:00,5139.474477,5143.937791,0.0868
2024-11-09T00:30:00+00:00,5139.474477,5143.937791,0.0868
2024-11-09T00:45:00+00:00,5139.474477,5143.937791,0.0868
2024-11-09T01:00:00+00:00,5139.474477,5143.937791,0.0868
2024-11-09T01:15:00+00:00,5139.474477,5143.937791,0.0868
2024-11-09T01:30:00+00:00,5139.474477,5143.937791,0.0868
2024-11-09T01:45:00+00:00,5139.474477,5143.937791,0.0868
2024-11-09T02:00:00+00:00,5139.474477,5143.937791,0.0868
2024-11-09T02:15:00+00:00,5139.474477,5143.937791,0.0868
2024-11-09T02:30:00+00:00,5139.474477,5143.937791,0.0868
2024-11-09T02:45:00+00:00,5139.474477,5143.937791,0.0868
2024-11-09T03:00:00+00:00,5139.474477,5143.937791,0.0868
2024-11-09T03:15:00+00:00,5139.474477,5143.937791,0.0868
2024-11-09T03:30:00+00:00,5139.474477,5143.937791,0.0868
2024-11-09T03:45:00+00:00,5139.474477,5143.937791,0.0868
2024-11-09T04:00:00+00:00,5139.474477,5143.937791,0.0868
2024-11-09T04:15:00+00:00,5139.474477,5143.937791,0.0868
2024-11-09T04:30:00+00:00,5139.474477,5143.937791,0.0868
2024-11-09T04:45:00+00:00,5139.474477,5143.937791,0.0868
2024-11-09T05:00:00+00:00,5139.474477,5143.937791,0.0868
2024-11-09T05:15:00+00:00,5139.474477,5143.937791,0.0868
2024-11-09T05:30:00+00:00,5139.474477,5143.937791,0.0868
2024-11-09T05:45:00+00:00,5139.474477,5143.937791,0.0868
2024-11-09T06:00:00+00:00,5139.474477,5143.937791,0.0868
2024-11-09T06:15:00+00:00,5139.474477,5143.937791,0.0868
2024-11-09T06:30:00+00:00,5139.474477,5143.937791,0.0868
2024-11-09T06:45:00+00:00,5139.474477,5143.937791,0.0868
2024-11-09T07:00:00+00:00,5139.474477,5143.937791,0.0868
2024-11-09T07:15:00+00:00,5139.474477,5143.937791,0.0868
2024-11-09T07:30:00+00:00,5139.474477,5143.937791,0.0868
2024-11-09T07:45:00+00:00,5139.474477,5143.937791,0.0868
2024-11-09T08:00:00+00:00,5139.474477,5143.937791,0.0868
2024-11-09T08:15:00+00:00,5139.474477,5143.937791,0.0868
2024-11-09T08:30:00+00:00,5139.474477,5143.937791,0.0868
2024-11-09T08:45:00+00:00,5139.474477,5143.937791,0.0868
2024-11-09T09:00:00+00:00,5139.474477,5143.937791,0.0868
2024-11-09T09:15:00+00:00,5139.474477,5143.937791,0.0868
2024-11-09T09:30:00+00:00,5139.474477,5143.937791,0.0868
2024-11-09T09:45:00+00:00,5139.474477,5143.937791,0.0868
2024-11-09T10:00:00+00:00,5139.474477,5143.937791,0.0868
2024-11-09T10:15:00+00:00,5139.474477,5143.937791,0.0868
2024-11-09T10:30:00+00:00,5139.474477,5143.937791,0.0868
2024-11-09T10:45:00+00:00,5139.474477,5143.937791,0.0868
2024-11-09T11:00:00+00:00,5139.474477,5143.937791,0.0868
2024-11-09T11:15:00+00:00,5139.474477,5143.937791,0.0868
2024-11-09T11:30:00+00:00,5139.474477,5143.937791,0.0868
2024-11-09T11:45:00+00:00,5139.474477,5143.937791,0.0868
2024-11-09T12:00:00+00:00,5139.474477,5143.937791,0.0868
2024-11-09T12:15:00+00:00,5139.474477,5143.937791,0.0868
2024-11-09T12:30:00+00:00,5139.474477,5143.937791,0.0868
2024-11-09T12:45:00+00:00,5139.474477,5143.937791,0.0868
2024-11-09T13:00:00+00:00,5139.474477,5143.937791,0.0868
2024-11-09T13:15:00+00:00,5139.474477,5143.937791,0.0868
2024-11-09T13:30:00+00:00,5139.474477,5143.937791,0.0868
2024-11-09T13:45:00+00:00,5139.474477,5143.937791,0.0868
2024-11-09T14:00:00+00:00,5139.474477,5143.937791,0.0868
2024-11-09T14:15:00+00:00,5139.474477,5143.937791,0.0868
2024-11-09T14:30:00+00:00,5139.474477,5143.937791,0.0868
2024-11-09T14:45:00+00:00,5139.474477,5143.937791,0.0868
2024-11-09T15:00:00+00:00,5139.474477,5143.937791,0.0868
2024-11-09T15:15:00+00:00,5139.474477,5143.937791,0.0868
2024-11-09T15:30:00+00:00,5139.474477,5143.937791,0.0868
2024-11-09T15:45:00+00:00,5139.474477,5143.937791,0.0868
2024-11-09T16:00:00+00:00,5139.474477,5143.937791,0.0868
2024-11-09T16:15:00+00:00,5139.474477,5143.937791,0.0868
2024-11-09T16:30:00+00:00,5139.474477,5143.937791,0.0868
2024-11-09T16:45:00+00:00,5139.474477,5143.937791,0.0868
2024-11-09T17:00:00+00:00,5139.474477,5143.937791,0.0868
2024-11-09T17:15:00+00:00,5139.474477,5143.937791,0.0868
2024-11-09T17:30:00+00:00,5139.474477,5143.937791,0.0868
2024-11-09T17:45:00+00:00,5139.474477,5143.937791,0.0868
2024-11-09T18:00:00+00:00,5139.474477,5143.937791,0.0868
2024-11-09T18:15:00+00:00,5139.474477,5143.937791,0.0868
2024-11-09T18:30:00+00:00,5139.474477,5143.937791,0.0868
2024-11-09T18:45:00+00:00,5139.474477,5143.937791,0.0868
2024-11-09T19:00:00+00:00,5139.474477,5143.937791,0.0868
2024-11-09T19:15:00+00:00,5139.474477,5143.937791,0.0868
2024-11-09T19:30:00+00:00,5139.474477,5143.937791,0.0868
2024-11-09T19:45:00+00:00,5139.474477,5143.937791,0.0868
2024-11-09T20:00:00+00:00,5139.474477,5143.937791,0.0868
2024-11-09T20:15:00+00:00,5139.474477,5143.937791,0.0868
2024-11-09T20:30:00+00:00,5139.474477,5143.937791,0.0868
2024-11-09T20:45:00+00:00,5139.474477,5143.937791,0.0868
2024-11-09T21:00:00+00:00,5139.474477,5143.937791,0.0868
2024-11-09T21:15:00+00:00,5139.474477,5143.937791,0.0868
2024-11-09T21:30:00+00:00,5139.474477,5143.937791,0.0868
2024-11-09T21:45:00+00:00,5139.474477,5143.937791,0.0868
2024-11-09T22:00:00+00:00,5139.474477,5143.937791,0.0868
2024-11-09T22:15:00+00:00,5139.474477,5143.937791,0.0868
2024-11-09T22:30:00+00:00,5139.474477,5143.937791,0.0868
2024-11-09T22:45:00+00:00,5139.474477,5143.937791,0.0868
2024-11-09T23:00:00+00:00,5139.474477,5143.937791,0.0868
2024-11-09T23:15:00+00:00,5139.474477,5143.937791,0.0868
2024-11-09T23:30:00+00:00,5139.474477,5143.937791,0.0868
2024-11-09T23:45:00+00:00,5139.474477,5143.937791,0.0868
2024-11-10T00:00:00+00:00,5139.474477,5143.937791,0.0868
2024-11-10T00:15:00+00:00,5139.474477,5143.937791,0.0868
2024-11-10T00:30:00+00:00,5139.474477,5143.937791,0.0868
2024-11-10T00:45:00+00:00,5139.474477,5143.937791,0.0868
2024-11-10T01:00:00+00:00,5139.474477,5143.937791,0.0868
2024-11-10T01:15:00+00:00,5139.474477,5143.937791,0.0868
2024-11-10T01:30:00+00:00,5139.474477,5143.937791,0.0868
2024-11-10T01:45:00+00:00,5139.474477,5143.937791,0.0868
2024-11-10T02:00:00+00:00,5139.474477,5143.937791,0.0868
2024-11-10T02:15:00+00:00,5139.474477,5143.937791,0.0868
2024-11-10T02:30:00+00:00,5139.474477,5143.937791,0.0868
2024-11-10T02:45:00+00:00,5139.474477,5143.937791,0.0868
2024-11-10T03:00:00+00:00,5139.474477,5143.937791,0.0868
2024-11-10T03:15:00+00:00,5139.474477,5143.937791,0.0868
2024-11-10T03:30:00+00:00,5139.474477,5143.937791,0.0868
2024-11-10T03:45:00+00:00,5139.474477,5143.937791,0.0868
2024-11-10T04:00:00+00:00,5139.474477,5143.937791,0.0868
2024-11-10T04:15:00+00:00,5139.474477,5143.937791,0.0868
2024-11-10T04:30:00+00:00,5139.474477,5143.937791,0.0868
2024-11-10T04:45:00+00:00,5139.474477,5143.937791,0.0868
2024-11-10T05:00:00+00:00,5139.474477,5143.937791,0.0868
2024-11-10T05:15:00+00:00,5139.474477,5143.937791,0.0868
2024-11-10T05:30:00+00:00,5139.474477,5143.937791,0.0868
2024-11-10T05:45:00+00:00,5139.474477,5143.937791,0.0868
2024-11-10T06:00:00+00:00,5139.474477,5143.937791,0.0868
2024-11-10T06:15:00+00:00,5139.474477,5143.937791,0.0868
2024-11-10T06:30:00+00:00,5139.474477,5143.937791,0.0868
2024-11-10T06:45:00+00:00,5139.474477,5143.937791,0.0868
2024-11-10T07:00:00+00:00,5139.474477,5143.937791,0.0868
2024-11-10T07:15:00+00:00,5139.474477,5143.937791,0.0868
2024-11-10T07:30:00+00:00,5139.474477,5143.937791,0.0868
2024-11-10T07:45:00+00:00,5139.474477,5143.937791,0.0868
2024-11-10T08:00:00+00:00,5139.474477,5143.937791,0.0868
2024-11-10T08:15:00+00:00,5139.474477,5143.937791,0.0868
2024-11-10T08:30:00+00:00,5139.474477,5143.937791,0.0868
2024-11-10T08:45:00+00:00,5139.474477,5143.937791,0.0868
2024-11-10T09:00:00+00:00,5139.474477,5143.937791,0.0868
2024-11-10T09:15:00+00:00,5139.474477,5143.937791,0.0868
2024-11-10T09:30:00+00:00,5139.474477,5143.937791,0.0868
2024-11-10T09:45:00+00:00,5139.474477,5143.937791,0.0868
2024-11-10T10:00:00+00:00,5139.474477,5143.937791,0.0868
2024-11-10T10:15:00+00:00,5139.474477,5143.937791,0.0868
2024-11-10T10:30:00+00:00,5139.474477,5143.937791,0.0868
2024-11-10T10:45:00+00:00,5139.474477,5143.937791,0.0868
2024-11-10T11:00:00+00:00,5139.474477,5143.937791,0.0868
2024-11-10T11:15:00+00:00,5139.474477,5143.937791,0.0868
2024-11-10T11:30:00+00:00,5139.474477,5143.937791,0.0868
2024-11-10T11:45:00+00:00,5139.474477,5143.937791,0.0868
2024-11-10T12:00:00+00:00,5139.474477,5143.937791,0.0868
2024-11-10T12:15:00+00:00,5139.474477,5143.937791,0.0868
2024-11-10T12:30:00+00:00,5139.474477,5143.937791,0.0868
2024-11-10T12:45:00+00:00,5139.474477,5143.937791,0.0868
2024-11-10T13:00:00+00:00,5139.474477,5143.937791,0.0868
2024-11-10T13:15:00+00:00,5139.474477,5143.937791,0.0868
2024-11-10T13:30:00+00:00,5139.474477,5143.937791,0.0868
2024-11-10T13:45:00+00:00,5139.474477,5143.937791,0.0868
2024-11-10T14:00:00+00:00,5139.474477,5143.937791,0.0868
2024-11-10T14:15:00+00:00,5139.474477,5143.937791,0.0868
2024-11-10T14:30:00+00:00,5139.474477,5143.937791,0.0868
2024-11-10T14:45:00+00:00,5139.474477,5143.937791,0.0868
2024-11-10T15:00:00+00:00,5139.474477,5143.937791,0.0868
2024-11-10T15:15:00+00:00,5139.474477,5143.937791,0.0868
2024-11-10T15:30:00+00:00,5139.474477,5143.937791,0.0868
2024-11-10T15:45:00+00:00,5139.474477,5143.937791,0.0868
2024-11-10T16:00:00+00:00,5139.474477,5143.937791,0.0868
2024-11-10T16:15:00+00:00,5139.474477,5143.937791,0.0868
2024-11-10T16:30:00+00:00,5139.474477,5143.937791,0.0868
2024-11-10T16:45:00+00:00,5139.474477,5143.937791,0.0868
2024-11-10T17:00:00+00:00,5139.474477,5143.937791,0.0868
2024-11-10T17:15:00+00:00,5139.474477,5143.937791,0.0868
2024-11-10T17:30:00+00:00,5139.474477,5143.937791,0.0868
2024-11-10T17:45:00+00:00,5139.474477,5143.937791,0.0868
2024-11-10T18:00:00+00:00,5139.474477,5143.937791,0.0868
2024-11-10T18:15:00+00:00,5139.474477,5143.937791,0.0868
2024-11-10T18:30:00+00:00,5139.474477,5143.937791,0.0868
2024-11-10T18:45:00+00:00,5139.474477,5143.937791,0.0868
2024-11-10T19:00:00+00:00,5139.474477,5143.937791,0.0868
2024-11-10T19:15:00+00:00,5139.474477,5143.937791,0.0868
2024-11-10T19:30:00+00:00,5139.474477,5143.937791,0.0868
2024-11-10T19:45:00+00:00,5139.474477,5143.937791,0.0868
2024-11-10T20:00:00+00:00,5139.474477,5143.937791,0.0868
2024-11-10T20:15:00+00:00,5139.474477,5143.937791,0.0868
2024-11-10T20:30:00+00:00,5139.474477,5143.937791,0.0868
2024-11-10T20:45:00+00:00,5139.474477,5143.937791,0.0868
2024-11-10T21:00:00+00:00,5139.474477,5143.937791,0.0868
2024-11-10T21:15:00+00:00,5139.474477,5143.937791,0.0868
2024-11-10T21:30:00+00:00,5139.474477,5143.937791,0.0868
2024-11-10T21:45:00+00:00,5139.474477,5143.937791,0.0868
2024-11-10T22:00:00+00:00,5139.474477,5143.937791,0.0868
2024-11-10T22:15:00+00:00,5139.474477,5143.937791,0.0868
2024-11-10T22:30:00+00:00,5139.474477,5143.937791,0.0868
2024-11-10T22:45:00+00:00,5139.474477,5143.937791,0.0868
2024-11-10T23:00:00+00:00,5139.474477,5143.937791,0.0868
2024-11-10T23:15:00+00:00,5139.474477,5143.937791,0.0868
2024-11-10T23:30:00+00:00,5139.474477,5143.937791,0.0868
2024-11-10T23:45:00+00:00,5139.474477,5143.937791,0.0868
2024-11-11T00:00:00+00:00,5139.474477,5143.937791,0.0868
2024-11-11T00:15:00+00:00,5139.474477,5143.937791,0.0868
2024-11-11T00:30:00+00:00,5139.474477,5143.937791,0.0868
2024-11-11T00:45:00+00:00,5139.474477,5143.937791,0.0868
2024-11-11T01:00:00+00:00,5139.474477,5143.937791,0.0868
2024-11-11T01:15:00+00:00,5139.474477,5143.937791,0.0868
2024-11-11T01:30:00+00:00,5139.474477,5143.937791,0.0868
2024-11-11T01:45:00+00:00,5139.474477,5143.937791,0.0868
2024-11-11T02:00:00+00:00,5139.474477,5143.937791,0.0868
2024-11-11T02:15:00+00:00,5139.474477,5143.937791,0.0868
2024-11-11T02:30:00+00:00,5139.474477,5143.937791,0.0868
2024-11-11T02:45:00+00:00,5139.474477,5143.937791,0.0868
2024-11-11T03:00:00+00:00,5139.474477,5143.937791,0.0868
2024-11-11T03:15:00+00:00,5139.474477,5143.937791,0.0868
2024-11-11T03:30:00+00:00,5139.474477,5143.937791,0.0868
2024-11-11T03:45:00+00:00,5139.474477,5143.937791,0.0868
2024-11-11T04:00:00+00:00,5139.474477,5143.937791,0.0868
2024-11-11T04:15:00+00:00,5139.474477,5143.937791,0.0868
2024-11-11T04:30:00+00:00,5139.474477,5143.937791,0.0868
2024-11-11T04:45:00+00:00,5139.474477,5143.937791,0.0868
2024-11-11T05:00:00+00:00,5139.474477,5143.937791,0.0868
2024-11-11T05:15:00+00:00,5139.474477,5143.937791,0.0868
2024-11-11T05:30:00+00:00,5139.474477,5143.937791,0.0868
2024-11-11T05:45:00+00:00,5139.474477,5143.937791,0.0868
2024-11-11T06:00:00+00:00,5139.474477,5143.937791,0.0868
2024-11-11T06:15:00+00:00,5139.474477,5143.937791,0.0868
2024-11-11T06:30:00+00:00,5139.474477,5143.937791,0.0868
2024-11-11T06:45:00+00:00,5139.474477,5143.937791,0.0868
2024-11-11T07:00:00+00:00,5139.474477,5143.937791,0.0868
2024-11-11T07:15:00+00:00,5139.474477,5143.937791,0.0868
2024-11-11T07:30:00+00:00,5139.474477,5143.937791,0.0868
2024-11-11T07:45:00+00:00,5139.474477,5143.937791,0.0868
2024-11-11T08:00:00+00:00,5139.474477,5143.937791,0.0868
2024-11-11T08:15:00+00:00,5139.474477,5143.937791,0.0868
2024-11-11T08:30:00+00:00,5139.474477,5143.937791,0.0868
2024-11-11T08:45:00+00:00,5139.474477,5143.937791,0.0868
2024-11-11T09:00:00+00:00,5139.474477,5143.937791,0.0868
2024-11-11T09:15:00+00:00,5139.474477,5143.937791,0.0868
2024-11-11T09:30:00+00:00,5139.474477,5143.937791,0.0868
2024-11-11T09:45:00+00:00,5139.474477,5143.937791,0.0868
2024-11-11T10:00:00+00:00,5139.474477,5143.937791,0.0868
2024-11-11T10:15:00+00:00,5139.474477,5143.937791,0.0868
2024-11-11T10:30:00+00:00,5139.474477,5143.937791,0.0868
2024-11-11T10:45:00+00:00,5139.474477,5143.937791,0.0868
2024-11-11T11:00:00+00:00,5139.474477,5143.937791,0.0868
2024-11-11T11:15:00+00:00,5139.474477,5143.937791,0.0868
2024-11-11T11:30:00+00:00,5139.474477,5143.937791,0.0868
2024-11-11T11:45:00+00:00,5139.474477,5143.937791,0.0868
2024-11-11T12:00:00+00:00,5139.474477,5143.937791,0.0868
2024-11-11T12:15:00+00:00,5139.474477,5143.937791,0.0868
2024-11-11T12:30:00+00:00,5139.474477,5143.937791,0.0868
2024-11-11T12:45:00+00:00,5139.474477,5143.937791,0.0868
2024-11-11T13:00:00+00:00,5139.474477,5143.937791,0.0868
2024-11-11T13:15:00+00:00,5139.474477,5143.937791,0.0868
2024-11-11T13:30:00+00:00,5139.474477,5143.937791,0.0868
2024-11-11T13:45:00+00:00,5139.474477,5143.937791,0.0868
2024-11-11T14:00:00+00:00,5139.474477,5143.937791,0.0868
2024-11-11T14:15:00+00:00,5139.474477,5143.937791,0.0868
2024-11-11T14:30:00+00:00,5139.474477,5143.937791,0.0868
2024-11-11T14:45:00+00:00,5139.474477,5143.937791,0.0868
2024-11-11T15:00:00+00:00,5139.474477,5143.937791,0.0868
2024-11-11T15:15:00+00:00,5139.474477,5143.937791,0.0868
2024-11-11T15:30:00+00:00,5139.474477,5143.937791,0.0868
2024-11-11T15:45:00+00:00,5139.474477,5143.937791,0.0868
2024-11-11T16:00:00+00:00,5139.474477,5143.937791,0.0868
2024-11-11T16:15:00+00:00,5139.474477,5143.937791,0.0868
2024-11-11T16:30:00+00:00,5139.474477,5143.937791,0.0868
2024-11-11T16:45:00+00:00,5139.474477,5143.937791,0.0868
2024-11-11T17:00:00+00:00,5139.474477,5143.937791,0.0868
2024-11-11T17:15:00+00:00,5139.474477,5143.937791,0.0868
2024-11-11T17:30:00+00:00,5139.474477,5143.937791,0.0868
2024-11-11T17:45:00+00:00,5139.474477,5143.937791,0.0868
2024-11-11T18:00:00+00:00,5139.474477,5143.937791,0.0868
2024-11-11T18:15:00+00:00,5139.474477,5143.937791,0.0868
2024-11-11T18:30:00+00:00,5139.474477,5143.937791,0.0868
2024-11-11T18:45:00+00:00,5139.474477,5143.937791,0.0868
2024-11-11T19:00:00+00:00,5139.474477,5143.937791,0.0868
2024-11-11T19:15:00+00:00,5139.474477,5143.937791,0.0868
2024-11-11T19:30:00+00:00,5139.474477,5143.937791,0.0868
2024-11-11T19:45:00+00:00,5139.474477,5143.937791,0.0868
2024-11-11T20:00:00+00:00,5139.474477,5143.937791,0.0868
2024-11-11T20:15:00+00:00,5139.474477,5143.937791,0.0868
2024-11-11T20:30:00+00:00,5139.474477,5143.937791,0.0868
2024-11-11T20:45:00+00:00,5139.474477,5143.937791,0.0868
2024-11-11T21:00:00+00:00,5139.474477,5143.937791,0.0868
2024-11-11T21:15:00+00:00,5139.474477,5143.937791,0.0868
2024-11-11T21:30:00+00:00,5139.474477,5143.937791,0.0868
2024-11-11T21:45:00+00:00,5139.474477,5143.937791,0.0868
2024-11-11T22:00:00+00:00,5139.474477,5143.937791,0.0868
2024-11-11T22:15:00+00:00,5139.474477,5143.937791,0.0868
2024-11-11T22:30:00+00:00,5139.474477,5143.937791,0.0868
2024-11-11T22:45:00+00:00,5139.474477,5143.937791,0.0868
2024-11-11T23:00:00+00:00,5139.474477,5143.937791,0.0868
2024-11-11T23:15:00+00:00,5139.474477,5143.937791,0.0868
2024-11-11T23:30:00+00:00,5139.474477,5143.937791,0.0868
2024-11-11T23:45:00+00:00,5139.474477,5143.937791,0.0868
2024-11-12T00:00:00+00:00,5139.474477,5143.937791,0.0868
2024-11-12T00:15:00+00:00,5139.474477,5143.937791,0.0868
2024-11-12T00:30:00+00:00,5139.474477,5143.937791,0.0868
2024-11-12T00:45:00+00:00,5139.474477,5143.937791,0.0868
2024-11-12T01:00:00+00:00,5139.474477,5143.937791,0.0868
2024-11-12T01:15:00+00:00,5139.474477,5143.937791,0.0868
2024-11-12T01:30:00+00:00,5139.474477,5143.937791,0.0868
2024-11-12T01:45:00+00:00,5139.474477,5143.937791,0.0868
2024-11-12T02:00:00+00:00,5139.474477,5143.937791,0.0868
2024-11-12T02:15:00+00:00,5139.474477,5143.937791,0.0868
2024-11-12T02:30:00+00:00,5139.474477,5143.937791,0.0868
2024-11-12T02:45:00+00:00,5139.474477,5143.937791,0.0868
2024-11-12T03:00:00+00:00,5139.474477,5143.937791,0.0868
2024-11-12T03:15:00+00:00,5139.474477,5143.937791,0.0868
2024-11-12T03:30:00+00:00,5139.474477,5143.937791,0.0868
2024-11-12T03:45:00+00:00,5139.474477,5143.937791,0.0868
2024-11-12T04:00:00+00:00,5139.474477,5143.937791,0.0868
2024-11-12T04:15:00+00:00,5139.474477,5143.937791,0.0868
2024-11-12T04:30:00+00:00,5139.474477,5143.937791,0.0868
2024-11-12T04:45:00+00:00,5139.474477,5143.937791,0.0868
2024-11-12T05:00:00+00:00,5139.474477,5143.937791,0.0868
2024-11-12T05:15:00+00:00,5139.474477,5143.937791,0.0868
2024-11-12T05:30:00+00:00,5139.474477,5143.937791,0.0868
2024-11-12T05:45:00+00:00,5139.474477,5143.937791,0.0868
2024-11-12T06:00:00+00:00,5139.474477,5143.937791,0.0868
2024-11-12T06:15:00+00:00,5139.474477,5143.937791,0.0868
2024-11-12T06:30:00+00:00,5139.474477,5143.937791,0.0868
2024-11-12T06:45:00+00:00,5139.474477,5143.937791,0.0868
2024-11-12T07:00:00+00:00,5139.474477,5143.937791,0.0868
2024-11-12T07:15:00+00:00,5139.474477,5143.937791,0.0868
2024-11-12T07:30:00+00:00,5139.474477,5143.937791,0.0868
2024-11-12T07:45:00+00:00,5139.474477,5143.937791,0.0868
2024-11-12T08:00:00+00:00,5139.474477,5143.937791,0.0868
2024-11-12T08:15:00+00:00,5139.474477,5143.937791,0.0868
2024-11-12T08:30:00+00:00,5139.474477,5143.937791,0.0868
2024-11-12T08:45:00+00:00,5139.474477,5143.937791,0.0868
2024-11-12T09:00:00+00:00,5139.474477,5143.937791,0.0868
2024-11-12T09:15:00+00:00,5139.474477,5143.937791,0.0868
2024-11-12T09:30:00+00:00,5139.474477,5143.937791,0.0868
2024-11-12T09:45:00+00:00,5139.474477,5143.937791,0.0868
2024-11-12T10:00:00+00:00,5139.474477,5143.937791,0.0868
2024-11-12T10:15:00+00:00,5139.474477,5143.937791,0.0868
2024-11-12T10:30:00+00:00,5139.474477,5143.937791,0.0868
2024-11-12T10:45:00+00:00,5139.474477,5143.937791,0.0868
2024-11-12T11:00:00+00:00,5139.474477,5143.937791,0.0868
2024-11-12T11:15:00+00:00,5139.474477,5143.937791,0.0868
2024-11-12T11:30:00+00:00,5139.474477,5143.937791,0.0868
2024-11-12T11:45:00+00:00,5139.474477,5143.937791,0.0868
2024-11-12T12:00:00+00:00,5139.474477,5143.937791,0.0868
2024-11-12T12:15:00+00:00,5139.474477,5143.937791,0.0868
2024-11-12T12:30:00+00:00,5139.474477,5143.937791,0.0868
2024-11-12T12:45:00+00:00,5139.474477,5143.937791,0.0868
2024-11-12T13:00:00+00:00,5139.474477,5143.937791,0.0868
2024-11-12T13:15:00+00:00,5139.474477,5143.937791,0.0868
2024-11-12T13:30:00+00:00,5139.474477,5143.937791,0.0868
2024-11-12T13:45:00+00:00,5139.474477,5143.937791,0.0868
2024-11-12T14:00:00+00:00,5139.474477,5143.937791,0.0868
2024-11-12T14:15:00+00:00,5139.474477,5143.937791,0.0868
2024-11-12T14:30:00+00:00,5139.474477,5143.937791,0.0868
2024-11-12T14:45:00+00:00,5139.474477,5143.937791,0.0868
2024-11-12T15:00:00+00:00,5139.474477,5143.937791,0.0868
2024-11-12T15:15:00+00:00,5139.474477,5143.937791,0.0868
2024-11-12T15:30:00+00:00,5139.474477,5143.937791,0.0868
2024-11-12T15:45:00+00:00,5139.474477,5143.937791,0.0868
2024-11-12T16:00:00+00:00,5139.474477,5143.937791,0.0868
2024-11-12T16:15:00+00:00,5139.474477,5143.937791,0.0868
2024-11-12T16:30:00+00:00,5139.474477,5143.937791,0.0868
2024-11-12T16:45:00+00:00,5139.474477,5143.937791,0.0868
2024-11-12T17:00:00+00:00,5139.474477,5143.937791,0.0868
2024-11-12T17:15:00+00:00,5139.474477,5143.937791,0.0868
2024-11-12T17:30:00+00:00,5139.474477,5143.937791,0.0868
2024-11-12T17:45:00+00:00,5139.474477,5143.937791,0.0868
2024-11-12T18:00:00+00:00,5139.474477,5143.937791,0.0868
2024-11-12T18:15:00+00:00,5139.474477,5143.937791,0.0868
2024-11-12T18:30:00+00:00,5139.474477,5143.937791,0.0868
2024-11-12T18:45:00+00:00,5139.474477,5143.937791,0.0868
2024-11-12T19:00:00+00:00,5139.474477,5143.937791,0.0868
2024-11-12T19:15:00+00:00,5139.474477,5143.937791,0.0868
2024-11-12T19:30:00+00:00,5139.474477,5143.937791,0.0868
2024-11-12T19:45:00+00:00,5139.474477,5143.937791,0.0868
2024-11-12T20:00:00+00:00,5139.474477,5143.937791,0.0868
2024-11-12T20:15:00+00:00,5139.474477,5143.937791,0.0868
2024-11-12T20:30:00+00:00,5139.474477,5143.937791,0.0868
2024-11-12T20:45:00+00:00,5139.474477,5143.937791,0.0868
2024-11-12T21:00:00+00:00,5139.474477,5143.937791,0.0868
2024-11-12T21:15:00+00:00,5139.474477,5143.937791,0.0868
2024-11-12T21:30:00+00:00,5139.474477,5143.937791,0.0868
2024-11-12T21:45:00+00:00,5139.474477,5143.937791,0.0868
2024-11-12T22:00:00+00:00,5139.474477,5143.937791,0.0868
2024-11-12T22:15:00+00:00,5139.474477,5143.937791,0.0868
2024-11-12T22:30:00+00:00,5139.474477,5143.937791,0.0868
2024-11-12T22:45:00+00:00,5139.474477,5143.937791,0.0868
2024-11-12T23:00:00+00:00,5139.474477,5143.937791,0.0868
2024-11-12T23:15:00+00:00,5139.474477,5143.937791,0.0868
2024-11-12T23:30:00+00:00,5139.474477,5143.937791,0.0868
2024-11-12T23:45:00+00:00,5139.474477,5143.937791,0.0868
2024-11-13T00:00:00+00:00,5139.474477,5143.937791,0.0868
2024-11-13T00:15:00+00:00,5139.474477,5143.937791,0.0868
2024-11-13T00:30:00+00:00,5139.474477,5143.937791,0.0868
2024-11-13T00:45:00+00:00,5139.474477,5143.937791,0.0868
2024-11-13T01:00:00+00:00,5139.474477,5143.937791,0.0868
2024-11-13T01:15:00+00:00,5139.474477,5143.937791,0.0868
2024-11-13T01:30:00+00:00,5139.474477,5143.937791,0.0868
2024-11-13T01:45:00+00:00,5139.474477,5143.937791,0.0868
2024-11-13T02:00:00+00:00,5139.474477,5143.937791,0.0868
2024-11-13T02:15:00+00:00,5139.474477,5143.937791,0.0868
2024-11-13T02:30:00+00:00,5139.474477,5143.937791,0.0868
2024-11-13T02:45:00+00:00,5139.474477,5143.937791,0.0868
2024-11-13T03:00:00+00:00,5139.474477,5143.937791,0.0868
2024-11-13T03:15:00+00:00,5139.474477,5143.937791,0.0868
2024-11-13T03:30:00+00:00,5139.474477,5143.937791,0.0868
2024-11-13T03:45:00+00:00,5139.474477,5143.937791,0.0868
2024-11-13T04:00:00+00:00,5139.474477,5143.937791,0.0868
2024-11-13T04:15:00+00:00,5139.474477,5143.937791,0.0868
2024-11-13T04:30:00+00:00,5139.474477,5143.937791,0.0868
2024-11-13T04:45:00+00:00,5139.474477,5143.937791,0.0868
2024-11-13T05:00:00+00:00,5139.474477,5143.937791,0.0868
2024-11-13T05:15:00+00:00,5139.474477,5143.937791,0.0868
2024-11-13T05:30:00+00:00,5139.474477,5143.937791,0.0868
2024-11-13T05:45:00+00:00,5139.474477,5143.937791,0.0868
2024-11-13T06:00:00+00:00,5139.474477,5143.937791,0.0868
2024-11-13T06:15:00+00:00,5139.474477,5143.937791,0.0868
2024-11-13T06:30:00+00:00,5139.474477,5143.937791,0.0868
2024-11-13T06:45:00+00:00,5139.474477,5143.937791,0.0868
2024-11-13T07:00:00+00:00,5139.474477,5143.937791,0.0868
2024-11-13T07:15:00+00:00,5139.474477,5143.937791,0.0868
2024-11-13T07:30:00+00:00,5139.474477,5143.937791,0.0868
2024-11-13T07:45:00+00:00,5139.474477,5143.937791,0.0868
2024-11-13T08:00:00+00:00,5139.474477,5143.937791,0.0868
2024-11-13T08:15:00+00:00,5139.474477,5143.937791,0.0868
2024-11-13T08:30:00+00:00,5139.474477,5143.937791,0.0868
2024-11-13T08:45:00+00:00,5139.474477,5143.937791,0.0868
2024-11-13T09:00:00+00:00,5139.474477,5143.937791,0.0868
2024-11-13T09:15:00+00:00,5139.474477,5143.937791,0.0868
2024-11-13T09:30:00+00:00,5139.474477,5143.937791,0.0868
2024-11-13T09:45:00+00:00,5139.474477,5143.937791,0.0868
2024-11-13T10:00:00+00:00,5139.474477,5143.937791,0.0868
2024-11-13T10:15:00+00:00,5139.474477,5143.937791,0.0868
2024-11-13T10:30:00+00:00,5139.474477,5143.937791,0.0868
2024-11-13T10:45:00+00:00,5139.474477,5143.937791,0.0868
2024-11-13T11:00:00+00:00,5139.474477,5143.937791,0.0868
2024-11-13T11:15:00+00:00,5139.474477,5143.937791,0.0868
2024-11-13T11:30:00+00:00,5139.474477,5143.937791,0.0868
2024-11-13T11:45:00+00:00,5139.474477,5143.937791,0.0868
2024-11-13T12:00:00+00:00,5139.474477,5143.937791,0.0868
2024-11-13T12:15:00+00:00,5139.474477,5143.937791,0.0868
2024-11-13T12:30:00+00:00,5139.474477,5143.937791,0.0868
2024-11-13T12:45:00+00:00,5139.474477,5143.937791,0.0868
2024-11-13T13:00:00+00:00,5139.474477,5143.937791,0.0868
2024-11-13T13:15:00+00:00,5139.474477,5143.937791,0.0868
2024-11-13T13:30:00+00:00,5139.474477,5143.937791,0.0868
2024-11-13T13:45:00+00:00,5139.474477,5143.937791,0.0868
2024-11-13T14:00:00+00:00,5139.474477,5143.937791,0.0868
2024-11-13T14:15:00+00:00,5139.474477,5143.937791,0.0868
2024-11-13T14:30:00+00:00,5139.474477,5143.937791,0.0868
2024-11-13T14:45:00+00:00,5139.474477,5143.937791,0.0868
2024-11-13T15:00:00+00:00,5139.474477,5143.937791,0.0868
2024-11-13T15:15:00+00:00,5139.474477,5143.937791,0.0868
2024-11-13T15:30:00+00:00,5139.474477,5143.937791,0.0868
2024-11-13T15:45:00+00:00,5139.474477,5143.937791,0.0868
2024-11-13T16:00:00+00:00,5139.474477,5143.937791,0.0868
2024-11-13T16:15:00+00:00,5139.474477,5143.937791,0.0868
2024-11-13T16:30:00+00:00,5139.474477,5143.937791,0.0868
2024-11-13T16:45:00+00:00,5139.474477,5143.937791,0.0868
2024-11-13T17:00:00+00:00,5139.474477,5143.937791,0.0868
2024-11-13T17:15:00+00:00,5139.474477,5143.937791,0.0868
2024-11-13T17:30:00+00:00,5139.474477,5143.937791,0.0868
2024-11-13T17:45:00+00:00,5139.474477,5143.937791,0.0868
2024-11-13T18:00:00+00:00,5139.474477,5143.937791,0.0868
2024-11-13T18:15:00+00:00,5139.474477,5143.937791,0.0868
2024-11-13T18:30:00+00:00,5139.474477,5143.937791,0.0868
2024-11-13T18:45:00+00:00,5139.474477,5143.937791,0.0868
2024-11-13T19:00:00+00:00,5139.474477,5143.937791,0.0868
2024-11-13T19:15:00+00:00,5139.474477,5143.937791,0.0868
2024-11-13T19:30:00+00:00,5139.474477,5143.937791,0.0868
2024-11-13T19:45:00+00:00,5139.474477,5143.937791,0.0868
2024-11-13T20:00:00+00:00,5139.474477,5143.937791,0.0868
2024-11-13T20:15:00+00:00,5139.474477,5143.937791,0.0868
2024-11-13T20:30:00+00:00,5139.474477,5143.937791,0.0868
2024-11-13T20:45:00+00:00,5139.474477,5143.937791,0.0868
2024-11-13T21:00:00+00:00,5139.474477,5143.937791,0.0868
2024-11-13T21:15:00+00:00,5139.474477,5143.937791,0.0868
2024-11-13T21:30:00+00:00,5139.474477,5143.937791,0.0868
2024-11-13T21:45:00+00:00,5139.474477,5143.937791,0.0868
2024-11-13T22:00:00+00:00,5139.474477,5143.937791,0.0868
2024-11-13T22:15:00+00:00,5139.474477,5143.937791,0.0868
2024-11-13T22:30:00+00:00,5139.474477,5143.937791,0.0868
2024-11-13T22:45:00+00:00,5139.474477,5143.937791,0.0868
2024-11-13T23:00:00+00:00,5139.474477,5143.937791,0.0868
2024-11-13T23:15:00+00:00,5139.474477,5143.937791,0.0868
2024-11-13T23:30:00+00:00,5139.474477,5143.937791,0.0868
2024-11-13T23:45:00+00:00,5139.474477,5143.937791,0.0868
2024-11-14T00:00:00+00:00,5139.474477,5143.937791,0.0868
2024-11-14T00:15:00+00:00,5139.474477,5143.937791,0.0868
2024-11-14T00:30:00+00:00,5139.474477,5143.937791,0.0868
2024-11-14T00:45:00+00:00,5139.474477,5143.937791,0.0868
2024-11-14T01:00:00+00:00,5139.474477,5143.937791,0.0868
2024-11-14T01:15:00+00:00,5139.474477,5143.937791,0.0868
2024-11-14T01:30:00+00:00,5139.474477,5143.937791,0.0868
2024-11-14T01:45:00+00:00,5139.474477,5143.937791,0.0868
2024-11-14T02:00:00+00:00,5139.474477,5143.937791,0.0868
2024-11-14T02:15:00+00:00,5139.474477,5143.937791,0.0868
2024-11-14T02:30:00+00:00,5139.474477,5143.937791,0.0868
2024-11-14T02:45:00+00:00,5139.474477,5143.937791,0.0868
2024-11-14T03:00:00+00:00,5139.474477,5143.937791,0.0868
2024-11-14T03:15:00+00:00,5139.474477,5143.937791,0.0868
2024-11-14T03:30:00+00:00,5139.474477,5143.937791,0.0868
2024-11-14T03:45:00+00:00,5139.474477,5143.937791,0.0868
2024-11-14T04:00:00+00:00,5139.474477,5143.937791,0.0868
2024-11-14T04:15:00+00:00,5139.474477,5143.937791,0.0868
2024-11-14T04:30:00+00:00,5139.474477,5143.937791,0.0868
2024-11-14T04:45:00+00:00,5139.474477,5143.937791,0.0868
2024-11-14T05:00:00+00:00,5139.474477,5143.937791,0.0868
2024-11-14T05:15:00+00:00,5139.474477,5143.937791,0.0868
2024-11-14T05:30:00+00:00,5139.474477,5143.937791,0.0868
2024-11-14T05:45:00+00:00,5139.474477,5143.937791,0.0868
2024-11-14T06:00:00+00:00,5139.474477,5143.937791,0.0868
2024-11-14T06:15:00+00:00,5139.474477,5143.937791,0.0868
2024-11-14T06:30:00+00:00,5139.474477,5143.937791,0.0868
2024-11-14T06:45:00+00:00,5139.474477,5143.937791,0.0868
2024-11-14T07:00:00+00:00,5139.474477,5143.937791,0.0868
2024-11-14T07:15:00+00:00,5139.474477,5143.937791,0.0868
2024-11-14T07:30:00+00:00,5139.474477,5143.937791,0.0868
2024-11-14T07:45:00+00:00,5139.474477,5143.937791,0.0868
2024-11-14T08:00:00+00:00,5139.474477,5143.937791,0.0868
2024-11-14T08:15:00+00:00,5139.474477,5143.937791,0.0868
2024-11-14T08:30:00+00:00,5139.474477,5143.937791,0.0868
2024-11-14T08:45:00+00:00,5139.474477,5143.937791,0.0868
2024-11-14T09:00:00+00:00,5139.474477,5143.937791,0.0868
2024-11-14T09:15:00+00:00,5139.474477,5143.937791,0.0868
2024-11-14T09:30:00+00:00,5139.474477,5143.937791,0.0868
2024-11-14T09:45:00+00:00,5139.474477,5143.937791,0.0868
2024-11-14T10:00:00+00:00,5139.474477,5143.937791,0.0868
2024-11-14T10:15:00+00:00,5139.474477,5143.937791,0.0868
2024-11-14T10:30:00+00:00,5139.474477,5143.937791,0.0868
2024-11-14T10:45:00+00:00,5139.474477,5143.937791,0.0868
2024-11-14T11:00:00+00:00,5139.474477,5143.937791,0.0868
2024-11-14T11:15:00+00:00,5139.474477,5143.937791,0.0868
2024-11-14T11:30:00+00:00,5139.474477,5143.937791,0.0868
2024-11-14T11:45:00+00:00,5139.474477,5143.937791,0.0868
2024-11-14T12:00:00+00:00,5139.474477,5143.937791,0.0868
2024-11-14T12:15:00+00:00,5139.474477,5143.937791,0.0868
2024-11-14T12:30:00+00:00,5139.474477,5143.937791,0.0868
2024-11-14T12:45:00+00:00,5139.474477,5143.937791,0.0868
2024-11-14T13:00:00+00:00,5139.474477,5143.937791,0.0868
2024-11-14T13:15:00+00:00,5139.474477,5143.937791,0.0868
2024-11-14T13:30:00+00:00,5139.474477,5143.937791,0.0868
2024-11-14T13:45:00+00:00,5139.474477,5143.937791,0.0868
2024-11-14T14:00:00+00:00,5139.474477,5143.937791,0.0868
2024-11-14T14:15:00+00:00,5139.474477,5143.937791,0.0868
2024-11-14T14:30:00+00:00,5139.474477,5143.937791,0.0868
2024-11-14T14:45:00+00:00,5139.474477,5143.937791,0.0868
2024-11-14T15:00:00+00:00,5139.474477,5143.937791,0.0868
2024-11-14T15:15:00+00:00,5139.474477,5143.937791,0.0868
2024-11-14T15:30:00+00:00,5139.474477,5143.937791,0.0868
2024-11-14T15:45:00+00:00,5139.474477,5143.937791,0.0868
2024-11-14T16:00:00+00:00,5139.474477,5143.937791,0.0868
2024-11-14T16:15:00+00:00,5139.474477,5143.937791,0.0868
2024-11-14T16:30:00+00:00,5139.474477,5143.937791,0.0868
2024-11-14T16:45:00+00:00,5139.474477,5143.937791,0.0868
2024-11-14T17:00:00+00:00,5139.474477,5143.937791,0.0868
2024-11-14T17:15:00+00:00,5139.474477,5143.937791,0.0868
2024-11-14T17:30:00+00:00,5139.474477,5143.937791,0.0868
2024-11-14T17:45:00+00:00,5139.474477,5143.937791,0.0868
2024-11-14T18:00:00+00:00,5139.474477,5143.937791,0.0868
2024-11-14T18:15:00+00:00,5139.474477,5143.937791,0.0868
2024-11-14T18:30:00+00:00,5139.474477,5143.937791,0.0868
2024-11-14T18:45:00+00:00,5139.474477,5143.937791,0.0868
2024-11-14T19:00:00+00:00,5139.474477,5143.937791,0.0868
2024-11-14T19:15:00+00:00,5139.474477,5143.937791,0.0868
2024-11-14T19:30:00+00:00,5139.474477,5143.937791,0.0868
2024-11-14T19:45:00+00:00,5139.474477,5143.937791,0.0868
2024-11-14T20:00:00+00:00,5139.474477,5143.937791,0.0868
2024-11-14T20:15:00+00:00,5139.474477,5143.937791,0.0868
2024-11-14T20:30:00+00:00,5139.474477,5143.937791,0.0868
2024-11-14T20:45:00+00:00,5139.474477,5143.937791,0.0868
2024-11-14T21:00:00+00:00,5139.474477,5143.937791,0.0868
2024-11-14T21:15:00+00:00,5139.474477,5143.937791,0.0868
2024-11-14T21:30:00+00:00,5139.474477,5143.937791,0.0868
2024-11-14T21:45:00+00:00,5139.474477,5143.937791,0.0868
2024-11-14T22:00:00+00:00,5139.474477,5143.937791,0.0868
2024-11-14T22:15:00+00:00,5139.474477,5143.937791,0.0868
2024-11-14T22:30:00+00:00,5139.474477,5143.937791,0.0868
2024-11-14T22:31:00+00:00,5131.940743,5143.937791,0.2332
2024-11-14T22:32:00+00:00,5102.125505,5143.937791,0.8128
2024-11-14T22:33:00+00:00,5106.047193,5143.937791,0.7366
2024-11-14T22:34:00+00:00,5086.794781,5143.937791,1.1109
2024-11-14T22:35:00+00:00,5064.471152,5143.937791,1.5449
2024-11-14T22:45:00+00:00,5064.471152,5143.937791,1.5449
2024-11-14T22:46:00+00:00,5057.047364,5143.937791,1.6892
2024-11-14T22:47:00+00:00,5050.498271,5143.937791,1.8165
2024-11-14T22:48:00+00:00,5044.523104,5143.937791,1.9327
2024-11-14T22:49:00+00:00,5049.333582,5143.937791,1.8391
2024-11-14T22:50:00+00:00,5039.452020,5143.937791,2.0312
2024-11-14T22:51:00+00:00,5049.036386,5143.937791,1.8449
2024-11-14T22:52:00+00:00,5055.752314,5143.937791,1.7144
2024-11-14T22:53:00+00:00,5064.852954,5143.937791,1.5374
2024-11-14T22:54:00+00:00,5061.252681,5143.937791,1.6074
2024-11-14T22:55:00+00:00,5057.609569,5143.937791,1.6783
2024-11-14T22:56:00+00:00,5049.554918,5143.937791,1.8348
2024-11-14T22:57:00+00:00,5015.044419,5143.937791,2.5057
2024-11-14T22:58:00+00:00,5022.210158,5143.937791,2.3664
2024-11-14T22:59:00+00:00,5014.939998,5143.937791,2.5078
2024-11-14T23:00:00+00:00,4988.313331,5143.937791,3.0254
2024-11-14T23:15:00+00:00,4988.313331,5143.937791,3.0254
2024-11-14T23:30:00+00:00,4988.313331,5143.937791,3.0254
2024-11-14T23:45:00+00:00,4988.313331,5143.937791,3.0254
2024-11-15T00:00:00+00:00,4988.313331,5143.937791,3.0254
2024-11-15T00:01:00+00:00,4988.313331,5143.937791,3.0254
2024-11-15T00:02:00+00:00,4988.313331,5143.937791,3.0254
2024-11-15T00:03:00+00:00,4988.313331,5143.937791,3.0254
2024-11-15T00:04:00+00:00,4988.313331,5143.937791,3.0254
2024-11-15T00:05:00+00:00,4988.313331,5143.937791,3.0254
2024-11-15T00:15:00+00:00,4988.313331,5143.937791,3.0254
2024-11-15T00:30:00+00:00,4988.313331,5143.937791,3.0254
2024-11-15T00:45:00+00:00,4988.313331,5143.937791,3.0254
2024-11-15T01:00:00+00:00,4988.313331,5143.937791,3.0254
2024-11-15T01:15:00+00:00,4988.313331,5143.937791,3.0254
2024-11-15T01:30:00+00:00,4988.313331,5143.937791,3.0254
2024-11-15T01:45:00+00:00,4988.313331,5143.937791,3.0254
2024-11-15T02:00:00+00:00,4988.313331,5143.937791,3.0254
2024-11-15T02:15:00+00:00,4988.313331,5143.937791,3.0254
2024-11-15T02:30:00+00:00,4988.313331,5143.937791,3.0254
2024-11-15T02:45:00+00:00,4988.313331,5143.937791,3.0254
2024-11-15T03:00:00+00:00,4988.313331,5143.937791,3.0254
2024-11-15T03:15:00+00:00,4988.313331,5143.937791,3.0254
2024-11-15T03:30:00+00:00,4988.313331,5143.937791,3.0254
2024-11-15T03:45:00+00:00,4988.313331,5143.937791,3.0254
2024-11-15T04:00:00+00:00,4988.313331,5143.937791,3.0254
2024-11-15T04:15:00+00:00,4988.313331,5143.937791,3.0254
2024-11-15T04:30:00+00:00,4988.313331,5143.937791,3.0254
2024-11-15T04:45:00+00:00,4988.313331,5143.937791,3.0254
2024-11-15T05:00:00+00:00,4988.313331,5143.937791,3.0254
2024-11-15T05:01:00+00:00,4988.313331,5143.937791,3.0254
2024-11-15T05:02:00+00:00,4988.313331,5143.937791,3.0254
2024-11-15T05:03:00+00:00,4988.313331,5143.937791,3.0254
2024-11-15T05:04:00+00:00,4988.313331,5143.937791,3.0254
2024-11-15T05:05:00+00:00,4988.313331,5143.937791,3.0254
2024-11-15T05:15:00+00:00,4988.313331,5143.937791,3.0254
2024-11-15T05:16:00+00:00,4988.313331,5143.937791,3.0254
2024-11-15T05:17:00+00:00,4981.001255,5143.937791,3.1675
2024-11-15T05:18:00+00:00,4957.210650,5143.937791,3.6300
2024-11-15T05:19:00+00:00,4969.123575,5143.937791,3.3985
2024-11-15T05:20:00+00:00,4969.123575,5143.937791,3.3985
2024-11-15T05:21:00+00:00,4969.123575,5143.937791,3.3985
2024-11-15T05:22:00+00:00,4969.123575,5143.937791,3.3985
2024-11-15T05:23:00+00:00,4992.949426,5143.937791,2.9353
2024-11-15T05:24:00+00:00,4992.949426,5143.937791,2.9353
2024-11-15T05:25:00+00:00,4992.949426,5143.937791,2.9353
2024-11-15T05:26:00+00:00,4981.036500,5143.937791,3.1669
2024-11-15T05:27:00+00:00,4969.123575,5143.937791,3.3985
2024-11-15T05:28:00+00:00,4981.036500,5143.937791,3.1669
2024-11-15T05:29:00+00:00,4981.036500,5143.937791,3.1669
2024-11-15T05:30:00+00:00,4992.949426,5143.937791,2.9353
2024-11-15T05:31:00+00:00,4992.949426,5143.937791,2.9353
2024-11-15T05:32:00+00:00,4992.949426,5143.937791,2.9353
2024-11-15T05:33:00+00:00,5004.862351,5143.937791,2.7037
2024-11-15T05:34:00+00:00,5004.862351,5143.937791,2.7037
2024-11-15T05:35:00+00:00,5004.862351,5143.937791,2.7037
2024-11-15T05:36:00+00:00,4992.949426,5143.937791,2.9353
2024-11-15T05:37:00+00:00,5004.862351,5143.937791,2.7037
2024-11-15T05:38:00+00:00,5004.862351,5143.937791,2.7037
2024-11-15T05:39:00+00:00,4992.949426,5143.937791,2.9353
2024-11-15T05:40:00+00:00,4992.949426,5143.937791,2.9353
2024-11-15T05:41:00+00:00,5004.862351,5143.937791,2.7037
2024-11-15T05:42:00+00:00,5004.862351,5143.937791,2.7037
2024-11-15T05:43:00+00:00,5004.862351,5143.937791,2.7037
2024-11-15T05:44:00+00:00,5004.862351,5143.937791,2.7037
2024-11-15T05:45:00+00:00,4992.949426,5143.937791,2.9353
2024-11-15T05:46:00+00:00,5004.862351,5143.937791,2.7037
2024-11-15T05:47:00+00:00,5004.862351,5143.937791,2.7037
2024-11-15T05:48:00+00:00,5004.862351,5143.937791,2.7037
2024-11-15T05:49:00+00:00,4992.949426,5143.937791,2.9353
2024-11-15T05:50:00+00:00,5004.862351,5143.937791,2.7037
2024-11-15T05:51:00+00:00,5004.862351,5143.937791,2.7037
2024-11-15T05:52:00+00:00,5016.775276,5143.937791,2.4721
2024-11-15T05:53:00+00:00,5016.775276,5143.937791,2.4721
2024-11-15T05:54:00+00:00,5016.775276,5143.937791,2.4721
2024-11-15T05:55:00+00:00,5016.775276,5143.937791,2.4721
2024-11-15T05:56:00+00:00,5016.775276,5143.937791,2.4721
2024-11-15T05:57:00+00:00,5016.775276,5143.937791,2.4721
2024-11-15T05:58:00+00:00,5016.775276,5143.937791,2.4721
2024-11-15T05:59:00+00:00,5016.775276,5143.937791,2.4721
2024-11-15T06:00:00+00:00,5016.775276,5143.937791,2.4721
2024-11-15T06:01:00+00:00,5016.775276,5143.937791,2.4721
2024-11-15T06:02:00+00:00,5028.688201,5143.937791,2.2405
2024-11-15T06:03:00+00:00,5028.688201,5143.937791,2.2405
2024-11-15T06:04:00+00:00,5028.688201,5143.937791,2.2405
2024-11-15T06:05:00+00:00,5040.601126,5143.937791,2.0089
2024-11-15T06:06:00+00:00,5040.601126,5143.937791,2.0089
2024-11-15T06:07:00+00:00,5040.601126,5143.937791,2.0089
2024-11-15T06:08:00+00:00,5040.601126,5143.937791,2.0089
2024-11-15T06:09:00+00:00,5040.601126,5143.937791,2.0089
2024-11-15T06:10:00+00:00,5040.601126,5143.937791,2.0089
2024-11-15T06:11:00+00:00,5040.601126,5143.937791,2.0089
2024-11-15T06:12:00+00:00,5064.426976,5143.937791,1.5457
2024-11-15T06:13:00+00:00,5064.426976,5143.937791,1.5457
2024-11-15T06:14:00+00:00,5064.426976,5143.937791,1.5457
2024-11-15T06:15:00+00:00,5064.426976,5143.937791,1.5457
2024-11-15T06:16:00+00:00,5076.339902,5143.937791,1.3141
2024-11-15T06:17:00+00:00,5076.339902,5143.937791,1.3141
2024-11-15T06:18:00+00:00,5076.339902,5143.937791,1.3141
2024-11-15T06:19:00+00:00,5074.921362,5143.937791,1.3417
2024-11-15T06:30:00+00:00,5074.921362,5143.937791,1.3417
2024-11-15T06:45:00+00:00,5074.921362,5143.937791,1.3417
2024-11-15T07:00:00+00:00,5074.921362,5143.937791,1.3417
2024-11-15T07:15:00+00:00,5074.921362,5143.937791,1.3417
2024-11-15T07:30:00+00:00,5074.921362,5143.937791,1.3417
2024-11-15T07:45:00+00:00,5074.921362,5143.937791,1.3417
2024-11-15T08:00:00+00:00,5074.921362,5143.937791,1.3417
2024-11-15T08:15:00+00:00,5074.921362,5143.937791,1.3417
2024-11-15T08:30:00+00:00,5074.921362,5143.937791,1.3417
2024-11-15T08:45:00+00:00,5074.921362,5143.937791,1.3417
2024-11-15T09:00:00+00:00,5074.921362,5143.937791,1.3417
2024-11-15T09:15:00+00:00,5074.921362,5143.937791,1.3417
2024-11-15T09:30:00+00:00,5074.921362,5143.937791,1.3417
2024-11-15T09:45:00+00:00,5074.921362,5143.937791,1.3417
2024-11-15T10:00:00+00:00,5074.921362,5143.937791,1.3417
2024-11-15T10:15:00+00:00,5074.921362,5143.937791,1.3417
2024-11-15T10:30:00+00:00,5074.921362,5143.937791,1.3417
2024-11-15T10:45:00+00:00,5074.921362,5143.937791,1.3417
2024-11-15T11:00:00+00:00,5074.921362,5143.937791,1.3417
2024-11-15T11:15:00+00:00,5074.921362,5143.937791,1.3417
2024-11-15T11:30:00+00:00,5074.921362,5143.937791,1.3417
2024-11-15T11:45:00+00:00,5074.921362,5143.937791,1.3417
2024-11-15T12:00:00+00:00,5074.921362,5143.937791,1.3417
2024-11-15T12:15:00+00:00,5074.921362,5143.937791,1.3417
2024-11-15T12:30:00+00:00,5074.921362,5143.937791,1.3417
2024-11-15T12:45:00+00:00,5074.921362,5143.937791,1.3417
2024-11-15T13:00:00+00:00,5074.921362,5143.937791,1.3417
2024-11-15T13:15:00+00:00,5074.921362,5143.937791,1.3417
2024-11-15T13:30:00+00:00,5074.921362,5143.937791,1.3417
2024-11-15T13:45:00+00:00,5074.921362,5143.937791,1.3417
2024-11-15T14:00:00+00:00,5074.921362,5143.937791,1.3417
2024-11-15T14:15:00+00:00,5074.921362,5143.937791,1.3417
2024-11-15T14:30:00+00:00,5074.921362,5143.937791,1.3417
2024-11-15T14:45:00+00:00,5074.921362,5143.937791,1.3417
2024-11-15T15:00:00+00:00,5074.921362,5143.937791,1.3417
2024-11-15T15:15:00+00:00,5074.921362,5143.937791,1.3417
2024-11-15T15:30:00+00:00,5074.921362,5143.937791,1.3417
2024-11-15T15:45:00+00:00,5074.921362,5143.937791,1.3417
2024-11-15T16:00:00+00:00,5074.921362,5143.937791,1.3417
2024-11-15T16:15:00+00:00,5074.921362,5143.937791,1.3417
2024-11-15T16:30:00+00:00,5074.921362,5143.937791,1.3417
2024-11-15T16:45:00+00:00,5074.921362,5143.937791,1.3417
2024-11-15T17:00:00+00:00,5074.921362,5143.937791,1.3417
2024-11-15T17:15:00+00:00,5074.921362,5143.937791,1.3417
2024-11-15T17:30:00+00:00,5074.921362,5143.937791,1.3417
2024-11-15T17:45:00+00:00,5074.921362,5143.937791,1.3417
2024-11-15T18:00:00+00:00,5074.921362,5143.937791,1.3417
2024-11-15T18:15:00+00:00,5074.921362,5143.937791,1.3417
2024-11-15T18:30:00+00:00,5074.921362,5143.937791,1.3417
2024-11-15T18:45:00+00:00,5074.921362,5143.937791,1.3417
2024-11-15T19:00:00+00:00,5074.921362,5143.937791,1.3417
2024-11-15T19:15:00+00:00,5074.921362,5143.937791,1.3417
2024-11-15T19:30:00+00:00,5074.921362,5143.937791,1.3417
2024-11-15T19:45:00+00:00,5074.921362,5143.937791,1.3417
2024-11-15T20:00:00+00:00,5074.921362,5143.937791,1.3417
2024-11-15T20:15:00+00:00,5074.921362,5143.937791,1.3417
2024-11-15T20:30:00+00:00,5074.921362,5143.937791,1.3417
2024-11-15T20:45:00+00:00,5074.921362,5143.937791,1.3417
2024-11-15T21:00:00+00:00,5074.921362,5143.937791,1.3417
2024-11-15T21:15:00+00:00,5074.921362,5143.937791,1.3417
2024-11-15T21:30:00+00:00,5074.921362,5143.937791,1.3417
2024-11-15T21:45:00+00:00,5074.921362,5143.937791,1.3417
2024-11-15T22:00:00+00:00,5074.921362,5143.937791,1.3417
2024-11-15T22:15:00+00:00,5074.921362,5143.937791,1.3417
2024-11-15T22:30:00+00:00,5074.921362,5143.937791,1.3417
2024-11-15T22:45:00+00:00,5074.921362,5143.937791,1.3417
2024-11-15T23:00:00+00:00,5074.921362,5143.937791,1.3417
2024-11-15T23:15:00+00:00,5074.921362,5143.937791,1.3417
2024-11-15T23:30:00+00:00,5074.921362,5143.937791,1.3417
2024-11-15T23:45:00+00:00,5074.921362,5143.937791,1.3417
2024-11-16T00:00:00+00:00,5074.921362,5143.937791,1.3417
2024-11-16T00:15:00+00:00,5074.921362,5143.937791,1.3417
2024-11-16T00:30:00+00:00,5074.921362,5143.937791,1.3417
2024-11-16T00:45:00+00:00,5074.921362,5143.937791,1.3417
2024-11-16T01:00:00+00:00,5074.921362,5143.937791,1.3417
2024-11-16T01:15:00+00:00,5074.921362,5143.937791,1.3417
2024-11-16T01:30:00+00:00,5074.921362,5143.937791,1.3417
2024-11-16T01:45:00+00:00,5074.921362,5143.937791,1.3417
2024-11-16T02:00:00+00:00,5074.921362,5143.937791,1.3417
2024-11-16T02:15:00+00:00,5074.921362,5143.937791,1.3417
2024-11-16T02:30:00+00:00,5074.921362,5143.937791,1.3417
2024-11-16T02:45:00+00:00,5074.921362,5143.937791,1.3417
2024-11-16T03:00:00+00:00,5074.921362,5143.937791,1.3417
2024-11-16T03:15:00+00:00,5074.921362,5143.937791,1.3417
2024-11-16T03:30:00+00:00,5074.921362,5143.937791,1.3417
2024-11-16T03:45:00+00:00,5074.921362,5143.937791,1.3417
2024-11-16T04:00:00+00:00,5074.921362,5143.937791,1.3417
2024-11-16T04:15:00+00:00,5074.921362,5143.937791,1.3417
2024-11-16T04:30:00+00:00,5074.921362,5143.937791,1.3417
2024-11-16T04:45:00+00:00,5074.921362,5143.937791,1.3417
2024-11-16T05:00:00+00:00,5074.921362,5143.937791,1.3417
2024-11-16T05:15:00+00:00,5074.921362,5143.937791,1.3417
2024-11-16T05:30:00+00:00,5074.921362,5143.937791,1.3417
2024-11-16T05:45:00+00:00,5074.921362,5143.937791,1.3417
2024-11-16T06:00:00+00:00,5074.921362,5143.937791,1.3417
2024-11-16T06:15:00+00:00,5074.921362,5143.937791,1.3417
2024-11-16T06:30:00+00:00,5074.921362,5143.937791,1.3417
2024-11-16T06:45:00+00:00,5074.921362,5143.937791,1.3417
2024-11-16T07:00:00+00:00,5074.921362,5143.937791,1.3417
2024-11-16T07:15:00+00:00,5074.921362,5143.937791,1.3417
2024-11-16T07:30:00+00:00,5074.921362,5143.937791,1.3417
2024-11-16T07:45:00+00:00,5074.921362,5143.937791,1.3417
2024-11-16T08:00:00+00:00,5074.921362,5143.937791,1.3417
2024-11-16T08:15:00+00:00,5074.921362,5143.937791,1.3417
2024-11-16T08:30:00+00:00,5074.921362,5143.937791,1.3417
2024-11-16T08:45:00+00:00,5074.921362,5143.937791,1.3417
2024-11-16T09:00:00+00:00,5074.921362,5143.937791,1.3417
2024-11-16T09:15:00+00:00,5074.921362,5143.937791,1.3417
2024-11-16T09:30:00+00:00,5074.921362,5143.937791,1.3417
2024-11-16T09:45:00+00:00,5074.921362,5143.937791,1.3417
2024-11-16T10:00:00+00:00,5074.921362,5143.937791,1.3417
2024-11-16T10:15:00+00:00,5074.921362,5143.937791,1.3417
2024-11-16T10:30:00+00:00,5074.921362,5143.937791,1.3417
2024-11-16T10:45:00+00:00,5074.921362,5143.937791,1.3417
2024-11-16T11:00:00+00:00,5074.921362,5143.937791,1.3417
2024-11-16T11:15:00+00:00,5074.921362,5143.937791,1.3417
2024-11-16T11:30:00+00:00,5074.921362,5143.937791,1.3417
2024-11-16T11:45:00+00:00,5074.921362,5143.937791,1.3417
2024-11-16T12:00:00+00:00,5074.921362,5143.937791,1.3417
2024-11-16T12:15:00+00:00,5074.921362,5143.937791,1.3417
2024-11-16T12:30:00+00:00,5074.921362,5143.937791,1.3417
2024-11-16T12:45:00+00:00,5074.921362,5143.937791,1.3417
2024-11-16T13:00:00+00:00,5074.921362,5143.937791,1.3417
2024-11-16T13:15:00+00:00,5074.921362,5143.937791,1.3417
2024-11-16T13:30:00+00:00,5074.921362,5143.937791,1.3417
2024-11-16T13:45:00+00:00,5074.921362,5143.937791,1.3417
2024-11-16T14:00:00+00:00,5074.921362,5143.937791,1.3417
2024-11-16T14:15:00+00:00,5074.921362,5143.937791,1.3417
2024-11-16T14:30:00+00:00,5074.921362,5143.937791,1.3417
2024-11-16T14:45:00+00:00,5074.921362,5143.937791,1.3417
2024-11-16T15:00:00+00:00,5074.921362,5143.937791,1.3417
2024-11-16T15:15:00+00:00,5074.921362,5143.937791,1.3417
2024-11-16T15:30:00+00:00,5074.921362,5143.937791,1.3417
2024-11-16T15:45:00+00:00,5074.921362,5143.937791,1.3417
2024-11-16T16:00:00+00:00,5074.921362,5143.937791,1.3417
2024-11-16T16:15:00+00:00,5074.921362,5143.937791,1.3417
2024-11-16T16:30:00+00:00,5074.921362,5143.937791,1.3417
2024-11-16T16:45:00+00:00,5074.921362,5143.937791,1.3417
2024-11-16T17:00:00+00:00,5074.921362,5143.937791,1.3417
2024-11-16T17:15:00+00:00,5074.921362,5143.937791,1.3417
2024-11-16T17:30:00+00:00,5074.921362,5143.937791,1.3417
2024-11-16T17:45:00+00:00,5074.921362,5143.937791,1.3417
2024-11-16T18:00:00+00:00,5074.921362,5143.937791,1.3417
2024-11-16T18:15:00+00:00,5074.921362,5143.937791,1.3417
2024-11-16T18:30:00+00:00,5074.921362,5143.937791,1.3417
2024-11-16T18:45:00+00:00,5074.921362,5143.937791,1.3417
2024-11-16T19:00:00+00:00,5074.921362,5143.937791,1.3417
2024-11-16T19:15:00+00:00,5074.921362,5143.937791,1.3417
2024-11-16T19:30:00+00:00,5074.921362,5143.937791,1.3417
2024-11-16T19:45:00+00:00,5074.921362,5143.937791,1.3417
2024-11-16T20:00:00+00:00,5074.921362,5143.937791,1.3417
2024-11-16T20:15:00+00:00,5074.921362,5143.937791,1.3417
2024-11-16T20:30:00+00:00,5074.921362,5143.937791,1.3417
2024-11-16T20:45:00+00:00,5074.921362,5143.937791,1.3417
2024-11-16T21:00:00+00:00,5074.921362,5143.937791,1.3417
2024-11-16T21:15:00+00:00,5074.921362,5143.937791,1.3417
2024-11-16T21:30:00+00:00,5074.921362,5143.937791,1.3417
2024-11-16T21:45:00+00:00,5074.921362,5143.937791,1.3417
2024-11-16T22:00:00+00:00,5074.921362,5143.937791,1.3417
2024-11-16T22:15:00+00:00,5074.921362,5143.937791,1.3417
2024-11-16T22:30:00+00:00,5074.921362,5143.937791,1.3417
2024-11-16T22:45:00+00:00,5074.921362,5143.937791,1.3417
2024-11-16T23:00:00+00:00,5074.921362,5143.937791,1.3417
2024-11-16T23:15:00+00:00,5074.921362,5143.937791,1.3417
2024-11-16T23:30:00+00:00,5074.921362,5143.937791,1.3417
2024-11-16T23:45:00+00:00,5074.921362,5143.937791,1.3417
2024-11-17T00:00:00+00:00,5074.921362,5143.937791,1.3417
2024-11-17T00:15:00+00:00,5074.921362,5143.937791,1.3417
2024-11-17T00:30:00+00:00,5074.921362,5143.937791,1.3417
2024-11-17T00:45:00+00:00,5074.921362,5143.937791,1.3417
2024-11-17T01:00:00+00:00,5074.921362,5143.937791,1.3417
2024-11-17T01:15:00+00:00,5074.921362,5143.937791,1.3417
2024-11-17T01:30:00+00:00,5074.921362,5143.937791,1.3417
2024-11-17T01:45:00+00:00,5074.921362,5143.937791,1.3417
2024-11-17T02:00:00+00:00,5074.921362,5143.937791,1.3417
2024-11-17T02:15:00+00:00,5074.921362,5143.937791,1.3417
2024-11-17T02:30:00+00:00,5074.921362,5143.937791,1.3417
2024-11-17T02:45:00+00:00,5074.921362,5143.937791,1.3417
2024-11-17T03:00:00+00:00,5074.921362,5143.937791,1.3417
2024-11-17T03:15:00+00:00,5074.921362,5143.937791,1.3417
2024-11-17T03:30:00+00:00,5074.921362,5143.937791,1.3417
2024-11-17T03:45:00+00:00,5074.921362,5143.937791,1.3417
2024-11-17T04:00:00+00:00,5074.921362,5143.937791,1.3417
2024-11-17T04:15:00+00:00,5074.921362,5143.937791,1.3417
2024-11-17T04:30:00+00:00,5074.921362,5143.937791,1.3417
2024-11-17T04:45:00+00:00,5074.921362,5143.937791,1.3417
2024-11-17T05:00:00+00:00,5074.921362,5143.937791,1.3417
2024-11-17T05:15:00+00:00,5074.921362,5143.937791,1.3417
2024-11-17T05:30:00+00:00,5074.921362,5143.937791,1.3417
2024-11-17T05:45:00+00:00,5074.921362,5143.937791,1.3417
2024-11-17T06:00:00+00:00,5074.921362,5143.937791,1.3417
2024-11-17T06:15:00+00:00,5074.921362,5143.937791,1.3417
2024-11-17T06:30:00+00:00,5074.921362,5143.937791,1.3417
2024-11-17T06:45:00+00:00,5074.921362,5143.937791,1.3417
2024-11-17T07:00:00+00:00,5074.921362,5143.937791,1.3417
2024-11-17T07:15:00+00:00,5074.921362,5143.937791,1.3417
2024-11-17T07:30:00+00:00,5074.921362,5143.937791,1.3417
2024-11-17T07:45:00+00:00,5074.921362,5143.937791,1.3417
2024-11-17T08:00:00+00:00,5074.921362,5143.937791,1.3417
2024-11-17T08:15:00+00:00,5074.921362,5143.937791,1.3417
2024-11-17T08:30:00+00:00,5074.921362,5143.937791,1.3417
2024-11-17T08:45:00+00:00,5074.921362,5143.937791,1.3417
2024-11-17T09:00:00+00:00,5074.921362,5143.937791,1.3417
2024-11-17T09:15:00+00:00,5074.921362,5143.937791,1.3417
2024-11-17T09:30:00+00:00,5074.921362,5143.937791,1.3417
2024-11-17T09:45:00+00:00,5074.921362,5143.937791,1.3417
2024-11-17T10:00:00+00:00,5074.921362,5143.937791,1.3417
2024-11-17T10:15:00+00:00,5074.921362,5143.937791,1.3417
2024-11-17T10:30:00+00:00,5074.921362,5143.937791,1.3417
2024-11-17T10:45:00+00:00,5074.921362,5143.937791,1.3417
2024-11-17T11:00:00+00:00,5074.921362,5143.937791,1.3417
2024-11-17T11:15:00+00:00,5074.921362,5143.937791,1.3417
2024-11-17T11:30:00+00:00,5074.921362,5143.937791,1.3417
2024-11-17T11:45:00+00:00,5074.921362,5143.937791,1.3417
2024-11-17T12:00:00+00:00,5074.921362,5143.937791,1.3417
2024-11-17T12:15:00+00:00,5074.921362,5143.937791,1.3417
2024-11-17T12:30:00+00:00,5074.921362,5143.937791,1.3417
2024-11-17T12:45:00+00:00,5074.921362,5143.937791,1.3417
2024-11-17T13:00:00+00:00,5074.921362,5143.937791,1.3417
2024-11-17T13:15:00+00:00,5074.921362,5143.937791,1.3417
2024-11-17T13:30:00+00:00,5074.921362,5143.937791,1.3417
2024-11-17T13:45:00+00:00,5074.921362,5143.937791,1.3417
2024-11-17T14:00:00+00:00,5074.921362,5143.937791,1.3417
2024-11-17T14:15:00+00:00,5074.921362,5143.937791,1.3417
2024-11-17T14:30:00+00:00,5074.921362,5143.937791,1.3417
2024-11-17T14:45:00+00:00,5074.921362,5143.937791,1.3417
2024-11-17T15:00:00+00:00,5074.921362,5143.937791,1.3417
2024-11-17T15:15:00+00:00,5074.921362,5143.937791,1.3417
2024-11-17T15:30:00+00:00,5074.921362,5143.937791,1.3417
2024-11-17T15:45:00+00:00,5074.921362,5143.937791,1.3417
2024-11-17T16:00:00+00:00,5074.921362,5143.937791,1.3417
2024-11-17T16:15:00+00:00,5074.921362,5143.937791,1.3417
2024-11-17T16:30:00+00:00,5074.921362,5143.937791,1.3417
2024-11-17T16:45:00+00:00,5074.921362,5143.937791,1.3417
2024-11-17T17:00:00+00:00,5074.921362,5143.937791,1.3417
2024-11-17T17:15:00+00:00,5074.921362,5143.937791,1.3417
2024-11-17T17:30:00+00:00,5074.921362,5143.937791,1.3417
2024-11-17T17:45:00+00:00,5074.921362,5143.937791,1.3417
2024-11-17T18:00:00+00:00,5074.921362,5143.937791,1.3417
2024-11-17T18:15:00+00:00,5074.921362,5143.937791,1.3417
2024-11-17T18:30:00+00:00,5074.921362,5143.937791,1.3417
2024-11-17T18:45:00+00:00,5074.921362,5143.937791,1.3417
2024-11-17T19:00:00+00:00,5074.921362,5143.937791,1.3417
2024-11-17T19:15:00+00:00,5074.921362,5143.937791,1.3417
2024-11-17T19:30:00+00:00,5074.921362,5143.937791,1.3417
2024-11-17T19:45:00+00:00,5074.921362,5143.937791,1.3417
2024-11-17T20:00:00+00:00,5074.921362,5143.937791,1.3417
2024-11-17T20:15:00+00:00,5074.921362,5143.937791,1.3417
2024-11-17T20:30:00+00:00,5074.921362,5143.937791,1.3417
2024-11-17T20:45:00+00:00,5074.921362,5143.937791,1.3417
2024-11-17T21:00:00+00:00,5074.921362,5143.937791,1.3417
2024-11-17T21:15:00+00:00,5074.921362,5143.937791,1.3417
2024-11-17T21:30:00+00:00,5074.921362,5143.937791,1.3417
2024-11-17T21:45:00+00:00,5074.921362,5143.937791,1.3417
2024-11-17T22:00:00+00:00,5074.921362,5143.937791,1.3417
2024-11-17T22:15:00+00:00,5074.921362,5143.937791,1.3417
2024-11-17T22:30:00+00:00,5074.921362,5143.937791,1.3417
2024-11-17T22:45:00+00:00,5074.921362,5143.937791,1.3417
2024-11-17T23:00:00+00:00,5074.921362,5143.937791,1.3417
2024-11-17T23:15:00+00:00,5074.921362,5143.937791,1.3417
2024-11-17T23:30:00+00:00,5074.921362,5143.937791,1.3417
2024-11-17T23:45:00+00:00,5074.921362,5143.937791,1.3417
2024-11-18T00:00:00+00:00,5074.921362,5143.937791,1.3417
2024-11-18T00:15:00+00:00,5074.921362,5143.937791,1.3417
2024-11-18T00:30:00+00:00,5074.921362,5143.937791,1.3417
2024-11-18T00:45:00+00:00,5074.921362,5143.937791,1.3417
2024-11-18T01:00:00+00:00,5074.921362,5143.937791,1.3417
2024-11-18T01:15:00+00:00,5074.921362,5143.937791,1.3417
2024-11-18T01:30:00+00:00,5074.921362,5143.937791,1.3417
2024-11-18T01:45:00+00:00,5074.921362,5143.937791,1.3417
2024-11-18T02:00:00+00:00,5074.921362,5143.937791,1.3417
2024-11-18T02:15:00+00:00,5074.921362,5143.937791,1.3417
2024-11-18T02:30:00+00:00,5074.921362,5143.937791,1.3417
2024-11-18T02:45:00+00:00,5074.921362,5143.937791,1.3417
2024-11-18T03:00:00+00:00,5074.921362,5143.937791,1.3417
2024-11-18T03:15:00+00:00,5074.921362,5143.937791,1.3417
2024-11-18T03:30:00+00:00,5074.921362,5143.937791,1.3417
2024-11-18T03:45:00+00:00,5074.921362,5143.937791,1.3417
2024-11-18T04:00:00+00:00,5074.921362,5143.937791,1.3417
2024-11-18T04:15:00+00:00,5074.921362,5143.937791,1.3417
2024-11-18T04:30:00+00:00,5074.921362,5143.937791,1.3417
2024-11-18T04:45:00+00:00,5074.921362,5143.937791,1.3417
2024-11-18T05:00:00+00:00,5074.921362,5143.937791,1.3417
2024-11-18T05:15:00+00:00,5074.921362,5143.937791,1.3417
2024-11-18T05:30:00+00:00,5074.921362,5143.937791,1.3417
2024-11-18T05:45:00+00:00,5074.921362,5143.937791,1.3417
2024-11-18T06:00:00+00:00,5074.921362,5143.937791,1.3417
2024-11-18T06:15:00+00:00,5074.921362,5143.937791,1.3417
2024-11-18T06:30:00+00:00,5074.921362,5143.937791,1.3417
2024-11-18T06:45:00+00:00,5074.921362,5143.937791,1.3417
2024-11-18T07:00:00+00:00,5074.921362,5143.937791,1.3417
2024-11-18T07:15:00+00:00,5074.921362,5143.937791,1.3417
2024-11-18T07:30:00+00:00,5074.921362,5143.937791,1.3417
2024-11-18T07:45:00+00:00,5074.921362,5143.937791,1.3417
2024-11-18T08:00:00+00:00,5074.921362,5143.937791,1.3417
2024-11-18T08:15:00+00:00,5074.921362,5143.937791,1.3417
2024-11-18T08:30:00+00:00,5074.921362,5143.937791,1.3417
2024-11-18T08:45:00+00:00,5074.921362,5143.937791,1.3417
2024-11-18T09:00:00+00:00,5074.921362,5143.937791,1.3417
2024-11-18T09:15:00+00:00,5074.921362,5143.937791,1.3417
2024-11-18T09:30:00+00:00,5074.921362,5143.937791,1.3417
2024-11-18T09:45:00+00:00,5074.921362,5143.937791,1.3417
2024-11-18T10:00:00+00:00,5074.921362,5143.937791,1.3417
2024-11-18T10:15:00+00:00,5074.921362,5143.937791,1.3417
2024-11-18T10:30:00+00:00,5074.921362,5143.937791,1.3417
2024-11-18T10:45:00+00:00,5074.921362,5143.937791,1.3417
2024-11-18T11:00:00+00:00,5074.921362,5143.937791,1.3417
2024-11-18T11:15:00+00:00,5074.921362,5143.937791,1.3417
2024-11-18T11:30:00+00:00,5074.921362,5143.937791,1.3417
2024-11-18T11:45:00+00:00,5074.921362,5143.937791,1.3417
2024-11-18T12:00:00+00:00,5074.921362,5143.937791,1.3417
2024-11-18T12:15:00+00:00,5074.921362,5143.937791,1.3417
2024-11-18T12:30:00+00:00,5074.921362,5143.937791,1.3417
2024-11-18T12:45:00+00:00,5074.921362,5143.937791,1.3417
2024-11-18T13:00:00+00:00,5074.921362,5143.937791,1.3417
2024-11-18T13:15:00+00:00,5074.921362,5143.937791,1.3417
2024-11-18T13:30:00+00:00,5074.921362,5143.937791,1.3417
2024-11-18T13:45:00+00:00,5074.921362,5143.937791,1.3417
2024-11-18T14:00:00+00:00,5074.921362,5143.937791,1.3417
2024-11-18T14:15:00+00:00,5074.921362,5143.937791,1.3417
2024-11-18T14:30:00+00:00,5074.921362,5143.937791,1.3417
2024-11-18T14:45:00+00:00,5074.921362,5143.937791,1.3417
2024-11-18T15:00:00+00:00,5074.921362,5143.937791,1.3417
2024-11-18T15:15:00+00:00,5074.921362,5143.937791,1.3417
2024-11-18T15:30:00+00:00,5074.921362,5143.937791,1.3417
2024-11-18T15:45:00+00:00,5074.921362,5143.937791,1.3417
2024-11-18T16:00:00+00:00,5074.921362,5143.937791,1.3417
2024-11-18T16:15:00+00:00,5074.921362,5143.937791,1.3417
2024-11-18T16:30:00+00:00,5074.921362,5143.937791,1.3417
2024-11-18T16:45:00+00:00,5074.921362,5143.937791,1.3417
2024-11-18T17:00:00+00:00,5074.921362,5143.937791,1.3417
2024-11-18T17:15:00+00:00,5074.921362,5143.937791,1.3417
2024-11-18T17:30:00+00:00,5074.921362,5143.937791,1.3417
2024-11-18T17:45:00+00:00,5074.921362,5143.937791,1.3417
2024-11-18T18:00:00+00:00,5074.921362,5143.937791,1.3417
2024-11-18T18:15:00+00:00,5074.921362,5143.937791,1.3417
2024-11-18T18:30:00+00:00,5074.921362,5143.937791,1.3417
2024-11-18T18:45:00+00:00,5074.921362,5143.937791,1.3417
2024-11-18T19:00:00+00:00,5074.921362,5143.937791,1.3417
2024-11-18T19:15:00+00:00,5074.921362,5143.937791,1.3417
2024-11-18T19:30:00+00:00,5074.921362,5143.937791,1.3417
2024-11-18T19:45:00+00:00,5074.921362,5143.937791,1.3417
2024-11-18T20:00:00+00:00,5074.921362,5143.937791,1.3417
2024-11-18T20:15:00+00:00,5074.921362,5143.937791,1.3417
2024-11-18T20:30:00+00:00,5074.921362,5143.937791,1.3417
2024-11-18T20:45:00+00:00,5074.921362,5143.937791,1.3417
2024-11-18T21:00:00+00:00,5074.921362,5143.937791,1.3417
2024-11-18T21:15:00+00:00,5074.921362,5143.937791,1.3417
2024-11-18T21:30:00+00:00,5074.921362,5143.937791,1.3417
2024-11-18T21:45:00+00:00,5074.921362,5143.937791,1.3417
2024-11-18T22:00:00+00:00,5074.921362,5143.937791,1.3417
2024-11-18T22:15:00+00:00,5074.921362,5143.937791,1.3417
2024-11-18T22:30:00+00:00,5074.921362,5143.937791,1.3417
2024-11-18T22:45:00+00:00,5074.921362,5143.937791,1.3417
2024-11-18T23:00:00+00:00,5074.921362,5143.937791,1.3417
2024-11-18T23:15:00+00:00,5074.921362,5143.937791,1.3417
2024-11-18T23:30:00+00:00,5074.921362,5143.937791,1.3417
2024-11-18T23:45:00+00:00,5074.921362,5143.937791,1.3417
2024-11-19T00:00:00+00:00,5074.921362,5143.937791,1.3417
2024-11-19T00:15:00+00:00,5074.921362,5143.937791,1.3417
2024-11-19T00:30:00+00:00,5074.921362,5143.937791,1.3417
2024-11-19T00:45:00+00:00,5074.921362,5143.937791,1.3417
2024-11-19T01:00:00+00:00,5074.921362,5143.937791,1.3417
2024-11-19T01:15:00+00:00,5074.921362,5143.937791,1.3417
2024-11-19T01:30:00+00:00,5074.921362,5143.937791,1.3417
2024-11-19T01:45:00+00:00,5074.921362,5143.937791,1.3417
2024-11-19T02:00:00+00:00,5074.921362,5143.937791,1.3417
2024-11-19T02:15:00+00:00,5074.921362,5143.937791,1.3417
2024-11-19T02:30:00+00:00,5074.921362,5143.937791,1.3417
2024-11-19T02:45:00+00:00,5074.921362,5143.937791,1.3417
2024-11-19T03:00:00+00:00,5074.921362,5143.937791,1.3417
2024-11-19T03:15:00+00:00,5074.921362,5143.937791,1.3417
2024-11-19T03:30:00+00:00,5074.921362,5143.937791,1.3417
2024-11-19T03:45:00+00:00,5074.921362,5143.937791,1.3417
2024-11-19T04:00:00+00:00,5074.921362,5143.937791,1.3417
2024-11-19T04:15:00+00:00,5074.921362,5143.937791,1.3417
2024-11-19T04:30:00+00:00,5074.921362,5143.937791,1.3417
2024-11-19T04:45:00+00:00,5074.921362,5143.937791,1.3417
2024-11-19T05:00:00+00:00,5074.921362,5143.937791,1.3417
2024-11-19T05:15:00+00:00,5074.921362,5143.937791,1.3417
2024-11-19T05:30:00+00:00,5074.921362,5143.937791,1.3417
2024-11-19T05:45:00+00:00,5074.921362,5143.937791,1.3417
2024-11-19T06:00:00+00:00,5074.921362,5143.937791,1.3417
2024-11-19T06:15:00+00:00,5074.921362,5143.937791,1.3417
2024-11-19T06:30:00+00:00,5074.921362,5143.937791,1.3417
2024-11-19T06:45:00+00:00,5074.921362,5143.937791,1.3417
2024-11-19T07:00:00+00:00,5074.921362,5143.937791,1.3417
2024-11-19T07:15:00+00:00,5074.921362,5143.937791,1.3417
2024-11-19T07:30:00+00:00,5074.921362,5143.937791,1.3417
2024-11-19T07:45:00+00:00,5074.921362,5143.937791,1.3417
2024-11-19T08:00:00+00:00,5074.921362,5143.937791,1.3417
2024-11-19T08:15:00+00:00,5074.921362,5143.937791,1.3417
2024-11-19T08:30:00+00:00,5074.921362,5143.937791,1.3417
2024-11-19T08:45:00+00:00,5074.921362,5143.937791,1.3417
2024-11-19T09:00:00+00:00,5074.921362,5143.937791,1.3417
2024-11-19T09:15:00+00:00,5074.921362,5143.937791,1.3417
2024-11-19T09:30:00+00:00,5074.921362,5143.937791,1.3417
2024-11-19T09:45:00+00:00,5074.921362,5143.937791,1.3417
2024-11-19T10:00:00+00:00,5074.921362,5143.937791,1.3417
2024-11-19T10:15:00+00:00,5074.921362,5143.937791,1.3417
2024-11-19T10:30:00+00:00,5074.921362,5143.937791,1.3417
2024-11-19T10:45:00+00:00,5074.921362,5143.937791,1.3417
2024-11-19T11:00:00+00:00,5074.921362,5143.937791,1.3417
2024-11-19T11:15:00+00:00,5074.921362,5143.937791,1.3417
2024-11-19T11:30:00+00:00,5074.921362,5143.937791,1.3417
2024-11-19T11:45:00+00:00,5074.921362,5143.937791,1.3417
2024-11-19T12:00:00+00:00,5074.921362,5143.937791,1.3417
2024-11-19T12:15:00+00:00,5074.921362,5143.937791,1.3417
2024-11-19T12:30:00+00:00,5074.921362,5143.937791,1.3417
2024-11-19T12:45:00+00:00,5074.921362,5143.937791,1.3417
2024-11-19T13:00:00+00:00,5074.921362,5143.937791,1.3417
2024-11-19T13:15:00+00:00,5074.921362,5143.937791,1.3417
2024-11-19T13:30:00+00:00,5074.921362,5143.937791,1.3417
2024-11-19T13:45:00+00:00,5074.921362,5143.937791,1.3417
2024-11-19T14:00:00+00:00,5074.921362,5143.937791,1.3417
2024-11-19T14:15:00+00:00,5074.921362,5143.937791,1.3417
2024-11-19T14:30:00+00:00,5074.921362,5143.937791,1.3417
2024-11-19T14:45:00+00:00,5074.921362,5143.937791,1.3417
2024-11-19T15:00:00+00:00,5074.921362,5143.937791,1.3417
2024-11-19T15:15:00+00:00,5074.921362,5143.937791,1.3417
2024-11-19T15:30:00+00:00,5074.921362,5143.937791,1.3417
2024-11-19T15:45:00+00:00,5074.921362,5143.937791,1.3417
2024-11-19T16:00:00+00:00,5074.921362,5143.937791,1.3417
2024-11-19T16:15:00+00:00,5074.921362,5143.937791,1.3417
2024-11-19T16:30:00+00:00,5074.921362,5143.937791,1.3417
2024-11-19T16:45:00+00:00,5074.921362,5143.937791,1.3417
2024-11-19T17:00:00+00:00,5074.921362,5143.937791,1.3417
2024-11-19T17:15:00+00:00,5074.921362,5143.937791,1.3417
2024-11-19T17:30:00+00:00,5074.921362,5143.937791,1.3417
2024-11-19T17:45:00+00:00,5074.921362,5143.937791,1.3417
2024-11-19T18:00:00+00:00,5074.921362,5143.937791,1.3417
2024-11-19T18:15:00+00:00,5074.921362,5143.937791,1.3417
2024-11-19T18:30:00+00:00,5074.921362,5143.937791,1.3417
2024-11-19T18:45:00+00:00,5074.921362,5143.937791,1.3417
2024-11-19T19:00:00+00:00,5074.921362,5143.937791,1.3417
2024-11-19T19:15:00+00:00,5074.921362,5143.937791,1.3417
2024-11-19T19:30:00+00:00,5074.921362,5143.937791,1.3417
2024-11-19T19:45:00+00:00,5074.921362,5143.937791,1.3417
2024-11-19T20:00:00+00:00,5074.921362,5143.937791,1.3417
2024-11-19T20:15:00+00:00,5074.921362,5143.937791,1.3417
2024-11-19T20:30:00+00:00,5074.921362,5143.937791,1.3417
2024-11-19T20:45:00+00:00,5074.921362,5143.937791,1.3417
2024-11-19T21:00:00+00:00,5074.921362,5143.937791,1.3417
2024-11-19T21:15:00+00:00,5074.921362,5143.937791,1.3417
2024-11-19T21:30:00+00:00,5074.921362,5143.937791,1.3417
2024-11-19T21:45:00+00:00,5074.921362,5143.937791,1.3417
2024-11-19T22:00:00+00:00,5074.921362,5143.937791,1.3417
2024-11-19T22:15:00+00:00,5074.921362,5143.937791,1.3417
2024-11-19T22:30:00+00:00,5074.921362,5143.937791,1.3417
2024-11-19T22:45:00+00:00,5074.921362,5143.937791,1.3417
2024-11-19T23:00:00+00:00,5074.921362,5143.937791,1.3417
2024-11-19T23:15:00+00:00,5074.921362,5143.937791,1.3417
2024-11-19T23:30:00+00:00,5074.921362,5143.937791,1.3417
2024-11-19T23:45:00+00:00,5074.921362,5143.937791,1.3417
2024-11-20T00:00:00+00:00,5074.921362,5143.937791,1.3417
2024-11-20T00:15:00+00:00,5074.921362,5143.937791,1.3417
2024-11-20T00:30:00+00:00,5074.921362,5143.937791,1.3417
2024-11-20T00:45:00+00:00,5074.921362,5143.937791,1.3417
2024-11-20T01:00:00+00:00,5074.921362,5143.937791,1.3417
2024-11-20T01:15:00+00:00,5074.921362,5143.937791,1.3417
2024-11-20T01:30:00+00:00,5074.921362,5143.937791,1.3417
2024-11-20T01:45:00+00:00,5074.921362,5143.937791,1.3417
2024-11-20T02:00:00+00:00,5074.921362,5143.937791,1.3417
2024-11-20T02:15:00+00:00,5074.921362,5143.937791,1.3417
2024-11-20T02:30:00+00:00,5074.921362,5143.937791,1.3417
2024-11-20T02:45:00+00:00,5074.921362,5143.937791,1.3417
2024-11-20T03:00:00+00:00,5074.921362,5143.937791,1.3417
2024-11-20T03:15:00+00:00,5074.921362,5143.937791,1.3417
2024-11-20T03:30:00+00:00,5074.921362,5143.937791,1.3417
2024-11-20T03:45:00+00:00,5074.921362,5143.937791,1.3417
2024-11-20T04:00:00+00:00,5074.921362,5143.937791,1.3417
2024-11-20T04:15:00+00:00,5074.921362,5143.937791,1.3417
2024-11-20T04:30:00+00:00,5074.921362,5143.937791,1.3417
2024-11-20T04:45:00+00:00,5074.921362,5143.937791,1.3417
2024-11-20T05:00:00+00:00,5074.921362,5143.937791,1.3417
2024-11-20T05:15:00+00:00,5074.921362,5143.937791,1.3417
2024-11-20T05:30:00+00:00,5074.921362,5143.937791,1.3417
2024-11-20T05:45:00+00:00,5074.921362,5143.937791,1.3417
2024-11-20T06:00:00+00:00,5074.921362,5143.937791,1.3417
2024-11-20T06:15:00+00:00,5074.921362,5143.937791,1.3417
2024-11-20T06:30:00+00:00,5074.921362,5143.937791,1.3417
2024-11-20T06:45:00+00:00,5074.921362,5143.937791,1.3417
2024-11-20T07:00:00+00:00,5074.921362,5143.937791,1.3417
2024-11-20T07:15:00+00:00,5074.921362,5143.937791,1.3417
2024-11-20T07:30:00+00:00,5074.921362,5143.937791,1.3417
2024-11-20T07:45:00+00:00,5074.921362,5143.937791,1.3417
2024-11-20T08:00:00+00:00,5074.921362,5143.937791,1.3417
2024-11-20T08:15:00+00:00,5074.921362,5143.937791,1.3417
2024-11-20T08:30:00+00:00,5074.921362,5143.937791,1.3417
2024-11-20T08:45:00+00:00,5074.921362,5143.937791,1.3417
2024-11-20T09:00:00+00:00,5074.921362,5143.937791,1.3417
2024-11-20T09:15:00+00:00,5074.921362,5143.937791,1.3417
2024-11-20T09:30:00+00:00,5074.921362,5143.937791,1.3417
2024-11-20T09:45:00+00:00,5074.921362,5143.937791,1.3417
2024-11-20T10:00:00+00:00,5074.921362,5143.937791,1.3417
2024-11-20T10:15:00+00:00,5074.921362,5143.937791,1.3417
2024-11-20T10:30:00+00:00,5074.921362,5143.937791,1.3417
2024-11-20T10:45:00+00:00,5074.921362,5143.937791,1.3417
2024-11-20T11:00:00+00:00,5074.921362,5143.937791,1.3417
2024-11-20T11:15:00+00:00,5074.921362,5143.937791,1.3417
2024-11-20T11:30:00+00:00,5074.921362,5143.937791,1.3417
2024-11-20T11:45:00+00:00,5074.921362,5143.937791,1.3417
2024-11-20T12:00:00+00:00,5074.921362,5143.937791,1.3417
2024-11-20T12:15:00+00:00,5074.921362,5143.937791,1.3417
2024-11-20T12:30:00+00:00,5074.921362,5143.937791,1.3417
2024-11-20T12:45:00+00:00,5074.921362,5143.937791,1.3417
2024-11-20T13:00:00+00:00,5074.921362,5143.937791,1.3417
2024-11-20T13:15:00+00:00,5074.921362,5143.937791,1.3417
2024-11-20T13:30:00+00:00,5074.921362,5143.937791,1.3417
2024-11-20T13:45:00+00:00,5074.921362,5143.937791,1.3417
2024-11-20T14:00:00+00:00,5074.921362,5143.937791,1.3417
2024-11-20T14:15:00+00:00,5074.921362,5143.937791,1.3417
2024-11-20T14:30:00+00:00,5074.921362,5143.937791,1.3417
2024-11-20T14:45:00+00:00,5074.921362,5143.937791,1.3417
2024-11-20T15:00:00+00:00,5074.921362,5143.937791,1.3417
2024-11-20T15:15:00+00:00,5074.921362,5143.937791,1.3417
2024-11-20T15:30:00+00:00,5074.921362,5143.937791,1.3417
2024-11-20T15:45:00+00:00,5074.921362,5143.937791,1.3417
2024-11-20T16:00:00+00:00,5074.921362,5143.937791,1.3417
2024-11-20T16:15:00+00:00,5074.921362,5143.937791,1.3417
2024-11-20T16:30:00+00:00,5074.921362,5143.937791,1.3417
2024-11-20T16:45:00+00:00,5074.921362,5143.937791,1.3417
2024-11-20T17:00:00+00:00,5074.921362,5143.937791,1.3417
2024-11-20T17:15:00+00:00,5074.921362,5143.937791,1.3417
2024-11-20T17:30:00+00:00,5074.921362,5143.937791,1.3417
2024-11-20T17:45:00+00:00,5074.921362,5143.937791,1.3417
2024-11-20T18:00:00+00:00,5074.921362,5143.937791,1.3417
2024-11-20T18:15:00+00:00,5074.921362,5143.937791,1.3417
2024-11-20T18:30:00+00:00,5074.921362,5143.937791,1.3417
2024-11-20T18:45:00+00:00,5074.921362,5143.937791,1.3417
2024-11-20T19:00:00+00:00,5074.921362,5143.937791,1.3417
2024-11-20T19:15:00+00:00,5074.921362,5143.937791,1.3417
2024-11-20T19:30:00+00:00,5074.921362,5143.937791,1.3417
2024-11-20T19:45:00+00:00,5074.921362,5143.937791,1.3417
2024-11-20T20:00:00+00:00,5074.921362,5143.937791,1.3417
2024-11-20T20:15:00+00:00,5074.921362,5143.937791,1.3417
2024-11-20T20:30:00+00:00,5074.921362,5143.937791,1.3417
2024-11-20T20:45:00+00:00,5074.921362,5143.937791,1.3417
2024-11-20T21:00:00+00:00,5074.921362,5143.937791,1.3417
2024-11-20T21:15:00+00:00,5074.921362,5143.937791,1.3417
2024-11-20T21:30:00+00:00,5074.921362,5143.937791,1.3417
2024-11-20T21:45:00+00:00,5074.921362,5143.937791,1.3417
2024-11-20T22:00:00+00:00,5074.921362,5143.937791,1.3417
2024-11-20T22:15:00+00:00,5074.921362,5143.937791,1.3417
2024-11-20T22:30:00+00:00,5074.921362,5143.937791,1.3417
2024-11-20T22:45:00+00:00,5074.921362,5143.937791,1.3417
2024-11-20T23:00:00+00:00,5074.921362,5143.937791,1.3417
2024-11-20T23:15:00+00:00,5074.921362,5143.937791,1.3417
2024-11-20T23:30:00+00:00,5074.921362,5143.937791,1.3417
2024-11-20T23:45:00+00:00,5074.921362,5143.937791,1.3417
2024-11-21T00:00:00+00:00,5074.921362,5143.937791,1.3417
2024-11-21T00:15:00+00:00,5074.921362,5143.937791,1.3417
2024-11-21T00:30:00+00:00,5074.921362,5143.937791,1.3417
2024-11-21T00:45:00+00:00,5074.921362,5143.937791,1.3417
2024-11-21T01:00:00+00:00,5074.921362,5143.937791,1.3417
2024-11-21T01:15:00+00:00,5074.921362,5143.937791,1.3417
2024-11-21T01:30:00+00:00,5074.921362,5143.937791,1.3417
2024-11-21T01:45:00+00:00,5074.921362,5143.937791,1.3417
2024-11-21T02:00:00+00:00,5074.921362,5143.937791,1.3417
2024-11-21T02:15:00+00:00,5074.921362,5143.937791,1.3417
2024-11-21T02:30:00+00:00,5074.921362,5143.937791,1.3417
2024-11-21T02:45:00+00:00,5074.921362,5143.937791,1.3417
2024-11-21T03:00:00+00:00,5074.921362,5143.937791,1.3417
2024-11-21T03:15:00+00:00,5074.921362,5143.937791,1.3417
2024-11-21T03:30:00+00:00,5074.921362,5143.937791,1.3417
2024-11-21T03:45:00+00:00,5074.921362,5143.937791,1.3417
2024-11-21T04:00:00+00:00,5074.921362,5143.937791,1.3417
2024-11-21T04:15:00+00:00,5074.921362,5143.937791,1.3417
2024-11-21T04:30:00+00:00,5074.921362,5143.937791,1.3417
2024-11-21T04:45:00+00:00,5074.921362,5143.937791,1.3417
2024-11-21T05:00:00+00:00,5074.921362,5143.937791,1.3417
2024-11-21T05:15:00+00:00,5074.921362,5143.937791,1.3417
2024-11-21T05:30:00+00:00,5074.921362,5143.937791,1.3417
2024-11-21T05:45:00+00:00,5074.921362,5143.937791,1.3417
2024-11-21T06:00:00+00:00,5074.921362,5143.937791,1.3417
2024-11-21T06:15:00+00:00,5074.921362,5143.937791,1.3417
2024-11-21T06:30:00+00:00,5074.921362,5143.937791,1.3417
2024-11-21T06:45:00+00:00,5074.921362,5143.937791,1.3417
2024-11-21T07:00:00+00:00,5074.921362,5143.937791,1.3417
2024-11-21T07:15:00+00:00,5074.921362,5143.937791,1.3417
2024-11-21T07:30:00+00:00,5074.921362,5143.937791,1.3417
2024-11-21T07:45:00+00:00,5074.921362,5143.937791,1.3417
2024-11-21T08:00:00+00:00,5074.921362,5143.937791,1.3417
2024-11-21T08:15:00+00:00,5074.921362,5143.937791,1.3417
2024-11-21T08:30:00+00:00,5074.921362,5143.937791,1.3417
2024-11-21T08:45:00+00:00,5074.921362,5143.937791,1.3417
2024-11-21T09:00:00+00:00,5074.921362,5143.937791,1.3417
2024-11-21T09:15:00+00:00,5074.921362,5143.937791,1.3417
2024-11-21T09:30:00+00:00,5074.921362,5143.937791,1.3417
2024-11-21T09:45:00+00:00,5074.921362,5143.937791,1.3417
2024-11-21T10:00:00+00:00,5074.921362,5143.937791,1.3417
2024-11-21T10:15:00+00:00,5074.921362,5143.937791,1.3417
2024-11-21T10:30:00+00:00,5074.921362,5143.937791,1.3417
2024-11-21T10:45:00+00:00,5074.921362,5143.937791,1.3417
2024-11-21T11:00:00+00:00,5074.921362,5143.937791,1.3417
2024-11-21T11:15:00+00:00,5074.921362,5143.937791,1.3417
2024-11-21T11:30:00+00:00,5074.921362,5143.937791,1.3417
2024-11-21T11:45:00+00:00,5074.921362,5143.937791,1.3417
2024-11-21T12:00:00+00:00,5074.921362,5143.937791,1.3417
2024-11-21T12:15:00+00:00,5074.921362,5143.937791,1.3417
2024-11-21T12:30:00+00:00,5074.921362,5143.937791,1.3417
2024-11-21T12:45:00+00:00,5074.921362,5143.937791,1.3417
2024-11-21T13:00:00+00:00,5074.921362,5143.937791,1.3417
2024-11-21T13:15:00+00:00,5074.921362,5143.937791,1.3417
2024-11-21T13:30:00+00:00,5074.921362,5143.937791,1.3417
2024-11-21T13:45:00+00:00,5074.921362,5143.937791,1.3417
2024-11-21T14:00:00+00:00,5074.921362,5143.937791,1.3417
2024-11-21T14:15:00+00:00,5074.921362,5143.937791,1.3417
2024-11-21T14:30:00+00:00,5074.921362,5143.937791,1.3417
2024-11-21T14:45:00+00:00,5074.921362,5143.937791,1.3417
2024-11-21T15:00:00+00:00,5074.921362,5143.937791,1.3417
2024-11-21T15:15:00+00:00,5074.921362,5143.937791,1.3417
2024-11-21T15:30:00+00:00,5074.921362,5143.937791,1.3417
2024-11-21T15:45:00+00:00,5074.921362,5143.937791,1.3417
2024-11-21T16:00:00+00:00,5074.921362,5143.937791,1.3417
2024-11-21T16:15:00+00:00,5074.921362,5143.937791,1.3417
2024-11-21T16:30:00+00:00,5074.921362,5143.937791,1.3417
2024-11-21T16:45:00+00:00,5074.921362,5143.937791,1.3417
2024-11-21T17:00:00+00:00,5074.921362,5143.937791,1.3417
2024-11-21T17:15:00+00:00,5074.921362,5143.937791,1.3417
2024-11-21T17:30:00+00:00,5074.921362,5143.937791,1.3417
2024-11-21T17:45:00+00:00,5074.921362,5143.937791,1.3417
2024-11-21T18:00:00+00:00,5074.921362,5143.937791,1.3417
2024-11-21T18:15:00+00:00,5074.921362,5143.937791,1.3417
2024-11-21T18:30:00+00:00,5074.921362,5143.937791,1.3417
2024-11-21T18:45:00+00:00,5074.921362,5143.937791,1.3417
2024-11-21T19:00:00+00:00,5074.921362,5143.937791,1.3417
2024-11-21T19:15:00+00:00,5074.921362,5143.937791,1.3417
2024-11-21T19:30:00+00:00,5074.921362,5143.937791,1.3417
2024-11-21T19:45:00+00:00,5074.921362,5143.937791,1.3417
2024-11-21T20:00:00+00:00,5074.921362,5143.937791,1.3417
2024-11-21T20:15:00+00:00,5074.921362,5143.937791,1.3417
2024-11-21T20:30:00+00:00,5074.921362,5143.937791,1.3417
2024-11-21T20:45:00+00:00,5074.921362,5143.937791,1.3417
2024-11-21T21:00:00+00:00,5074.921362,5143.937791,1.3417
2024-11-21T21:15:00+00:00,5074.921362,5143.937791,1.3417
2024-11-21T21:30:00+00:00,5074.921362,5143.937791,1.3417
2024-11-21T21:45:00+00:00,5074.921362,5143.937791,1.3417
2024-11-21T22:00:00+00:00,5074.921362,5143.937791,1.3417
2024-11-21T22:15:00+00:00,5074.921362,5143.937791,1.3417
2024-11-21T22:30:00+00:00,5074.921362,5143.937791,1.3417
2024-11-21T22:45:00+00:00,5074.921362,5143.937791,1.3417
2024-11-21T23:00:00+00:00,5074.921362,5143.937791,1.3417
2024-11-21T23:15:00+00:00,5074.921362,5143.937791,1.3417
2024-11-21T23:30:00+00:00,5074.921362,5143.937791,1.3417
2024-11-21T23:45:00+00:00,5074.921362,5143.937791,1.3417
2024-11-22T00:00:00+00:00,5074.921362,5143.937791,1.3417
2024-11-22T00:15:00+00:00,5074.921362,5143.937791,1.3417
2024-11-22T00:30:00+00:00,5074.921362,5143.937791,1.3417
2024-11-22T00:45:00+00:00,5074.921362,5143.937791,1.3417
2024-11-22T01:00:00+00:00,5074.921362,5143.937791,1.3417
2024-11-22T01:15:00+00:00,5074.921362,5143.937791,1.3417
2024-11-22T01:30:00+00:00,5074.921362,5143.937791,1.3417
2024-11-22T01:45:00+00:00,5074.921362,5143.937791,1.3417
2024-11-22T02:00:00+00:00,5074.921362,5143.937791,1.3417
2024-11-22T02:15:00+00:00,5074.921362,5143.937791,1.3417
2024-11-22T02:30:00+00:00,5074.921362,5143.937791,1.3417
2024-11-22T02:45:00+00:00,5074.921362,5143.937791,1.3417
2024-11-22T03:00:00+00:00,5074.921362,5143.937791,1.3417
2024-11-22T03:15:00+00:00,5074.921362,5143.937791,1.3417
2024-11-22T03:30:00+00:00,5074.921362,5143.937791,1.3417
2024-11-22T03:45:00+00:00,5074.921362,5143.937791,1.3417
2024-11-22T04:00:00+00:00,5074.921362,5143.937791,1.3417
2024-11-22T04:15:00+00:00,5074.921362,5143.937791,1.3417
2024-11-22T04:30:00+00:00,5074.921362,5143.937791,1.3417
2024-11-22T04:45:00+00:00,5074.921362,5143.937791,1.3417
2024-11-22T05:00:00+00:00,5074.921362,5143.937791,1.3417
2024-11-22T05:15:00+00:00,5074.921362,5143.937791,1.3417
2024-11-22T05:30:00+00:00,5074.921362,5143.937791,1.3417
2024-11-22T05:45:00+00:00,5074.921362,5143.937791,1.3417
2024-11-22T06:00:00+00:00,5074.921362,5143.937791,1.3417
2024-11-22T06:15:00+00:00,5074.921362,5143.937791,1.3417
2024-11-22T06:30:00+00:00,5074.921362,5143.937791,1.3417
2024-11-22T06:45:00+00:00,5074.921362,5143.937791,1.3417
2024-11-22T07:00:00+00:00,5074.921362,5143.937791,1.3417
2024-11-22T07:15:00+00:00,5074.921362,5143.937791,1.3417
2024-11-22T07:30:00+00:00,5074.921362,5143.937791,1.3417
2024-11-22T07:45:00+00:00,5074.921362,5143.937791,1.3417
2024-11-22T08:00:00+00:00,5074.921362,5143.937791,1.3417
2024-11-22T08:15:00+00:00,5074.921362,5143.937791,1.3417
2024-11-22T08:30:00+00:00,5074.921362,5143.937791,1.3417
2024-11-22T08:45:00+00:00,5074.921362,5143.937791,1.3417
2024-11-22T09:00:00+00:00,5074.921362,5143.937791,1.3417
2024-11-22T09:15:00+00:00,5074.921362,5143.937791,1.3417
2024-11-22T09:30:00+00:00,5074.921362,5143.937791,1.3417
2024-11-22T09:45:00+00:00,5074.921362,5143.937791,1.3417
2024-11-22T10:00:00+00:00,5074.921362,5143.937791,1.3417
2024-11-22T10:15:00+00:00,5074.921362,5143.937791,1.3417
2024-11-22T10:30:00+00:00,5074.921362,5143.937791,1.3417
2024-11-22T10:45:00+00:00,5074.921362,5143.937791,1.3417
2024-11-22T11:00:00+00:00,5074.921362,5143.937791,1.3417
2024-11-22T11:15:00+00:00,5074.921362,5143.937791,1.3417
2024-11-22T11:30:00+00:00,5074.921362,5143.937791,1.3417
2024-11-22T11:45:00+00:00,5074.921362,5143.937791,1.3417
2024-11-22T12:00:00+00:00,5074.921362,5143.937791,1.3417
2024-11-22T12:15:00+00:00,5074.921362,5143.937791,1.3417
2024-11-22T12:30:00+00:00,5074.921362,5143.937791,1.3417
2024-11-22T12:45:00+00:00,5074.921362,5143.937791,1.3417
2024-11-22T13:00:00+00:00,5074.921362,5143.937791,1.3417
2024-11-22T13:15:00+00:00,5074.921362,5143.937791,1.3417
2024-11-22T13:30:00+00:00,5074.921362,5143.937791,1.3417
2024-11-22T13:45:00+00:00,5074.921362,5143.937791,1.3417
2024-11-22T14:00:00+00:00,5074.921362,5143.937791,1.3417
2024-11-22T14:15:00+00:00,5074.921362,5143.937791,1.3417
2024-11-22T14:30:00+00:00,5074.921362,5143.937791,1.3417
2024-11-22T14:45:00+00:00,5074.921362,5143.937791,1.3417
2024-11-22T15:00:00+00:00,5074.921362,5143.937791,1.3417
2024-11-22T15:15:00+00:00,5074.921362,5143.937791,1.3417
2024-11-22T15:30:00+00:00,5074.921362,5143.937791,1.3417
2024-11-22T15:45:00+00:00,5074.921362,5143.937791,1.3417
2024-11-22T16:00:00+00:00,5074.921362,5143.937791,1.3417
2024-11-22T16:15:00+00:00,5074.921362,5143.937791,1.3417
2024-11-22T16:30:00+00:00,5074.921362,5143.937791,1.3417
2024-11-22T16:45:00+00:00,5074.921362,5143.937791,1.3417
2024-11-22T17:00:00+00:00,5074.921362,5143.937791,1.3417
2024-11-22T17:15:00+00:00,5074.921362,5143.937791,1.3417
2024-11-22T17:30:00+00:00,5074.921362,5143.937791,1.3417
2024-11-22T17:45:00+00:00,5074.921362,5143.937791,1.3417
2024-11-22T18:00:00+00:00,5074.921362,5143.937791,1.3417
2024-11-22T18:15:00+00:00,5074.921362,5143.937791,1.3417
2024-11-22T18:30:00+00:00,5074.921362,5143.937791,1.3417
2024-11-22T18:45:00+00:00,5074.921362,5143.937791,1.3417
2024-11-22T19:00:00+00:00,5074.921362,5143.937791,1.3417
2024-11-22T19:15:00+00:00,5074.921362,5143.937791,1.3417
2024-11-22T19:30:00+00:00,5074.921362,5143.937791,1.3417
2024-11-22T19:45:00+00:00,5074.921362,5143.937791,1.3417
2024-11-22T20:00:00+00:00,5074.921362,5143.937791,1.3417
2024-11-22T20:15:00+00:00,5074.921362,5143.937791,1.3417
2024-11-22T20:30:00+00:00,5074.921362,5143.937791,1.3417
2024-11-22T20:45:00+00:00,5074.921362,5143.937791,1.3417
2024-11-22T21:00:00+00:00,5074.921362,5143.937791,1.3417
2024-11-22T21:15:00+00:00,5074.921362,5143.937791,1.3417
2024-11-22T21:30:00+00:00,5074.921362,5143.937791,1.3417
2024-11-22T21:45:00+00:00,5074.921362,5143.937791,1.3417
2024-11-22T22:00:00+00:00,5074.921362,5143.937791,1.3417
2024-11-22T22:15:00+00:00,5074.921362,5143.937791,1.3417
2024-11-22T22:30:00+00:00,5074.921362,5143.937791,1.3417
2024-11-22T22:45:00+00:00,5074.921362,5143.937791,1.3417
2024-11-22T23:00:00+00:00,5074.921362,5143.937791,1.3417
2024-11-22T23:15:00+00:00,5074.921362,5143.937791,1.3417
2024-11-22T23:30:00+00:00,5074.921362,5143.937791,1.3417
2024-11-22T23:45:00+00:00,5074.921362,5143.937791,1.3417
2024-11-23T00:00:00+00:00,5074.921362,5143.937791,1.3417
2024-11-23T00:15:00+00:00,5074.921362,5143.937791,1.3417
2024-11-23T00:30:00+00:00,5074.921362,5143.937791,1.3417
2024-11-23T00:45:00+00:00,5074.921362,5143.937791,1.3417
2024-11-23T01:00:00+00:00,5074.921362,5143.937791,1.3417
2024-11-23T01:15:00+00:00,5074.921362,5143.937791,1.3417
2024-11-23T01:30:00+00:00,5074.921362,5143.937791,1.3417
2024-11-23T01:45:00+00:00,5074.921362,5143.937791,1.3417
2024-11-23T02:00:00+00:00,5074.921362,5143.937791,1.3417
2024-11-23T02:15:00+00:00,5074.921362,5143.937791,1.3417
2024-11-23T02:30:00+00:00,5074.921362,5143.937791,1.3417
2024-11-23T02:45:00+00:00,5074.921362,5143.937791,1.3417
2024-11-23T03:00:00+00:00,5074.921362,5143.937791,1.3417
2024-11-23T03:15:00+00:00,5074.921362,5143.937791,1.3417
2024-11-23T03:30:00+00:00,5074.921362,5143.937791,1.3417
2024-11-23T03:45:00+00:00,5074.921362,5143.937791,1.3417
2024-11-23T04:00:00+00:00,5074.921362,5143.937791,1.3417
2024-11-23T04:15:00+00:00,5074.921362,5143.937791,1.3417
2024-11-23T04:30:00+00:00,5074.921362,5143.937791,1.3417
2024-11-23T04:45:00+00:00,5074.921362,5143.937791,1.3417
2024-11-23T05:00:00+00:00,5074.921362,5143.937791,1.3417
2024-11-23T05:15:00+00:00,5074.921362,5143.937791,1.3417
2024-11-23T05:30:00+00:00,5074.921362,5143.937791,1.3417
2024-11-23T05:45:00+00:00,5074.921362,5143.937791,1.3417
2024-11-23T06:00:00+00:00,5074.921362,5143.937791,1.3417
2024-11-23T06:15:00+00:00,5074.921362,5143.937791,1.3417
2024-11-23T06:30:00+00:00,5074.921362,5143.937791,1.3417
2024-11-23T06:45:00+00:00,5074.921362,5143.937791,1.3417
2024-11-23T07:00:00+00:00,5074.921362,5143.937791,1.3417
2024-11-23T07:15:00+00:00,5074.921362,5143.937791,1.3417
2024-11-23T07:30:00+00:00,5074.921362,5143.937791,1.3417
2024-11-23T07:45:00+00:00,5074.921362,5143.937791,1.3417
2024-11-23T08:00:00+00:00,5074.921362,5143.937791,1.3417
2024-11-23T08:15:00+00:00,5074.921362,5143.937791,1.3417
2024-11-23T08:30:00+00:00,5074.921362,5143.937791,1.3417
2024-11-23T08:45:00+00:00,5074.921362,5143.937791,1.3417
2024-11-23T09:00:00+00:00,5074.921362,5143.937791,1.3417
2024-11-23T09:15:00+00:00,5074.921362,5143.937791,1.3417
2024-11-23T09:30:00+00:00,5074.921362,5143.937791,1.3417
2024-11-23T09:45:00+00:00,5074.921362,5143.937791,1.3417
2024-11-23T10:00:00+00:00,5074.921362,5143.937791,1.3417
2024-11-23T10:15:00+00:00,5074.921362,5143.937791,1.3417
2024-11-23T10:30:00+00:00,5074.921362,5143.937791,1.3417
2024-11-23T10:45:00+00:00,5074.921362,5143.937791,1.3417
2024-11-23T11:00:00+00:00,5074.921362,5143.937791,1.3417
2024-11-23T11:15:00+00:00,5074.921362,5143.937791,1.3417
2024-11-23T11:30:00+00:00,5074.921362,5143.937791,1.3417
2024-11-23T11:45:00+00:00,5074.921362,5143.937791,1.3417
2024-11-23T12:00:00+00:00,5074.921362,5143.937791,1.3417
2024-11-23T12:15:00+00:00,5074.921362,5143.937791,1.3417
2024-11-23T12:30:00+00:00,5074.921362,5143.937791,1.3417
2024-11-23T12:45:00+00:00,5074.921362,5143.937791,1.3417
2024-11-23T13:00:00+00:00,5074.921362,5143.937791,1.3417
2024-11-23T13:15:00+00:00,5074.921362,5143.937791,1.3417
2024-11-23T13:30:00+00:00,5074.921362,5143.937791,1.3417
2024-11-23T13:45:00+00:00,5074.921362,5143.937791,1.3417
2024-11-23T14:00:00+00:00,5074.921362,5143.937791,1.3417
2024-11-23T14:15:00+00:00,5074.921362,5143.937791,1.3417
2024-11-23T14:30:00+00:00,5074.921362,5143.937791,1.3417
2024-11-23T14:45:00+00:00,5074.921362,5143.937791,1.3417
2024-11-23T15:00:00+00:00,5074.921362,5143.937791,1.3417
2024-11-23T15:15:00+00:00,5074.921362,5143.937791,1.3417
2024-11-23T15:30:00+00:00,5074.921362,5143.937791,1.3417
2024-11-23T15:45:00+00:00,5074.921362,5143.937791,1.3417
2024-11-23T16:00:00+00:00,5074.921362,5143.937791,1.3417
2024-11-23T16:15:00+00:00,5074.921362,5143.937791,1.3417
2024-11-23T16:30:00+00:00,5074.921362,5143.937791,1.3417
2024-11-23T16:45:00+00:00,5074.921362,5143.937791,1.3417
2024-11-23T17:00:00+00:00,5074.921362,5143.937791,1.3417
2024-11-23T17:15:00+00:00,5074.921362,5143.937791,1.3417
2024-11-23T17:30:00+00:00,5074.921362,5143.937791,1.3417
2024-11-23T17:45:00+00:00,5074.921362,5143.937791,1.3417
2024-11-23T18:00:00+00:00,5074.921362,5143.937791,1.3417
2024-11-23T18:15:00+00:00,5074.921362,5143.937791,1.3417
2024-11-23T18:30:00+00:00,5074.921362,5143.937791,1.3417
2024-11-23T18:45:00+00:00,5074.921362,5143.937791,1.3417
2024-11-23T19:00:00+00:00,5074.921362,5143.937791,1.3417
2024-11-23T19:15:00+00:00,5074.921362,5143.937791,1.3417
2024-11-23T19:30:00+00:00,5074.921362,5143.937791,1.3417
2024-11-23T19:45:00+00:00,5074.921362,5143.937791,1.3417
2024-11-23T20:00:00+00:00,5074.921362,5143.937791,1.3417
2024-11-23T20:15:00+00:00,5074.921362,5143.937791,1.3417
2024-11-23T20:30:00+00:00,5074.921362,5143.937791,1.3417
2024-11-23T20:45:00+00:00,5074.921362,5143.937791,1.3417
2024-11-23T21:00:00+00:00,5074.921362,5143.937791,1.3417
2024-11-23T21:15:00+00:00,5074.921362,5143.937791,1.3417
2024-11-23T21:30:00+00:00,5074.921362,5143.937791,1.3417
2024-11-23T21:45:00+00:00,5074.921362,5143.937791,1.3417
2024-11-23T22:00:00+00:00,5074.921362,5143.937791,1.3417
2024-11-23T22:15:00+00:00,5074.921362,5143.937791,1.3417
2024-11-23T22:30:00+00:00,5074.921362,5143.937791,1.3417
2024-11-23T22:45:00+00:00,5074.921362,5143.937791,1.3417
2024-11-23T23:00:00+00:00,5074.921362,5143.937791,1.3417
2024-11-23T23:15:00+00:00,5074.921362,5143.937791,1.3417
2024-11-23T23:30:00+00:00,5074.921362,5143.937791,1.3417
2024-11-23T23:45:00+00:00,5074.921362,5143.937791,1.3417
2024-11-24T00:00:00+00:00,5074.921362,5143.937791,1.3417
2024-11-24T00:15:00+00:00,5074.921362,5143.937791,1.3417
2024-11-24T00:30:00+00:00,5074.921362,5143.937791,1.3417
2024-11-24T00:45:00+00:00,5074.921362,5143.937791,1.3417
2024-11-24T01:00:00+00:00,5074.921362,5143.937791,1.3417
2024-11-24T01:15:00+00:00,5074.921362,5143.937791,1.3417
2024-11-24T01:30:00+00:00,5074.921362,5143.937791,1.3417
2024-11-24T01:45:00+00:00,5074.921362,5143.937791,1.3417
2024-11-24T02:00:00+00:00,5074.921362,5143.937791,1.3417
2024-11-24T02:15:00+00:00,5074.921362,5143.937791,1.3417
2024-11-24T02:30:00+00:00,5074.921362,5143.937791,1.3417
2024-11-24T02:45:00+00:00,5074.921362,5143.937791,1.3417
2024-11-24T03:00:00+00:00,5074.921362,5143.937791,1.3417
2024-11-24T03:15:00+00:00,5074.921362,5143.937791,1.3417
2024-11-24T03:30:00+00:00,5074.921362,5143.937791,1.3417
2024-11-24T03:45:00+00:00,5074.921362,5143.937791,1.3417
2024-11-24T04:00:00+00:00,5074.921362,5143.937791,1.3417
2024-11-24T04:15:00+00:00,5074.921362,5143.937791,1.3417
2024-11-24T04:30:00+00:00,5074.921362,5143.937791,1.3417
2024-11-24T04:45:00+00:00,5074.921362,5143.937791,1.3417
2024-11-24T05:00:00+00:00,5074.921362,5143.937791,1.3417
2024-11-24T05:15:00+00:00,5074.921362,5143.937791,1.3417
2024-11-24T05:30:00+00:00,5074.921362,5143.937791,1.3417
2024-11-24T05:45:00+00:00,5074.921362,5143.937791,1.3417
2024-11-24T06:00:00+00:00,5074.921362,5143.937791,1.3417
2024-11-24T06:15:00+00:00,5074.921362,5143.937791,1.3417
2024-11-24T06:30:00+00:00,5074.921362,5143.937791,1.3417
2024-11-24T06:45:00+00:00,5074.921362,5143.937791,1.3417
2024-11-24T07:00:00+00:00,5074.921362,5143.937791,1.3417
2024-11-24T07:15:00+00:00,5074.921362,5143.937791,1.3417
2024-11-24T07:30:00+00:00,5074.921362,5143.937791,1.3417
2024-11-24T07:45:00+00:00,5074.921362,5143.937791,1.3417
2024-11-24T08:00:00+00:00,5074.921362,5143.937791,1.3417
2024-11-24T08:15:00+00:00,5074.921362,5143.937791,1.3417
2024-11-24T08:30:00+00:00,5074.921362,5143.937791,1.3417
2024-11-24T08:45:00+00:00,5074.921362,5143.937791,1.3417
2024-11-24T09:00:00+00:00,5074.921362,5143.937791,1.3417
2024-11-24T09:15:00+00:00,5074.921362,5143.937791,1.3417
2024-11-24T09:30:00+00:00,5074.921362,5143.937791,1.3417
2024-11-24T09:45:00+00:00,5074.921362,5143.937791,1.3417
2024-11-24T10:00:00+00:00,5074.921362,5143.937791,1.3417
2024-11-24T10:15:00+00:00,5074.921362,5143.937791,1.3417
2024-11-24T10:30:00+00:00,5074.921362,5143.937791,1.3417
2024-11-24T10:45:00+00:00,5074.921362,5143.937791,1.3417
2024-11-24T11:00:00+00:00,5074.921362,5143.937791,1.3417
2024-11-24T11:15:00+00:00,5074.921362,5143.937791,1.3417
2024-11-24T11:30:00+00:00,5074.921362,5143.937791,1.3417
2024-11-24T11:45:00+00:00,5074.921362,5143.937791,1.3417
2024-11-24T12:00:00+00:00,5074.921362,5143.937791,1.3417
2024-11-24T12:15:00+00:00,5074.921362,5143.937791,1.3417
2024-11-24T12:30:00+00:00,5074.921362,5143.937791,1.3417
2024-11-24T12:45:00+00:00,5074.921362,5143.937791,1.3417
2024-11-24T13:00:00+00:00,5074.921362,5143.937791,1.3417
2024-11-24T13:15:00+00:00,5074.921362,5143.937791,1.3417
2024-11-24T13:30:00+00:00,5074.921362,5143.937791,1.3417
2024-11-24T13:45:00+00:00,5074.921362,5143.937791,1.3417
2024-11-24T14:00:00+00:00,5074.921362,5143.937791,1.3417
2024-11-24T14:15:00+00:00,5074.921362,5143.937791,1.3417
2024-11-24T14:30:00+00:00,5074.921362,5143.937791,1.3417
2024-11-24T14:45:00+00:00,5074.921362,5143.937791,1.3417
2024-11-24T15:00:00+00:00,5074.921362,5143.937791,1.3417
2024-11-24T15:15:00+00:00,5074.921362,5143.937791,1.3417
2024-11-24T15:30:00+00:00,5074.921362,5143.937791,1.3417
2024-11-24T15:45:00+00:00,5074.921362,5143.937791,1.3417
2024-11-24T16:00:00+00:00,5074.921362,5143.937791,1.3417
2024-11-24T16:15:00+00:00,5074.921362,5143.937791,1.3417
2024-11-24T16:30:00+00:00,5074.921362,5143.937791,1.3417
2024-11-24T16:45:00+00:00,5074.921362,5143.937791,1.3417
2024-11-24T17:00:00+00:00,5074.921362,5143.937791,1.3417
2024-11-24T17:15:00+00:00,5074.921362,5143.937791,1.3417
2024-11-24T17:30:00+00:00,5074.921362,5143.937791,1.3417
2024-11-24T17:45:00+00:00,5074.921362,5143.937791,1.3417
2024-11-24T18:00:00+00:00,5074.921362,5143.937791,1.3417
2024-11-24T18:15:00+00:00,5074.921362,5143.937791,1.3417
2024-11-24T18:30:00+00:00,5074.921362,5143.937791,1.3417
2024-11-24T18:45:00+00:00,5074.921362,5143.937791,1.3417
2024-11-24T19:00:00+00:00,5074.921362,5143.937791,1.3417
2024-11-24T19:15:00+00:00,5074.921362,5143.937791,1.3417
2024-11-24T19:30:00+00:00,5074.921362,5143.937791,1.3417
2024-11-24T19:45:00+00:00,5074.921362,5143.937791,1.3417
2024-11-24T20:00:00+00:00,5074.921362,5143.937791,1.3417
2024-11-24T20:15:00+00:00,5074.921362,5143.937791,1.3417
2024-11-24T20:30:00+00:00,5074.921362,5143.937791,1.3417
2024-11-24T20:45:00+00:00,5074.921362,5143.937791,1.3417
2024-11-24T21:00:00+00:00,5074.921362,5143.937791,1.3417
2024-11-24T21:15:00+00:00,5074.921362,5143.937791,1.3417
2024-11-24T21:30:00+00:00,5074.921362,5143.937791,1.3417
2024-11-24T21:45:00+00:00,5074.921362,5143.937791,1.3417
2024-11-24T22:00:00+00:00,5074.921362,5143.937791,1.3417
2024-11-24T22:15:00+00:00,5074.921362,5143.937791,1.3417
2024-11-24T22:30:00+00:00,5074.921362,5143.937791,1.3417
2024-11-24T22:45:00+00:00,5074.921362,5143.937791,1.3417
2024-11-24T23:00:00+00:00,5074.921362,5143.937791,1.3417
2024-11-24T23:15:00+00:00,5074.921362,5143.937791,1.3417
2024-11-24T23:30:00+00:00,5074.921362,5143.937791,1.3417
2024-11-24T23:45:00+00:00,5074.921362,5143.937791,1.3417
2024-11-25T00:00:00+00:00,5074.921362,5143.937791,1.3417
2024-11-25T00:15:00+00:00,5074.921362,5143.937791,1.3417
2024-11-25T00:30:00+00:00,5074.921362,5143.937791,1.3417
2024-11-25T00:45:00+00:00,5074.921362,5143.937791,1.3417
2024-11-25T01:00:00+00:00,5074.921362,5143.937791,1.3417
2024-11-25T01:15:00+00:00,5074.921362,5143.937791,1.3417
2024-11-25T01:30:00+00:00,5074.921362,5143.937791,1.3417
2024-11-25T01:45:00+00:00,5074.921362,5143.937791,1.3417
2024-11-25T02:00:00+00:00,5074.921362,5143.937791,1.3417
2024-11-25T02:15:00+00:00,5074.921362,5143.937791,1.3417
2024-11-25T02:30:00+00:00,5074.921362,5143.937791,1.3417
2024-11-25T02:45:00+00:00,5074.921362,5143.937791,1.3417
2024-11-25T03:00:00+00:00,5074.921362,5143.937791,1.3417
2024-11-25T03:15:00+00:00,5074.921362,5143.937791,1.3417
2024-11-25T03:30:00+00:00,5074.921362,5143.937791,1.3417
2024-11-25T03:45:00+00:00,5074.921362,5143.937791,1.3417
2024-11-25T04:00:00+00:00,5074.921362,5143.937791,1.3417
2024-11-25T04:15:00+00:00,5074.921362,5143.937791,1.3417
2024-11-25T04:30:00+00:00,5074.921362,5143.937791,1.3417
2024-11-25T04:45:00+00:00,5074.921362,5143.937791,1.3417
2024-11-25T05:00:00+00:00,5074.921362,5143.937791,1.3417
2024-11-25T05:15:00+00:00,5074.921362,5143.937791,1.3417
2024-11-25T05:30:00+00:00,5074.921362,5143.937791,1.3417
2024-11-25T05:45:00+00:00,5074.921362,5143.937791,1.3417
2024-11-25T06:00:00+00:00,5074.921362,5143.937791,1.3417
2024-11-25T06:15:00+00:00,5074.921362,5143.937791,1.3417
2024-11-25T06:30:00+00:00,5074.921362,5143.937791,1.3417
2024-11-25T06:45:00+00:00,5074.921362,5143.937791,1.3417
2024-11-25T07:00:00+00:00,5074.921362,5143.937791,1.3417
2024-11-25T07:15:00+00:00,5074.921362,5143.937791,1.3417
2024-11-25T07:30:00+00:00,5074.921362,5143.937791,1.3417
2024-11-25T07:45:00+00:00,5074.921362,5143.937791,1.3417
2024-11-25T08:00:00+00:00,5074.921362,5143.937791,1.3417
2024-11-25T08:15:00+00:00,5074.921362,5143.937791,1.3417
2024-11-25T08:30:00+00:00,5074.921362,5143.937791,1.3417
2024-11-25T08:45:00+00:00,5074.921362,5143.937791,1.3417
2024-11-25T09:00:00+00:00,5074.921362,5143.937791,1.3417
2024-11-25T09:15:00+00:00,5074.921362,5143.937791,1.3417
2024-11-25T09:30:00+00:00,5074.921362,5143.937791,1.3417
2024-11-25T09:45:00+00:00,5074.921362,5143.937791,1.3417
2024-11-25T10:00:00+00:00,5074.921362,5143.937791,1.3417
2024-11-25T10:15:00+00:00,5074.921362,5143.937791,1.3417
2024-11-25T10:30:00+00:00,5074.921362,5143.937791,1.3417
2024-11-25T10:45:00+00:00,5074.921362,5143.937791,1.3417
2024-11-25T11:00:00+00:00,5074.921362,5143.937791,1.3417
2024-11-25T11:15:00+00:00,5074.921362,5143.937791,1.3417
2024-11-25T11:30:00+00:00,5074.921362,5143.937791,1.3417
2024-11-25T11:45:00+00:00,5074.921362,5143.937791,1.3417
2024-11-25T12:00:00+00:00,5074.921362,5143.937791,1.3417
2024-11-25T12:15:00+00:00,5074.921362,5143.937791,1.3417
2024-11-25T12:30:00+00:00,5074.921362,5143.937791,1.3417
2024-11-25T12:45:00+00:00,5074.921362,5143.937791,1.3417
2024-11-25T13:00:00+00:00,5074.921362,5143.937791,1.3417
2024-11-25T13:15:00+00:00,5074.921362,5143.937791,1.3417
2024-11-25T13:30:00+00:00,5074.921362,5143.937791,1.3417
2024-11-25T13:45:00+00:00,5074.921362,5143.937791,1.3417
2024-11-25T14:00:00+00:00,5074.921362,5143.937791,1.3417
2024-11-25T14:15:00+00:00,5074.921362,5143.937791,1.3417
2024-11-25T14:30:00+00:00,5074.921362,5143.937791,1.3417
2024-11-25T14:45:00+00:00,5074.921362,5143.937791,1.3417
2024-11-25T15:00:00+00:00,5074.921362,5143.937791,1.3417
2024-11-25T15:15:00+00:00,5074.921362,5143.937791,1.3417
2024-11-25T15:30:00+00:00,5074.921362,5143.937791,1.3417
2024-11-25T15:45:00+00:00,5074.921362,5143.937791,1.3417
2024-11-25T16:00:00+00:00,5074.921362,5143.937791,1.3417
2024-11-25T16:15:00+00:00,5074.921362,5143.937791,1.3417
2024-11-25T16:30:00+00:00,5074.921362,5143.937791,1.3417
2024-11-25T16:45:00+00:00,5074.921362,5143.937791,1.3417
2024-11-25T17:00:00+00:00,5074.921362,5143.937791,1.3417
2024-11-25T17:15:00+00:00,5074.921362,5143.937791,1.3417
2024-11-25T17:30:00+00:00,5074.921362,5143.937791,1.3417
2024-11-25T17:45:00+00:00,5074.921362,5143.937791,1.3417
2024-11-25T18:00:00+00:00,5074.921362,5143.937791,1.3417
2024-11-25T18:15:00+00:00,5074.921362,5143.937791,1.3417
2024-11-25T18:30:00+00:00,5074.921362,5143.937791,1.3417
2024-11-25T18:45:00+00:00,5074.921362,5143.937791,1.3417
2024-11-25T19:00:00+00:00,5074.921362,5143.937791,1.3417
2024-11-25T19:15:00+00:00,5074.921362,5143.937791,1.3417
2024-11-25T19:30:00+00:00,5074.921362,5143.937791,1.3417
2024-11-25T19:45:00+00:00,5074.921362,5143.937791,1.3417
2024-11-25T20:00:00+00:00,5074.921362,5143.937791,1.3417
2024-11-25T20:15:00+00:00,5074.921362,5143.937791,1.3417
2024-11-25T20:30:00+00:00,5074.921362,5143.937791,1.3417
2024-11-25T20:45:00+00:00,5074.921362,5143.937791,1.3417
2024-11-25T21:00:00+00:00,5074.921362,5143.937791,1.3417
2024-11-25T21:15:00+00:00,5074.921362,5143.937791,1.3417
2024-11-25T21:30:00+00:00,5074.921362,5143.937791,1.3417
2024-11-25T21:45:00+00:00,5074.921362,5143.937791,1.3417
2024-11-25T22:00:00+00:00,5074.921362,5143.937791,1.3417
2024-11-25T22:15:00+00:00,5074.921362,5143.937791,1.3417
2024-11-25T22:30:00+00:00,5074.921362,5143.937791,1.3417
2024-11-25T22:31:00+00:00,5074.921362,5143.937791,1.3417
2024-11-25T22:32:00+00:00,5074.921362,5143.937791,1.3417
2024-11-25T22:33:00+00:00,5067.487519,5143.937791,1.4862
2024-11-25T22:34:00+00:00,5048.605903,5143.937791,1.8533
2024-11-25T22:35:00+00:00,5048.605903,5143.937791,1.8533
2024-11-25T22:36:00+00:00,5048.917027,5143.937791,1.8472
2024-11-25T22:37:00+00:00,5043.939045,5143.937791,1.9440
2024-11-25T22:38:00+00:00,5017.493516,5143.937791,2.4581
2024-11-25T22:39:00+00:00,4994.893298,5143.937791,2.8975
2024-11-25T22:45:00+00:00,4994.893298,5143.937791,2.8975
2024-11-25T22:46:00+00:00,4994.893298,5143.937791,2.8975
2024-11-25T22:47:00+00:00,4994.893298,5143.937791,2.8975
2024-11-25T22:48:00+00:00,4994.893298,5143.937791,2.8975
2024-11-25T22:49:00+00:00,4994.893298,5143.937791,2.8975
2024-11-25T22:50:00+00:00,4994.893298,5143.937791,2.8975
2024-11-25T23:00:00+00:00,4994.893298,5143.937791,2.8975
2024-11-25T23:15:00+00:00,4994.893298,5143.937791,2.8975
2024-11-25T23:30:00+00:00,4994.893298,5143.937791,2.8975
2024-11-25T23:45:00+00:00,4994.893298,5143.937791,2.8975
2024-11-26T00:00:00+00:00,4994.893298,5143.937791,2.8975
2024-11-26T00:15:00+00:00,4994.893298,5143.937791,2.8975
2024-11-26T00:30:00+00:00,4994.893298,5143.937791,2.8975
2024-11-26T00:45:00+00:00,4994.893298,5143.937791,2.8975
2024-11-26T01:00:00+00:00,4994.893298,5143.937791,2.8975
2024-11-26T01:15:00+00:00,4994.893298,5143.937791,2.8975
2024-11-26T01:30:00+00:00,4994.893298,5143.937791,2.8975
2024-11-26T01:45:00+00:00,4994.893298,5143.937791,2.8975
2024-11-26T02:00:00+00:00,4994.893298,5143.937791,2.8975
2024-11-26T02:15:00+00:00,4994.893298,5143.937791,2.8975
2024-11-26T02:30:00+00:00,4994.893298,5143.937791,2.8975
2024-11-26T02:45:00+00:00,4994.893298,5143.937791,2.8975
2024-11-26T03:00:00+00:00,4994.893298,5143.937791,2.8975
2024-11-26T03:15:00+00:00,4994.893298,5143.937791,2.8975
2024-11-26T03:30:00+00:00,4994.893298,5143.937791,2.8975
2024-11-26T03:45:00+00:00,4994.893298,5143.937791,2.8975
2024-11-26T04:00:00+00:00,4994.893298,5143.937791,2.8975
2024-11-26T04:15:00+00:00,4994.893298,5143.937791,2.8975
2024-11-26T04:30:00+00:00,4994.893298,5143.937791,2.8975
2024-11-26T04:45:00+00:00,4994.893298,5143.937791,2.8975
2024-11-26T05:00:00+00:00,4994.893298,5143.937791,2.8975
2024-11-26T05:15:00+00:00,4994.893298,5143.937791,2.8975
2024-11-26T05:30:00+00:00,4994.893298,5143.937791,2.8975
2024-11-26T05:45:00+00:00,4994.893298,5143.937791,2.8975
2024-11-26T06:00:00+00:00,4994.893298,5143.937791,2.8975
2024-11-26T06:15:00+00:00,4994.893298,5143.937791,2.8975
2024-11-26T06:30:00+00:00,4994.893298,5143.937791,2.8975
2024-11-26T06:45:00+00:00,4994.893298,5143.937791,2.8975
2024-11-26T07:00:00+00:00,4994.893298,5143.937791,2.8975
2024-11-26T07:15:00+00:00,4994.893298,5143.937791,2.8975
2024-11-26T07:30:00+00:00,4994.893298,5143.937791,2.8975
2024-11-26T07:45:00+00:00,4994.893298,5143.937791,2.8975
2024-11-26T08:00:00+00:00,4994.893298,5143.937791,2.8975
2024-11-26T08:15:00+00:00,4994.893298,5143.937791,2.8975
2024-11-26T08:30:00+00:00,4994.893298,5143.937791,2.8975
2024-11-26T08:45:00+00:00,4994.893298,5143.937791,2.8975
2024-11-26T09:00:00+00:00,4994.893298,5143.937791,2.8975
2024-11-26T09:15:00+00:00,4994.893298,5143.937791,2.8975
2024-11-26T09:30:00+00:00,4994.893298,5143.937791,2.8975
2024-11-26T09:45:00+00:00,4994.893298,5143.937791,2.8975
2024-11-26T10:00:00+00:00,4994.893298,5143.937791,2.8975
2024-11-26T10:15:00+00:00,4994.893298,5143.937791,2.8975
2024-11-26T10:30:00+00:00,4994.893298,5143.937791,2.8975
2024-11-26T10:45:00+00:00,4994.893298,5143.937791,2.8975
2024-11-26T11:00:00+00:00,4994.893298,5143.937791,2.8975
2024-11-26T11:15:00+00:00,4994.893298,5143.937791,2.8975
2024-11-26T11:30:00+00:00,4994.893298,5143.937791,2.8975
2024-11-26T11:45:00+00:00,4994.893298,5143.937791,2.8975
2024-11-26T12:00:00+00:00,4994.893298,5143.937791,2.8975
2024-11-26T12:15:00+00:00,4994.893298,5143.937791,2.8975
2024-11-26T12:30:00+00:00,4994.893298,5143.937791,2.8975
2024-11-26T12:45:00+00:00,4994.893298,5143.937791,2.8975
2024-11-26T13:00:00+00:00,4994.893298,5143.937791,2.8975
2024-11-26T13:15:00+00:00,4994.893298,5143.937791,2.8975
2024-11-26T13:30:00+00:00,4994.893298,5143.937791,2.8975
2024-11-26T13:45:00+00:00,4994.893298,5143.937791,2.8975
2024-11-26T14:00:00+00:00,4994.893298,5143.937791,2.8975
2024-11-26T14:15:00+00:00,4994.893298,5143.937791,2.8975
2024-11-26T14:30:00+00:00,4994.893298,5143.937791,2.8975
2024-11-26T14:45:00+00:00,4994.893298,5143.937791,2.8975
2024-11-26T15:00:00+00:00,4994.893298,5143.937791,2.8975
2024-11-26T15:15:00+00:00,4994.893298,5143.937791,2.8975
2024-11-26T15:30:00+00:00,4994.893298,5143.937791,2.8975
2024-11-26T15:45:00+00:00,4994.893298,5143.937791,2.8975
2024-11-26T16:00:00+00:00,4994.893298,5143.937791,2.8975
2024-11-26T16:15:00+00:00,4994.893298,5143.937791,2.8975
2024-11-26T16:30:00+00:00,4994.893298,5143.937791,2.8975
2024-11-26T16:45:00+00:00,4994.893298,5143.937791,2.8975
2024-11-26T17:00:00+00:00,4994.893298,5143.937791,2.8975
2024-11-26T17:15:00+00:00,4994.893298,5143.937791,2.8975
2024-11-26T17:30:00+00:00,4994.893298,5143.937791,2.8975
2024-11-26T17:45:00+00:00,4994.893298,5143.937791,2.8975
2024-11-26T18:00:00+00:00,4994.893298,5143.937791,2.8975
2024-11-26T18:15:00+00:00,4994.893298,5143.937791,2.8975
2024-11-26T18:30:00+00:00,4994.893298,5143.937791,2.8975
2024-11-26T18:45:00+00:00,4994.893298,5143.937791,2.8975
2024-11-26T19:00:00+00:00,4994.893298,5143.937791,2.8975
2024-11-26T19:15:00+00:00,4994.893298,5143.937791,2.8975
2024-11-26T19:30:00+00:00,4994.893298,5143.937791,2.8975
2024-11-26T19:45:00+00:00,4994.893298,5143.937791,2.8975
2024-11-26T20:00:00+00:00,4994.893298,5143.937791,2.8975
2024-11-26T20:15:00+00:00,4994.893298,5143.937791,2.8975
2024-11-26T20:30:00+00:00,4994.893298,5143.937791,2.8975
2024-11-26T20:45:00+00:00,4994.893298,5143.937791,2.8975
2024-11-26T21:00:00+00:00,4994.893298,5143.937791,2.8975
2024-11-26T21:15:00+00:00,4994.893298,5143.937791,2.8975
2024-11-26T21:30:00+00:00,4994.893298,5143.937791,2.8975
2024-11-26T21:45:00+00:00,4994.893298,5143.937791,2.8975
2024-11-26T22:00:00+00:00,4994.893298,5143.937791,2.8975
2024-11-26T22:15:00+00:00,4994.893298,5143.937791,2.8975
2024-11-26T22:30:00+00:00,4994.893298,5143.937791,2.8975
2024-11-26T22:45:00+00:00,4994.893298,5143.937791,2.8975
2024-11-26T23:00:00+00:00,4994.893298,5143.937791,2.8975
2024-11-26T23:15:00+00:00,4994.893298,5143.937791,2.8975
2024-11-26T23:30:00+00:00,4994.893298,5143.937791,2.8975
2024-11-26T23:45:00+00:00,4994.893298,5143.937791,2.8975
2024-11-27T00:00:00+00:00,4994.893298,5143.937791,2.8975
2024-11-27T00:15:00+00:00,4994.893298,5143.937791,2.8975
2024-11-27T00:30:00+00:00,4994.893298,5143.937791,2.8975
2024-11-27T00:45:00+00:00,4994.893298,5143.937791,2.8975
2024-11-27T01:00:00+00:00,4994.893298,5143.937791,2.8975
2024-11-27T01:15:00+00:00,4994.893298,5143.937791,2.8975
2024-11-27T01:30:00+00:00,4994.893298,5143.937791,2.8975
2024-11-27T01:45:00+00:00,4994.893298,5143.937791,2.8975
2024-11-27T02:00:00+00:00,4994.893298,5143.937791,2.8975
2024-11-27T02:15:00+00:00,4994.893298,5143.937791,2.8975
2024-11-27T02:30:00+00:00,4994.893298,5143.937791,2.8975
2024-11-27T02:45:00+00:00,4994.893298,5143.937791,2.8975
2024-11-27T03:00:00+00:00,4994.893298,5143.937791,2.8975
2024-11-27T03:15:00+00:00,4994.893298,5143.937791,2.8975
2024-11-27T03:30:00+00:00,4994.893298,5143.937791,2.8975
2024-11-27T03:45:00+00:00,4994.893298,5143.937791,2.8975
2024-11-27T04:00:00+00:00,4994.893298,5143.937791,2.8975
2024-11-27T04:15:00+00:00,4994.893298,5143.937791,2.8975
2024-11-27T04:30:00+00:00,4994.893298,5143.937791,2.8975
2024-11-27T04:45:00+00:00,4994.893298,5143.937791,2.8975
2024-11-27T05:00:00+00:00,4994.893298,5143.937791,2.8975
2024-11-27T05:15:00+00:00,4994.893298,5143.937791,2.8975
2024-11-27T05:30:00+00:00,4994.893298,5143.937791,2.8975
2024-11-27T05:45:00+00:00,4994.893298,5143.937791,2.8975
2024-11-27T06:00:00+00:00,4994.893298,5143.937791,2.8975
2024-11-27T06:15:00+00:00,4994.893298,5143.937791,2.8975
2024-11-27T06:30:00+00:00,4994.893298,5143.937791,2.8975
2024-11-27T06:45:00+00:00,4994.893298,5143.937791,2.8975
2024-11-27T07:00:00+00:00,4994.893298,5143.937791,2.8975
2024-11-27T07:15:00+00:00,4994.893298,5143.937791,2.8975
2024-11-27T07:30:00+00:00,4994.893298,5143.937791,2.8975
2024-11-27T07:45:00+00:00,4994.893298,5143.937791,2.8975
2024-11-27T08:00:00+00:00,4994.893298,5143.937791,2.8975
2024-11-27T08:15:00+00:00,4994.893298,5143.937791,2.8975
2024-11-27T08:30:00+00:00,4994.893298,5143.937791,2.8975
2024-11-27T08:45:00+00:00,4994.893298,5143.937791,2.8975
2024-11-27T09:00:00+00:00,4994.893298,5143.937791,2.8975
2024-11-27T09:15:00+00:00,4994.893298,5143.937791,2.8975
2024-11-27T09:30:00+00:00,4994.893298,5143.937791,2.8975
2024-11-27T09:45:00+00:00,4994.893298,5143.937791,2.8975
2024-11-27T10:00:00+00:00,4994.893298,5143.937791,2.8975
2024-11-27T10:15:00+00:00,4994.893298,5143.937791,2.8975
2024-11-27T10:30:00+00:00,4994.893298,5143.937791,2.8975
2024-11-27T10:45:00+00:00,4994.893298,5143.937791,2.8975
2024-11-27T11:00:00+00:00,4994.893298,5143.937791,2.8975
2024-11-27T11:15:00+00:00,4994.893298,5143.937791,2.8975
2024-11-27T11:30:00+00:00,4994.893298,5143.937791,2.8975
2024-11-27T11:45:00+00:00,4994.893298,5143.937791,2.8975
2024-11-27T12:00:00+00:00,4994.893298,5143.937791,2.8975
2024-11-27T12:15:00+00:00,4994.893298,5143.937791,2.8975
2024-11-27T12:30:00+00:00,4994.893298,5143.937791,2.8975
2024-11-27T12:45:00+00:00,4994.893298,5143.937791,2.8975
2024-11-27T13:00:00+00:00,4994.893298,5143.937791,2.8975
2024-11-27T13:15:00+00:00,4994.893298,5143.937791,2.8975
2024-11-27T13:30:00+00:00,4994.893298,5143.937791,2.8975
2024-11-27T13:45:00+00:00,4994.893298,5143.937791,2.8975
2024-11-27T14:00:00+00:00,4994.893298,5143.937791,2.8975
2024-11-27T14:15:00+00:00,4994.893298,5143.937791,2.8975
2024-11-27T14:30:00+00:00,4994.893298,5143.937791,2.8975
2024-11-27T14:45:00+00:00,4994.893298,5143.937791,2.8975
2024-11-27T15:00:00+00:00,4994.893298,5143.937791,2.8975
2024-11-27T15:15:00+00:00,4994.893298,5143.937791,2.8975
2024-11-27T15:30:00+00:00,4994.893298,5143.937791,2.8975
2024-11-27T15:45:00+00:00,4994.893298,5143.937791,2.8975
2024-11-27T16:00:00+00:00,4994.893298,5143.937791,2.8975
2024-11-27T16:15:00+00:00,4994.893298,5143.937791,2.8975
2024-11-27T16:30:00+00:00,4994.893298,5143.937791,2.8975
2024-11-27T16:45:00+00:00,4994.893298,5143.937791,2.8975
2024-11-27T17:00:00+00:00,4994.893298,5143.937791,2.8975
2024-11-27T17:15:00+00:00,4994.893298,5143.937791,2.8975
2024-11-27T17:30:00+00:00,4994.893298,5143.937791,2.8975
2024-11-27T17:45:00+00:00,4994.893298,5143.937791,2.8975
2024-11-27T18:00:00+00:00,4994.893298,5143.937791,2.8975
2024-11-27T18:15:00+00:00,4994.893298,5143.937791,2.8975
2024-11-27T18:30:00+00:00,4994.893298,5143.937791,2.8975
2024-11-27T18:45:00+00:00,4994.893298,5143.937791,2.8975
2024-11-27T19:00:00+00:00,4994.893298,5143.937791,2.8975
2024-11-27T19:15:00+00:00,4994.893298,5143.937791,2.8975
2024-11-27T19:30:00+00:00,4994.893298,5143.937791,2.8975
2024-11-27T19:45:00+00:00,4994.893298,5143.937791,2.8975
2024-11-27T20:00:00+00:00,4994.893298,5143.937791,2.8975
2024-11-27T20:15:00+00:00,4994.893298,5143.937791,2.8975
2024-11-27T20:30:00+00:00,4994.893298,5143.937791,2.8975
2024-11-27T20:45:00+00:00,4994.893298,5143.937791,2.8975
2024-11-27T21:00:00+00:00,4994.893298,5143.937791,2.8975
2024-11-27T21:15:00+00:00,4994.893298,5143.937791,2.8975
2024-11-27T21:30:00+00:00,4994.893298,5143.937791,2.8975
2024-11-27T21:45:00+00:00,4994.893298,5143.937791,2.8975
2024-11-27T22:00:00+00:00,4994.893298,5143.937791,2.8975
2024-11-27T22:15:00+00:00,4994.893298,5143.937791,2.8975
2024-11-27T22:30:00+00:00,4994.893298,5143.937791,2.8975
2024-11-27T22:45:00+00:00,4994.893298,5143.937791,2.8975
2024-11-27T23:00:00+00:00,4994.893298,5143.937791,2.8975
2024-11-27T23:15:00+00:00,4994.893298,5143.937791,2.8975
2024-11-27T23:30:00+00:00,4994.893298,5143.937791,2.8975
2024-11-27T23:45:00+00:00,4994.893298,5143.937791,2.8975
2024-11-28T00:00:00+00:00,4994.893298,5143.937791,2.8975
2024-11-28T00:15:00+00:00,4994.893298,5143.937791,2.8975
2024-11-28T00:30:00+00:00,4994.893298,5143.937791,2.8975
2024-11-28T00:45:00+00:00,4994.893298,5143.937791,2.8975
2024-11-28T01:00:00+00:00,4994.893298,5143.937791,2.8975
2024-11-28T01:15:00+00:00,4994.893298,5143.937791,2.8975
2024-11-28T01:30:00+00:00,4994.893298,5143.937791,2.8975
2024-11-28T01:45:00+00:00,4994.893298,5143.937791,2.8975
2024-11-28T02:00:00+00:00,4994.893298,5143.937791,2.8975
2024-11-28T02:15:00+00:00,4994.893298,5143.937791,2.8975
2024-11-28T02:30:00+00:00,4994.893298,5143.937791,2.8975
2024-11-28T02:45:00+00:00,4994.893298,5143.937791,2.8975
2024-11-28T03:00:00+00:00,4994.893298,5143.937791,2.8975
2024-11-28T03:15:00+00:00,4994.893298,5143.937791,2.8975
2024-11-28T03:30:00+00:00,4994.893298,5143.937791,2.8975
2024-11-28T03:45:00+00:00,4994.893298,5143.937791,2.8975
2024-11-28T04:00:00+00:00,4994.893298,5143.937791,2.8975
2024-11-28T04:15:00+00:00,4994.893298,5143.937791,2.8975
2024-11-28T04:30:00+00:00,4994.893298,5143.937791,2.8975
2024-11-28T04:45:00+00:00,4994.893298,5143.937791,2.8975
2024-11-28T05:00:00+00:00,4994.893298,5143.937791,2.8975
2024-11-28T05:15:00+00:00,4994.893298,5143.937791,2.8975
2024-11-28T05:30:00+00:00,4994.893298,5143.937791,2.8975
2024-11-28T05:45:00+00:00,4994.893298,5143.937791,2.8975
2024-11-28T06:00:00+00:00,4994.893298,5143.937791,2.8975
2024-11-28T06:15:00+00:00,4994.893298,5143.937791,2.8975
2024-11-28T06:30:00+00:00,4994.893298,5143.937791,2.8975
2024-11-28T06:45:00+00:00,4994.893298,5143.937791,2.8975
2024-11-28T07:00:00+00:00,4994.893298,5143.937791,2.8975
2024-11-28T07:15:00+00:00,4994.893298,5143.937791,2.8975
2024-11-28T07:30:00+00:00,4994.893298,5143.937791,2.8975
2024-11-28T07:45:00+00:00,4994.893298,5143.937791,2.8975
2024-11-28T08:00:00+00:00,4994.893298,5143.937791,2.8975
2024-11-28T08:15:00+00:00,4994.893298,5143.937791,2.8975
2024-11-28T08:30:00+00:00,4994.893298,5143.937791,2.8975
2024-11-28T08:45:00+00:00,4994.893298,5143.937791,2.8975
2024-11-28T09:00:00+00:00,4994.893298,5143.937791,2.8975
2024-11-28T09:15:00+00:00,4994.893298,5143.937791,2.8975
2024-11-28T09:30:00+00:00,4994.893298,5143.937791,2.8975
2024-11-28T09:45:00+00:00,4994.893298,5143.937791,2.8975
2024-11-28T10:00:00+00:00,4994.893298,5143.937791,2.8975
2024-11-28T10:15:00+00:00,4994.893298,5143.937791,2.8975
2024-11-28T10:30:00+00:00,4994.893298,5143.937791,2.8975
2024-11-28T10:45:00+00:00,4994.893298,5143.937791,2.8975
2024-11-28T11:00:00+00:00,4994.893298,5143.937791,2.8975
2024-11-28T11:15:00+00:00,4994.893298,5143.937791,2.8975
2024-11-28T11:30:00+00:00,4994.893298,5143.937791,2.8975
2024-11-28T11:45:00+00:00,4994.893298,5143.937791,2.8975
2024-11-28T12:00:00+00:00,4994.893298,5143.937791,2.8975
2024-11-28T12:15:00+00:00,4994.893298,5143.937791,2.8975
2024-11-28T12:30:00+00:00,4994.893298,5143.937791,2.8975
2024-11-28T12:45:00+00:00,4994.893298,5143.937791,2.8975
2024-11-28T13:00:00+00:00,4994.893298,5143.937791,2.8975
2024-11-28T13:15:00+00:00,4994.893298,5143.937791,2.8975
2024-11-28T13:30:00+00:00,4994.893298,5143.937791,2.8975
2024-11-28T13:45:00+00:00,4994.893298,5143.937791,2.8975
2024-11-28T14:00:00+00:00,4994.893298,5143.937791,2.8975
2024-11-28T14:15:00+00:00,4994.893298,5143.937791,2.8975
2024-11-28T14:30:00+00:00,4994.893298,5143.937791,2.8975
2024-11-28T14:45:00+00:00,4994.893298,5143.937791,2.8975
2024-11-28T15:00:00+00:00,4994.893298,5143.937791,2.8975
2024-11-28T15:15:00+00:00,4994.893298,5143.937791,2.8975
2024-11-28T15:30:00+00:00,4994.893298,5143.937791,2.8975
2024-11-28T15:45:00+00:00,4994.893298,5143.937791,2.8975
2024-11-28T16:00:00+00:00,4994.893298,5143.937791,2.8975
2024-11-28T16:15:00+00:00,4994.893298,5143.937791,2.8975
2024-11-28T16:30:00+00:00,4994.893298,5143.937791,2.8975
2024-11-28T16:45:00+00:00,4994.893298,5143.937791,2.8975
2024-11-28T17:00:00+00:00,4994.893298,5143.937791,2.8975
2024-11-28T17:15:00+00:00,4994.893298,5143.937791,2.8975
2024-11-28T17:30:00+00:00,4994.893298,5143.937791,2.8975
2024-11-28T17:45:00+00:00,4994.893298,5143.937791,2.8975
2024-11-28T18:00:00+00:00,4994.893298,5143.937791,2.8975
2024-11-28T18:15:00+00:00,4994.893298,5143.937791,2.8975
2024-11-28T18:30:00+00:00,4994.893298,5143.937791,2.8975
2024-11-28T18:45:00+00:00,4994.893298,5143.937791,2.8975
2024-11-28T19:00:00+00:00,4994.893298,5143.937791,2.8975
2024-11-28T19:15:00+00:00,4994.893298,5143.937791,2.8975
2024-11-28T19:30:00+00:00,4994.893298,5143.937791,2.8975
2024-11-28T19:45:00+00:00,4994.893298,5143.937791,2.8975
2024-11-28T20:00:00+00:00,4994.893298,5143.937791,2.8975
2024-11-28T20:15:00+00:00,4994.893298,5143.937791,2.8975
2024-11-28T20:30:00+00:00,4994.893298,5143.937791,2.8975
2024-11-28T20:45:00+00:00,4994.893298,5143.937791,2.8975
2024-11-28T21:00:00+00:00,4994.893298,5143.937791,2.8975
2024-11-28T21:15:00+00:00,4994.893298,5143.937791,2.8975
2024-11-28T21:30:00+00:00,4994.893298,5143.937791,2.8975
2024-11-28T21:45:00+00:00,4994.893298,5143.937791,2.8975
2024-11-28T22:00:00+00:00,4994.893298,5143.937791,2.8975
2024-11-28T22:15:00+00:00,4994.893298,5143.937791,2.8975
2024-11-28T22:30:00+00:00,4994.893298,5143.937791,2.8975
2024-11-28T22:45:00+00:00,4994.893298,5143.937791,2.8975
2024-11-28T23:00:00+00:00,4994.893298,5143.937791,2.8975
2024-11-28T23:15:00+00:00,4994.893298,5143.937791,2.8975
2024-11-28T23:30:00+00:00,4994.893298,5143.937791,2.8975
2024-11-28T23:45:00+00:00,4994.893298,5143.937791,2.8975
2024-11-29T00:00:00+00:00,4994.893298,5143.937791,2.8975
2024-11-29T00:15:00+00:00,4994.893298,5143.937791,2.8975
2024-11-29T00:30:00+00:00,4994.893298,5143.937791,2.8975
2024-11-29T00:45:00+00:00,4994.893298,5143.937791,2.8975
2024-11-29T01:00:00+00:00,4994.893298,5143.937791,2.8975
2024-11-29T01:15:00+00:00,4994.893298,5143.937791,2.8975
2024-11-29T01:30:00+00:00,4994.893298,5143.937791,2.8975
2024-11-29T01:45:00+00:00,4994.893298,5143.937791,2.8975
2024-11-29T02:00:00+00:00,4994.893298,5143.937791,2.8975
2024-11-29T02:15:00+00:00,4994.893298,5143.937791,2.8975
2024-11-29T02:30:00+00:00,4994.893298,5143.937791,2.8975
2024-11-29T02:45:00+00:00,4994.893298,5143.937791,2.8975
2024-11-29T03:00:00+00:00,4994.893298,5143.937791,2.8975
2024-11-29T03:15:00+00:00,4994.893298,5143.937791,2.8975
2024-11-29T03:30:00+00:00,4994.893298,5143.937791,2.8975
2024-11-29T03:45:00+00:00,4994.893298,5143.937791,2.8975
2024-11-29T04:00:00+00:00,4994.893298,5143.937791,2.8975
2024-11-29T04:15:00+00:00,4994.893298,5143.937791,2.8975
2024-11-29T04:30:00+00:00,4994.893298,5143.937791,2.8975
2024-11-29T04:45:00+00:00,4994.893298,5143.937791,2.8975
2024-11-29T05:00:00+00:00,4994.893298,5143.937791,2.8975
2024-11-29T05:15:00+00:00,4994.893298,5143.937791,2.8975
2024-11-29T05:30:00+00:00,4994.893298,5143.937791,2.8975
2024-11-29T05:45:00+00:00,4994.893298,5143.937791,2.8975
2024-11-29T06:00:00+00:00,4994.893298,5143.937791,2.8975
2024-11-29T06:15:00+00:00,4994.893298,5143.937791,2.8975
2024-11-29T06:30:00+00:00,4994.893298,5143.937791,2.8975
2024-11-29T06:45:00+00:00,4994.893298,5143.937791,2.8975
2024-11-29T07:00:00+00:00,4994.893298,5143.937791,2.8975
2024-11-29T07:15:00+00:00,4994.893298,5143.937791,2.8975
2024-11-29T07:30:00+00:00,4994.893298,5143.937791,2.8975
2024-11-29T07:45:00+00:00,4994.893298,5143.937791,2.8975
2024-11-29T08:00:00+00:00,4994.893298,5143.937791,2.8975
2024-11-29T08:15:00+00:00,4994.893298,5143.937791,2.8975
2024-11-29T08:30:00+00:00,4994.893298,5143.937791,2.8975
2024-11-29T08:45:00+00:00,4994.893298,5143.937791,2.8975
2024-11-29T09:00:00+00:00,4994.893298,5143.937791,2.8975
2024-11-29T09:15:00+00:00,4994.893298,5143.937791,2.8975
2024-11-29T09:30:00+00:00,4994.893298,5143.937791,2.8975
2024-11-29T09:45:00+00:00,4994.893298,5143.937791,2.8975
2024-11-29T10:00:00+00:00,4994.893298,5143.937791,2.8975
2024-11-29T10:15:00+00:00,4994.893298,5143.937791,2.8975
2024-11-29T10:30:00+00:00,4994.893298,5143.937791,2.8975
2024-11-29T10:45:00+00:00,4994.893298,5143.937791,2.8975
2024-11-29T11:00:00+00:00,4994.893298,5143.937791,2.8975
2024-11-29T11:15:00+00:00,4994.893298,5143.937791,2.8975
2024-11-29T11:30:00+00:00,4994.893298,5143.937791,2.8975
2024-11-29T11:45:00+00:00,4994.893298,5143.937791,2.8975
2024-11-29T12:00:00+00:00,4994.893298,5143.937791,2.8975
2024-11-29T12:15:00+00:00,4994.893298,5143.937791,2.8975
2024-11-29T12:30:00+00:00,4994.893298,5143.937791,2.8975
2024-11-29T12:45:00+00:00,4994.893298,5143.937791,2.8975
2024-11-29T13:00:00+00:00,4994.893298,5143.937791,2.8975
2024-11-29T13:15:00+00:00,4994.893298,5143.937791,2.8975
2024-11-29T13:30:00+00:00,4994.893298,5143.937791,2.8975
2024-11-29T13:45:00+00:00,4994.893298,5143.937791,2.8975
2024-11-29T14:00:00+00:00,4994.893298,5143.937791,2.8975
2024-11-29T14:15:00+00:00,4994.893298,5143.937791,2.8975
2024-11-29T14:30:00+00:00,4994.893298,5143.937791,2.8975
2024-11-29T14:45:00+00:00,4994.893298,5143.937791,2.8975
2024-11-29T15:00:00+00:00,4994.893298,5143.937791,2.8975
2024-11-29T15:15:00+00:00,4994.893298,5143.937791,2.8975
2024-11-29T15:30:00+00:00,4994.893298,5143.937791,2.8975
2024-11-29T15:45:00+00:00,4994.893298,5143.937791,2.8975
2024-11-29T16:00:00+00:00,4994.893298,5143.937791,2.8975
2024-11-29T16:15:00+00:00,4994.893298,5143.937791,2.8975
2024-11-29T16:30:00+00:00,4994.893298,5143.937791,2.8975
2024-11-29T16:45:00+00:00,4994.893298,5143.937791,2.8975
2024-11-29T17:00:00+00:00,4994.893298,5143.937791,2.8975
2024-11-29T17:15:00+00:00,4994.893298,5143.937791,2.8975
2024-11-29T17:30:00+00:00,4994.893298,5143.937791,2.8975
2024-11-29T17:45:00+00:00,4994.893298,5143.937791,2.8975
2024-11-29T18:00:00+00:00,4994.893298,5143.937791,2.8975
2024-11-29T18:15:00+00:00,4994.893298,5143.937791,2.8975
2024-11-29T18:30:00+00:00,4994.893298,5143.937791,2.8975
2024-11-29T18:45:00+00:00,4994.893298,5143.937791,2.8975
2024-11-29T19:00:00+00:00,4994.893298,5143.937791,2.8975
2024-11-29T19:15:00+00:00,4994.893298,5143.937791,2.8975
2024-11-29T19:30:00+00:00,4994.893298,5143.937791,2.8975
2024-11-29T19:45:00+00:00,4994.893298,5143.937791,2.8975
2024-11-29T20:00:00+00:00,4994.893298,5143.937791,2.8975
2024-11-29T20:15:00+00:00,4994.893298,5143.937791,2.8975
2024-11-29T20:30:00+00:00,4994.893298,5143.937791,2.8975
2024-11-29T20:45:00+00:00,4994.893298,5143.937791,2.8975
2024-11-29T21:00:00+00:00,4994.893298,5143.937791,2.8975
2024-11-29T21:15:00+00:00,4994.893298,5143.937791,2.8975
2024-11-29T21:30:00+00:00,4994.893298,5143.937791,2.8975
2024-11-29T21:45:00+00:00,4994.893298,5143.937791,2.8975
2024-11-29T22:00:00+00:00,4994.893298,5143.937791,2.8975
2024-11-29T22:15:00+00:00,4994.893298,5143.937791,2.8975
2024-11-29T22:30:00+00:00,4994.893298,5143.937791,2.8975
2024-11-29T22:45:00+00:00,4994.893298,5143.937791,2.8975
2024-11-29T23:00:00+00:00,4994.893298,5143.937791,2.8975
2024-11-29T23:15:00+00:00,4994.893298,5143.937791,2.8975
2024-11-29T23:30:00+00:00,4994.893298,5143.937791,2.8975
2024-11-29T23:45:00+00:00,4994.893298,5143.937791,2.8975
2024-11-30T00:00:00+00:00,4994.893298,5143.937791,2.8975
2024-11-30T00:15:00+00:00,4994.893298,5143.937791,2.8975
2024-11-30T00:30:00+00:00,4994.893298,5143.937791,2.8975
2024-11-30T00:45:00+00:00,4994.893298,5143.937791,2.8975
2024-11-30T01:00:00+00:00,4994.893298,5143.937791,2.8975
2024-11-30T01:15:00+00:00,4994.893298,5143.937791,2.8975
2024-11-30T01:30:00+00:00,4994.893298,5143.937791,2.8975
2024-11-30T01:45:00+00:00,4994.893298,5143.937791,2.8975
2024-11-30T02:00:00+00:00,4994.893298,5143.937791,2.8975
2024-11-30T02:15:00+00:00,4994.893298,5143.937791,2.8975
2024-11-30T02:30:00+00:00,4994.893298,5143.937791,2.8975
2024-11-30T02:45:00+00:00,4994.893298,5143.937791,2.8975
2024-11-30T03:00:00+00:00,4994.893298,5143.937791,2.8975
2024-11-30T03:15:00+00:00,4994.893298,5143.937791,2.8975
2024-11-30T03:30:00+00:00,4994.893298,5143.937791,2.8975
2024-11-30T03:45:00+00:00,4994.893298,5143.937791,2.8975
2024-11-30T04:00:00+00:00,4994.893298,5143.937791,2.8975
2024-11-30T04:15:00+00:00,4994.893298,5143.937791,2.8975
2024-11-30T04:30:00+00:00,4994.893298,5143.937791,2.8975
2024-11-30T04:45:00+00:00,4994.893298,5143.937791,2.8975
2024-11-30T05:00:00+00:00,4994.893298,5143.937791,2.8975
2024-11-30T05:15:00+00:00,4994.893298,5143.937791,2.8975
2024-11-30T05:30:00+00:00,4994.893298,5143.937791,2.8975
2024-11-30T05:45:00+00:00,4994.893298,5143.937791,2.8975
2024-11-30T06:00:00+00:00,4994.893298,5143.937791,2.8975
2024-11-30T06:15:00+00:00,4994.893298,5143.937791,2.8975
2024-11-30T06:30:00+00:00,4994.893298,5143.937791,2.8975
2024-11-30T06:45:00+00:00,4994.893298,5143.937791,2.8975
2024-11-30T07:00:00+00:00,4994.893298,5143.937791,2.8975
2024-11-30T07:15:00+00:00,4994.893298,5143.937791,2.8975
2024-11-30T07:30:00+00:00,4994.893298,5143.937791,2.8975
2024-11-30T07:45:00+00:00,4994.893298,5143.937791,2.8975
2024-11-30T08:00:00+00:00,4994.893298,5143.937791,2.8975
2024-11-30T08:15:00+00:00,4994.893298,5143.937791,2.8975
2024-11-30T08:30:00+00:00,4994.893298,5143.937791,2.8975
2024-11-30T08:45:00+00:00,4994.893298,5143.937791,2.8975
2024-11-30T09:00:00+00:00,4994.893298,5143.937791,2.8975
2024-11-30T09:15:00+00:00,4994.893298,5143.937791,2.8975
2024-11-30T09:30:00+00:00,4994.893298,5143.937791,2.8975
2024-11-30T09:45:00+00:00,4994.893298,5143.937791,2.8975
2024-11-30T10:00:00+00:00,4994.893298,5143.937791,2.8975
2024-11-30T10:15:00+00:00,4994.893298,5143.937791,2.8975
2024-11-30T10:30:00+00:00,4994.893298,5143.937791,2.8975
2024-11-30T10:45:00+00:00,4994.893298,5143.937791,2.8975
2024-11-30T11:00:00+00:00,4994.893298,5143.937791,2.8975
2024-11-30T11:15:00+00:00,4994.893298,5143.937791,2.8975
2024-11-30T11:30:00+00:00,4994.893298,5143.937791,2.8975
2024-11-30T11:45:00+00:00,4994.893298,5143.937791,2.8975
2024-11-30T12:00:00+00:00,4994.893298,5143.937791,2.8975
2024-11-30T12:15:00+00:00,4994.893298,5143.937791,2.8975
2024-11-30T12:30:00+00:00,4994.893298,5143.937791,2.8975
2024-11-30T12:45:00+00:00,4994.893298,5143.937791,2.8975
2024-11-30T13:00:00+00:00,4994.893298,5143.937791,2.8975
2024-11-30T13:15:00+00:00,4994.893298,5143.937791,2.8975
2024-11-30T13:30:00+00:00,4994.893298,5143.937791,2.8975
2024-11-30T13:45:00+00:00,4994.893298,5143.937791,2.8975
2024-11-30T14:00:00+00:00,4994.893298,5143.937791,2.8975
2024-11-30T14:15:00+00:00,4994.893298,5143.937791,2.8975
2024-11-30T14:30:00+00:00,4994.893298,5143.937791,2.8975
2024-11-30T14:45:00+00:00,4994.893298,5143.937791,2.8975
2024-11-30T15:00:00+00:00,4994.893298,5143.937791,2.8975
2024-11-30T15:15:00+00:00,4994.893298,5143.937791,2.8975
2024-11-30T15:30:00+00:00,4994.893298,5143.937791,2.8975
2024-11-30T15:45:00+00:00,4994.893298,5143.937791,2.8975
2024-11-30T16:00:00+00:00,4994.893298,5143.937791,2.8975
2024-11-30T16:15:00+00:00,4994.893298,5143.937791,2.8975
2024-11-30T16:30:00+00:00,4994.893298,5143.937791,2.8975
2024-11-30T16:45:00+00:00,4994.893298,5143.937791,2.8975
2024-11-30T17:00:00+00:00,4994.893298,5143.937791,2.8975
2024-11-30T17:15:00+00:00,4994.893298,5143.937791,2.8975
2024-11-30T17:30:00+00:00,4994.893298,5143.937791,2.8975
2024-11-30T17:45:00+00:00,4994.893298,5143.937791,2.8975
2024-11-30T18:00:00+00:00,4994.893298,5143.937791,2.8975
2024-11-30T18:15:00+00:00,4994.893298,5143.937791,2.8975
2024-11-30T18:30:00+00:00,4994.893298,5143.937791,2.8975
2024-11-30T18:45:00+00:00,4994.893298,5143.937791,2.8975
2024-11-30T19:00:00+00:00,4994.893298,5143.937791,2.8975
2024-11-30T19:15:00+00:00,4994.893298,5143.937791,2.8975
2024-11-30T19:30:00+00:00,4994.893298,5143.937791,2.8975
2024-11-30T19:45:00+00:00,4994.893298,5143.937791,2.8975
2024-11-30T20:00:00+00:00,4994.893298,5143.937791,2.8975
2024-11-30T20:15:00+00:00,4994.893298,5143.937791,2.8975
2024-11-30T20:30:00+00:00,4994.893298,5143.937791,2.8975
2024-11-30T20:45:00+00:00,4994.893298,5143.937791,2.8975
2024-11-30T21:00:00+00:00,4994.893298,5143.937791,2.8975
2024-11-30T21:15:00+00:00,4994.893298,5143.937791,2.8975
2024-11-30T21:30:00+00:00,4994.893298,5143.937791,2.8975
2024-11-30T21:45:00+00:00,4994.893298,5143.937791,2.8975
2024-11-30T22:00:00+00:00,4994.893298,5143.937791,2.8975
2024-11-30T22:15:00+00:00,4994.893298,5143.937791,2.8975
2024-11-30T22:30:00+00:00,4994.893298,5143.937791,2.8975
2024-11-30T22:45:00+00:00,4994.893298,5143.937791,2.8975
2024-11-30T23:00:00+00:00,4994.893298,5143.937791,2.8975
2024-11-30T23:15:00+00:00,4994.893298,5143.937791,2.8975
2024-11-30T23:30:00+00:00,4994.893298,5143.937791,2.8975
2024-11-30T23:45:00+00:00,4994.893298,5143.937791,2.8975
2024-12-01T00:00:00+00:00,4994.893298,5143.937791,2.8975
2024-12-01T00:15:00+00:00,4994.893298,5143.937791,2.8975
2024-12-01T00:30:00+00:00,4994.893298,5143.937791,2.8975
2024-12-01T00:45:00+00:00,4994.893298,5143.937791,2.8975
2024-12-01T01:00:00+00:00,4994.893298,5143.937791,2.8975
2024-12-01T01:15:00+00:00,4994.893298,5143.937791,2.8975
2024-12-01T01:30:00+00:00,4994.893298,5143.937791,2.8975
2024-12-01T01:45:00+00:00,4994.893298,5143.937791,2.8975
2024-12-01T02:00:00+00:00,4994.893298,5143.937791,2.8975
2024-12-01T02:15:00+00:00,4994.893298,5143.937791,2.8975
2024-12-01T02:30:00+00:00,4994.893298,5143.937791,2.8975
2024-12-01T02:45:00+00:00,4994.893298,5143.937791,2.8975
2024-12-01T03:00:00+00:00,4994.893298,5143.937791,2.8975
2024-12-01T03:15:00+00:00,4994.893298,5143.937791,2.8975
2024-12-01T03:30:00+00:00,4994.893298,5143.937791,2.8975
2024-12-01T03:45:00+00:00,4994.893298,5143.937791,2.8975
2024-12-01T04:00:00+00:00,4994.893298,5143.937791,2.8975
2024-12-01T04:15:00+00:00,4994.893298,5143.937791,2.8975
2024-12-01T04:30:00+00:00,4994.893298,5143.937791,2.8975
2024-12-01T04:45:00+00:00,4994.893298,5143.937791,2.8975
2024-12-01T05:00:00+00:00,4994.893298,5143.937791,2.8975
2024-12-01T05:15:00+00:00,4994.893298,5143.937791,2.8975
2024-12-01T05:30:00+00:00,4994.893298,5143.937791,2.8975
2024-12-01T05:45:00+00:00,4994.893298,5143.937791,2.8975
2024-12-01T06:00:00+00:00,4994.893298,5143.937791,2.8975
2024-12-01T06:15:00+00:00,4994.893298,5143.937791,2.8975
2024-12-01T06:30:00+00:00,4994.893298,5143.937791,2.8975
2024-12-01T06:45:00+00:00,4994.893298,5143.937791,2.8975
2024-12-01T07:00:00+00:00,4994.893298,5143.937791,2.8975
2024-12-01T07:15:00+00:00,4994.893298,5143.937791,2.8975
2024-12-01T07:30:00+00:00,4994.893298,5143.937791,2.8975
2024-12-01T07:45:00+00:00,4994.893298,5143.937791,2.8975
2024-12-01T08:00:00+00:00,4994.893298,5143.937791,2.8975
2024-12-01T08:15:00+00:00,4994.893298,5143.937791,2.8975
2024-12-01T08:30:00+00:00,4994.893298,5143.937791,2.8975
2024-12-01T08:45:00+00:00,4994.893298,5143.937791,2.8975
2024-12-01T09:00:00+00:00,4994.893298,5143.937791,2.8975
2024-12-01T09:15:00+00:00,4994.893298,5143.937791,2.8975
2024-12-01T09:30:00+00:00,4994.893298,5143.937791,2.8975
2024-12-01T09:45:00+00:00,4994.893298,5143.937791,2.8975
2024-12-01T10:00:00+00:00,4994.893298,5143.937791,2.8975
2024-12-01T10:15:00+00:00,4994.893298,5143.937791,2.8975
2024-12-01T10:30:00+00:00,4994.893298,5143.937791,2.8975
2024-12-01T10:45:00+00:00,4994.893298,5143.937791,2.8975
2024-12-01T11:00:00+00:00,4994.893298,5143.937791,2.8975
2024-12-01T11:15:00+00:00,4994.893298,5143.937791,2.8975
2024-12-01T11:30:00+00:00,4994.893298,5143.937791,2.8975
2024-12-01T11:45:00+00:00,4994.893298,5143.937791,2.8975
2024-12-01T12:00:00+00:00,4994.893298,5143.937791,2.8975
2024-12-01T12:15:00+00:00,4994.893298,5143.937791,2.8975
2024-12-01T12:30:00+00:00,4994.893298,5143.937791,2.8975
2024-12-01T12:45:00+00:00,4994.893298,5143.937791,2.8975
2024-12-01T13:00:00+00:00,4994.893298,5143.937791,2.8975
2024-12-01T13:15:00+00:00,4994.893298,5143.937791,2.8975
2024-12-01T13:30:00+00:00,4994.893298,5143.937791,2.8975
2024-12-01T13:45:00+00:00,4994.893298,5143.937791,2.8975
2024-12-01T14:00:00+00:00,4994.893298,5143.937791,2.8975
2024-12-01T14:15:00+00:00,4994.893298,5143.937791,2.8975
2024-12-01T14:30:00+00:00,4994.893298,5143.937791,2.8975
2024-12-01T14:45:00+00:00,4994.893298,5143.937791,2.8975
2024-12-01T15:00:00+00:00,4994.893298,5143.937791,2.8975
2024-12-01T15:15:00+00:00,4994.893298,5143.937791,2.8975
2024-12-01T15:30:00+00:00,4994.893298,5143.937791,2.8975
2024-12-01T15:45:00+00:00,4994.893298,5143.937791,2.8975
2024-12-01T16:00:00+00:00,4994.893298,5143.937791,2.8975
2024-12-01T16:15:00+00:00,4994.893298,5143.937791,2.8975
2024-12-01T16:30:00+00:00,4994.893298,5143.937791,2.8975
2024-12-01T16:45:00+00:00,4994.893298,5143.937791,2.8975
2024-12-01T17:00:00+00:00,4994.893298,5143.937791,2.8975
2024-12-01T17:15:00+00:00,4994.893298,5143.937791,2.8975
2024-12-01T17:30:00+00:00,4994.893298,5143.937791,2.8975
2024-12-01T17:45:00+00:00,4994.893298,5143.937791,2.8975
2024-12-01T18:00:00+00:00,4994.893298,5143.937791,2.8975
2024-12-01T18:15:00+00:00,4994.893298,5143.937791,2.8975
2024-12-01T18:30:00+00:00,4994.893298,5143.937791,2.8975
2024-12-01T18:45:00+00:00,4994.893298,5143.937791,2.8975
2024-12-01T19:00:00+00:00,4994.893298,5143.937791,2.8975
2024-12-01T19:15:00+00:00,4994.893298,5143.937791,2.8975
2024-12-01T19:30:00+00:00,4994.893298,5143.937791,2.8975
2024-12-01T19:45:00+00:00,4994.893298,5143.937791,2.8975
2024-12-01T20:00:00+00:00,4994.893298,5143.937791,2.8975
2024-12-01T20:15:00+00:00,4994.893298,5143.937791,2.8975
2024-12-01T20:30:00+00:00,4994.893298,5143.937791,2.8975
2024-12-01T20:45:00+00:00,4994.893298,5143.937791,2.8975
2024-12-01T21:00:00+00:00,4994.893298,5143.937791,2.8975
2024-12-01T21:15:00+00:00,4994.893298,5143.937791,2.8975
2024-12-01T21:30:00+00:00,4994.893298,5143.937791,2.8975
2024-12-01T21:45:00+00:00,4994.893298,5143.937791,2.8975
2024-12-01T22:00:00+00:00,4994.893298,5143.937791,2.8975
2024-12-01T22:15:00+00:00,4994.893298,5143.937791,2.8975
2024-12-01T22:30:00+00:00,4994.893298,5143.937791,2.8975
2024-12-01T22:45:00+00:00,4994.893298,5143.937791,2.8975
2024-12-01T23:00:00+00:00,4994.893298,5143.937791,2.8975
2024-12-01T23:15:00+00:00,4994.893298,5143.937791,2.8975
2024-12-01T23:30:00+00:00,4994.893298,5143.937791,2.8975
2024-12-01T23:45:00+00:00,4994.893298,5143.937791,2.8975
2024-12-02T00:00:00+00:00,4994.893298,5143.937791,2.8975
2024-12-02T00:15:00+00:00,4994.893298,5143.937791,2.8975
2024-12-02T00:30:00+00:00,4994.893298,5143.937791,2.8975
2024-12-02T00:45:00+00:00,4994.893298,5143.937791,2.8975
2024-12-02T01:00:00+00:00,4994.893298,5143.937791,2.8975
2024-12-02T01:15:00+00:00,4994.893298,5143.937791,2.8975
2024-12-02T01:30:00+00:00,4994.893298,5143.937791,2.8975
2024-12-02T01:45:00+00:00,4994.893298,5143.937791,2.8975
2024-12-02T02:00:00+00:00,4994.893298,5143.937791,2.8975
2024-12-02T02:15:00+00:00,4994.893298,5143.937791,2.8975
2024-12-02T02:30:00+00:00,4994.893298,5143.937791,2.8975
2024-12-02T02:45:00+00:00,4994.893298,5143.937791,2.8975
2024-12-02T03:00:00+00:00,4994.893298,5143.937791,2.8975
2024-12-02T03:15:00+00:00,4994.893298,5143.937791,2.8975
2024-12-02T03:30:00+00:00,4994.893298,5143.937791,2.8975
2024-12-02T03:45:00+00:00,4994.893298,5143.937791,2.8975
2024-12-02T03:46:00+00:00,4994.893298,5143.937791,2.8975
2024-12-02T03:47:00+00:00,4987.571540,5143.937791,3.0398
2024-12-02T03:48:00+00:00,4983.763855,5143.937791,3.1138
2024-12-02T03:49:00+00:00,4983.763855,5143.937791,3.1138
2024-12-02T03:50:00+00:00,4979.126761,5143.937791,3.2040
2024-12-02T03:51:00+00:00,4967.039910,5143.937791,3.4390
2024-12-02T03:52:00+00:00,4964.049872,5143.937791,3.4971
2024-12-02T03:53:00+00:00,4962.402817,5143.937791,3.5291
2024-12-02T03:54:00+00:00,4959.260742,5143.937791,3.5902
2024-12-02T03:55:00+00:00,4947.858052,5143.937791,3.8119
2024-12-02T03:56:00+00:00,4947.858052,5143.937791,3.8119
2024-12-02T03:57:00+00:00,4920.055883,5143.937791,4.3523
2024-12-02T04:00:00+00:00,4920.055883,5143.937791,4.3523
2024-12-02T04:15:00+00:00,4920.055883,5143.937791,4.3523
2024-12-02T04:30:00+00:00,4920.055883,5143.937791,4.3523
2024-12-02T04:45:00+00:00,4920.055883,5143.937791,4.3523
2024-12-02T05:00:00+00:00,4920.055883,5143.937791,4.3523
2024-12-02T05:15:00+00:00,4920.055883,5143.937791,4.3523
2024-12-02T05:30:00+00:00,4920.055883,5143.937791,4.3523
2024-12-02T05:45:00+00:00,4920.055883,5143.937791,4.3523
2024-12-02T06:00:00+00:00,4920.055883,5143.937791,4.3523
2024-12-02T06:15:00+00:00,4920.055883,5143.937791,4.3523
2024-12-02T06:30:00+00:00,4920.055883,5143.937791,4.3523
2024-12-02T06:45:00+00:00,4920.055883,5143.937791,4.3523
2024-12-02T07:00:00+00:00,4920.055883,5143.937791,4.3523
2024-12-02T07:15:00+00:00,4920.055883,5143.937791,4.3523
2024-12-02T07:30:00+00:00,4920.055883,5143.937791,4.3523
2024-12-02T07:45:00+00:00,4920.055883,5143.937791,4.3523
2024-12-02T08:00:00+00:00,4920.055883,5143.937791,4.3523
2024-12-02T08:15:00+00:00,4920.055883,5143.937791,4.3523
2024-12-02T08:30:00+00:00,4920.055883,5143.937791,4.3523
2024-12-02T08:45:00+00:00,4920.055883,5143.937791,4.3523
2024-12-02T09:00:00+00:00,4920.055883,5143.937791,4.3523
2024-12-02T09:15:00+00:00,4920.055883,5143.937791,4.3523
2024-12-02T09:30:00+00:00,4920.055883,5143.937791,4.3523
2024-12-02T09:45:00+00:00,4920.055883,5143.937791,4.3523
2024-12-02T10:00:00+00:00,4920.055883,5143.937791,4.3523
2024-12-02T10:15:00+00:00,4920.055883,5143.937791,4.3523
2024-12-02T10:30:00+00:00,4920.055883,5143.937791,4.3523
2024-12-02T10:45:00+00:00,4920.055883,5143.937791,4.3523
2024-12-02T11:00:00+00:00,4920.055883,5143.937791,4.3523
2024-12-02T11:15:00+00:00,4920.055883,5143.937791,4.3523
2024-12-02T11:30:00+00:00,4920.055883,5143.937791,4.3523
2024-12-02T11:45:00+00:00,4920.055883,5143.937791,4.3523
2024-12-02T12:00:00+00:00,4920.055883,5143.937791,4.3523
2024-12-02T12:15:00+00:00,4920.055883,5143.937791,4.3523
2024-12-02T12:30:00+00:00,4920.055883,5143.937791,4.3523
2024-12-02T12:45:00+00:00,4920.055883,5143.937791,4.3523
2024-12-02T13:00:00+00:00,4920.055883,5143.937791,4.3523
2024-12-02T13:15:00+00:00,4920.055883,5143.937791,4.3523
2024-12-02T13:30:00+00:00,4920.055883,5143.937791,4.3523
2024-12-02T13:45:00+00:00,4920.055883,5143.937791,4.3523
2024-12-02T14:00:00+00:00,4920.055883,5143.937791,4.3523
2024-12-02T14:15:00+00:00,4920.055883,5143.937791,4.3523
2024-12-02T14:30:00+00:00,4920.055883,5143.937791,4.3523
2024-12-02T14:45:00+00:00,4920.055883,5143.937791,4.3523
2024-12-02T15:00:00+00:00,4920.055883,5143.937791,4.3523
2024-12-02T15:15:00+00:00,4920.055883,5143.937791,4.3523
2024-12-02T15:30:00+00:00,4920.055883,5143.937791,4.3523
2024-12-02T15:45:00+00:00,4920.055883,5143.937791,4.3523
2024-12-02T16:00:00+00:00,4920.055883,5143.937791,4.3523
2024-12-02T16:15:00+00:00,4920.055883,5143.937791,4.3523
2024-12-02T16:30:00+00:00,4920.055883,5143.937791,4.3523
2024-12-02T16:45:00+00:00,4920.055883,5143.937791,4.3523
2024-12-02T17:00:00+00:00,4920.055883,5143.937791,4.3523
2024-12-02T17:15:00+00:00,4920.055883,5143.937791,4.3523
2024-12-02T17:30:00+00:00,4920.055883,5143.937791,4.3523
2024-12-02T17:45:00+00:00,4920.055883,5143.937791,4.3523
2024-12-02T18:00:00+00:00,4920.055883,5143.937791,4.3523
2024-12-02T18:15:00+00:00,4920.055883,5143.937791,4.3523
2024-12-02T18:30:00+00:00,4920.055883,5143.937791,4.3523
2024-12-02T18:45:00+00:00,4920.055883,5143.937791,4.3523
2024-12-02T19:00:00+00:00,4920.055883,5143.937791,4.3523
2024-12-02T19:15:00+00:00,4920.055883,5143.937791,4.3523
2024-12-02T19:30:00+00:00,4920.055883,5143.937791,4.3523
2024-12-02T19:45:00+00:00,4920.055883,5143.937791,4.3523
2024-12-02T20:00:00+00:00,4920.055883,5143.937791,4.3523
2024-12-02T20:15:00+00:00,4920.055883,5143.937791,4.3523
2024-12-02T20:30:00+00:00,4920.055883,5143.937791,4.3523
2024-12-02T20:45:00+00:00,4920.055883,5143.937791,4.3523
2024-12-02T21:00:00+00:00,4920.055883,5143.937791,4.3523
2024-12-02T21:15:00+00:00,4920.055883,5143.937791,4.3523
2024-12-02T21:30:00+00:00,4920.055883,5143.937791,4.3523
2024-12-02T21:45:00+00:00,4920.055883,5143.937791,4.3523
2024-12-02T22:00:00+00:00,4920.055883,5143.937791,4.3523
2024-12-02T22:15:00+00:00,4920.055883,5143.937791,4.3523
2024-12-02T22:30:00+00:00,4920.055883,5143.937791,4.3523
2024-12-02T22:45:00+00:00,4920.055883,5143.937791,4.3523
2024-12-02T23:00:00+00:00,4920.055883,5143.937791,4.3523
2024-12-02T23:15:00+00:00,4920.055883,5143.937791,4.3523
2024-12-02T23:30:00+00:00,4920.055883,5143.937791,4.3523
2024-12-02T23:45:00+00:00,4920.055883,5143.937791,4.3523
2024-12-03T00:00:00+00:00,4920.055883,5143.937791,4.3523
2024-12-03T00:15:00+00:00,4920.055883,5143.937791,4.3523
2024-12-03T00:30:00+00:00,4920.055883,5143.937791,4.3523
2024-12-03T00:45:00+00:00,4920.055883,5143.937791,4.3523
2024-12-03T01:00:00+00:00,4920.055883,5143.937791,4.3523
2024-12-03T01:15:00+00:00,4920.055883,5143.937791,4.3523
2024-12-03T01:30:00+00:00,4920.055883,5143.937791,4.3523
2024-12-03T01:45:00+00:00,4920.055883,5143.937791,4.3523
2024-12-03T02:00:00+00:00,4920.055883,5143.937791,4.3523
2024-12-03T02:15:00+00:00,4920.055883,5143.937791,4.3523
2024-12-03T02:30:00+00:00,4920.055883,5143.937791,4.3523
2024-12-03T02:45:00+00:00,4920.055883,5143.937791,4.3523
2024-12-03T03:00:00+00:00,4920.055883,5143.937791,4.3523
2024-12-03T03:15:00+00:00,4920.055883,5143.937791,4.3523
2024-12-03T03:30:00+00:00,4920.055883,5143.937791,4.3523
2024-12-03T03:45:00+00:00,4920.055883,5143.937791,4.3523
2024-12-03T04:00:00+00:00,4920.055883,5143.937791,4.3523
2024-12-03T04:15:00+00:00,4920.055883,5143.937791,4.3523
2024-12-03T04:30:00+00:00,4920.055883,5143.937791,4.3523
2024-12-03T04:45:00+00:00,4920.055883,5143.937791,4.3523
2024-12-03T05:00:00+00:00,4920.055883,5143.937791,4.3523
2024-12-03T05:15:00+00:00,4920.055883,5143.937791,4.3523
2024-12-03T05:30:00+00:00,4920.055883,5143.937791,4.3523
2024-12-03T05:45:00+00:00,4920.055883,5143.937791,4.3523
2024-12-03T06:00:00+00:00,4920.055883,5143.937791,4.3523
2024-12-03T06:15:00+00:00,4920.055883,5143.937791,4.3523
2024-12-03T06:30:00+00:00,4920.055883,5143.937791,4.3523
2024-12-03T06:45:00+00:00,4920.055883,5143.937791,4.3523
2024-12-03T07:00:00+00:00,4920.055883,5143.937791,4.3523
2024-12-03T07:15:00+00:00,4920.055883,5143.937791,4.3523
2024-12-03T07:30:00+00:00,4920.055883,5143.937791,4.3523
2024-12-03T07:45:00+00:00,4920.055883,5143.937791,4.3523
2024-12-03T08:00:00+00:00,4920.055883,5143.937791,4.3523
2024-12-03T08:15:00+00:00,4920.055883,5143.937791,4.3523
2024-12-03T08:30:00+00:00,4920.055883,5143.937791,4.3523
2024-12-03T08:45:00+00:00,4920.055883,5143.937791,4.3523
2024-12-03T09:00:00+00:00,4920.055883,5143.937791,4.3523
2024-12-03T09:15:00+00:00,4920.055883,5143.937791,4.3523
2024-12-03T09:30:00+00:00,4920.055883,5143.937791,4.3523
2024-12-03T09:45:00+00:00,4920.055883,5143.937791,4.3523
2024-12-03T10:00:00+00:00,4920.055883,5143.937791,4.3523
2024-12-03T10:15:00+00:00,4920.055883,5143.937791,4.3523
2024-12-03T10:30:00+00:00,4920.055883,5143.937791,4.3523
2024-12-03T10:45:00+00:00,4920.055883,5143.937791,4.3523
2024-12-03T11:00:00+00:00,4920.055883,5143.937791,4.3523
2024-12-03T11:15:00+00:00,4920.055883,5143.937791,4.3523
2024-12-03T11:30:00+00:00,4920.055883,5143.937791,4.3523
2024-12-03T11:45:00+00:00,4920.055883,5143.937791,4.3523
2024-12-03T12:00:00+00:00,4920.055883,5143.937791,4.3523
2024-12-03T12:15:00+00:00,4920.055883,5143.937791,4.3523
2024-12-03T12:30:00+00:00,4920.055883,5143.937791,4.3523
2024-12-03T12:45:00+00:00,4920.055883,5143.937791,4.3523
2024-12-03T13:00:00+00:00,4920.055883,5143.937791,4.3523
2024-12-03T13:15:00+00:00,4920.055883,5143.937791,4.3523
2024-12-03T13:30:00+00:00,4920.055883,5143.937791,4.3523
2024-12-03T13:45:00+00:00,4920.055883,5143.937791,4.3523
2024-12-03T14:00:00+00:00,4920.055883,5143.937791,4.3523
2024-12-03T14:15:00+00:00,4920.055883,5143.937791,4.3523
2024-12-03T14:30:00+00:00,4920.055883,5143.937791,4.3523
2024-12-03T14:45:00+00:00,4920.055883,5143.937791,4.3523
2024-12-03T15:00:00+00:00,4920.055883,5143.937791,4.3523
2024-12-03T15:15:00+00:00,4920.055883,5143.937791,4.3523
2024-12-03T15:30:00+00:00,4920.055883,5143.937791,4.3523
2024-12-03T15:45:00+00:00,4920.055883,5143.937791,4.3523
2024-12-03T16:00:00+00:00,4920.055883,5143.937791,4.3523
2024-12-03T16:15:00+00:00,4920.055883,5143.937791,4.3523
2024-12-03T16:30:00+00:00,4920.055883,5143.937791,4.3523
2024-12-03T16:45:00+00:00,4920.055883,5143.937791,4.3523
2024-12-03T17:00:00+00:00,4920.055883,5143.937791,4.3523
2024-12-03T17:15:00+00:00,4920.055883,5143.937791,4.3523
2024-12-03T17:30:00+00:00,4920.055883,5143.937791,4.3523
2024-12-03T17:45:00+00:00,4920.055883,5143.937791,4.3523
2024-12-03T18:00:00+00:00,4920.055883,5143.937791,4.3523
2024-12-03T18:15:00+00:00,4920.055883,5143.937791,4.3523
2024-12-03T18:30:00+00:00,4920.055883,5143.937791,4.3523
2024-12-03T18:45:00+00:00,4920.055883,5143.937791,4.3523
2024-12-03T19:00:00+00:00,4920.055883,5143.937791,4.3523
2024-12-03T19:15:00+00:00,4920.055883,5143.937791,4.3523
2024-12-03T19:30:00+00:00,4920.055883,5143.937791,4.3523
2024-12-03T19:45:00+00:00,4920.055883,5143.937791,4.3523
2024-12-03T20:00:00+00:00,4920.055883,5143.937791,4.3523
2024-12-03T20:15:00+00:00,4920.055883,5143.937791,4.3523
2024-12-03T20:30:00+00:00,4920.055883,5143.937791,4.3523
2024-12-03T20:45:00+00:00,4920.055883,5143.937791,4.3523
2024-12-03T21:00:00+00:00,4920.055883,5143.937791,4.3523
2024-12-03T21:15:00+00:00,4920.055883,5143.937791,4.3523
2024-12-03T21:30:00+00:00,4920.055883,5143.937791,4.3523
2024-12-03T21:45:00+00:00,4920.055883,5143.937791,4.3523
2024-12-03T22:00:00+00:00,4920.055883,5143.937791,4.3523
2024-12-03T22:15:00+00:00,4920.055883,5143.937791,4.3523
2024-12-03T22:30:00+00:00,4920.055883,5143.937791,4.3523
2024-12-03T22:45:00+00:00,4920.055883,5143.937791,4.3523
2024-12-03T23:00:00+00:00,4920.055883,5143.937791,4.3523
2024-12-03T23:15:00+00:00,4920.055883,5143.937791,4.3523
2024-12-03T23:30:00+00:00,4920.055883,5143.937791,4.3523
2024-12-03T23:45:00+00:00,4920.055883,5143.937791,4.3523
2024-12-04T00:00:00+00:00,4920.055883,5143.937791,4.3523
2024-12-04T00:15:00+00:00,4920.055883,5143.937791,4.3523
2024-12-04T00:30:00+00:00,4920.055883,5143.937791,4.3523
2024-12-04T00:45:00+00:00,4920.055883,5143.937791,4.3523
2024-12-04T01:00:00+00:00,4920.055883,5143.937791,4.3523
2024-12-04T01:15:00+00:00,4920.055883,5143.937791,4.3523
2024-12-04T01:30:00+00:00,4920.055883,5143.937791,4.3523
2024-12-04T01:45:00+00:00,4920.055883,5143.937791,4.3523
2024-12-04T02:00:00+00:00,4920.055883,5143.937791,4.3523
2024-12-04T02:15:00+00:00,4920.055883,5143.937791,4.3523
2024-12-04T02:30:00+00:00,4920.055883,5143.937791,4.3523
2024-12-04T02:45:00+00:00,4920.055883,5143.937791,4.3523
2024-12-04T03:00:00+00:00,4920.055883,5143.937791,4.3523
2024-12-04T03:15:00+00:00,4920.055883,5143.937791,4.3523
2024-12-04T03:30:00+00:00,4920.055883,5143.937791,4.3523
2024-12-04T03:45:00+00:00,4920.055883,5143.937791,4.3523
2024-12-04T04:00:00+00:00,4920.055883,5143.937791,4.3523
2024-12-04T04:15:00+00:00,4920.055883,5143.937791,4.3523
2024-12-04T04:30:00+00:00,4920.055883,5143.937791,4.3523
2024-12-04T04:45:00+00:00,4920.055883,5143.937791,4.3523
2024-12-04T05:00:00+00:00,4920.055883,5143.937791,4.3523
2024-12-04T05:15:00+00:00,4920.055883,5143.937791,4.3523
2024-12-04T05:30:00+00:00,4920.055883,5143.937791,4.3523
2024-12-04T05:45:00+00:00,4920.055883,5143.937791,4.3523
2024-12-04T06:00:00+00:00,4920.055883,5143.937791,4.3523
2024-12-04T06:15:00+00:00,4920.055883,5143.937791,4.3523
2024-12-04T06:30:00+00:00,4920.055883,5143.937791,4.3523
2024-12-04T06:45:00+00:00,4920.055883,5143.937791,4.3523
2024-12-04T07:00:00+00:00,4920.055883,5143.937791,4.3523
2024-12-04T07:15:00+00:00,4920.055883,5143.937791,4.3523
2024-12-04T07:30:00+00:00,4920.055883,5143.937791,4.3523
2024-12-04T07:45:00+00:00,4920.055883,5143.937791,4.3523
2024-12-04T08:00:00+00:00,4920.055883,5143.937791,4.3523
2024-12-04T08:15:00+00:00,4920.055883,5143.937791,4.3523
2024-12-04T08:30:00+00:00,4920.055883,5143.937791,4.3523
2024-12-04T08:45:00+00:00,4920.055883,5143.937791,4.3523
2024-12-04T09:00:00+00:00,4920.055883,5143.937791,4.3523
2024-12-04T09:15:00+00:00,4920.055883,5143.937791,4.3523
2024-12-04T09:30:00+00:00,4920.055883,5143.937791,4.3523
2024-12-04T09:45:00+00:00,4920.055883,5143.937791,4.3523
2024-12-04T10:00:00+00:00,4920.055883,5143.937791,4.3523
2024-12-04T10:15:00+00:00,4920.055883,5143.937791,4.3523
2024-12-04T10:30:00+00:00,4920.055883,5143.937791,4.3523
2024-12-04T10:45:00+00:00,4920.055883,5143.937791,4.3523
2024-12-04T11:00:00+00:00,4920.055883,5143.937791,4.3523
2024-12-04T11:15:00+00:00,4920.055883,5143.937791,4.3523
2024-12-04T11:30:00+00:00,4920.055883,5143.937791,4.3523
2024-12-04T11:45:00+00:00,4920.055883,5143.937791,4.3523
2024-12-04T12:00:00+00:00,4920.055883,5143.937791,4.3523
2024-12-04T12:15:00+00:00,4920.055883,5143.937791,4.3523
2024-12-04T12:30:00+00:00,4920.055883,5143.937791,4.3523
2024-12-04T12:45:00+00:00,4920.055883,5143.937791,4.3523
2024-12-04T13:00:00+00:00,4920.055883,5143.937791,4.3523
2024-12-04T13:15:00+00:00,4920.055883,5143.937791,4.3523
2024-12-04T13:30:00+00:00,4920.055883,5143.937791,4.3523
2024-12-04T13:45:00+00:00,4920.055883,5143.937791,4.3523
2024-12-04T14:00:00+00:00,4920.055883,5143.937791,4.3523
2024-12-04T14:15:00+00:00,4920.055883,5143.937791,4.3523
2024-12-04T14:30:00+00:00,4920.055883,5143.937791,4.3523
2024-12-04T14:45:00+00:00,4920.055883,5143.937791,4.3523
2024-12-04T15:00:00+00:00,4920.055883,5143.937791,4.3523
2024-12-04T15:15:00+00:00,4920.055883,5143.937791,4.3523
2024-12-04T15:30:00+00:00,4920.055883,5143.937791,4.3523
2024-12-04T15:45:00+00:00,4920.055883,5143.937791,4.3523
2024-12-04T16:00:00+00:00,4920.055883,5143.937791,4.3523
2024-12-04T16:15:00+00:00,4920.055883,5143.937791,4.3523
2024-12-04T16:30:00+00:00,4920.055883,5143.937791,4.3523
2024-12-04T16:45:00+00:00,4920.055883,5143.937791,4.3523
2024-12-04T17:00:00+00:00,4920.055883,5143.937791,4.3523
2024-12-04T17:15:00+00:00,4920.055883,5143.937791,4.3523
2024-12-04T17:30:00+00:00,4920.055883,5143.937791,4.3523
2024-12-04T17:45:00+00:00,4920.055883,5143.937791,4.3523
2024-12-04T18:00:00+00:00,4920.055883,5143.937791,4.3523
2024-12-04T18:15:00+00:00,4920.055883,5143.937791,4.3523
2024-12-04T18:30:00+00:00,4920.055883,5143.937791,4.3523
2024-12-04T18:45:00+00:00,4920.055883,5143.937791,4.3523
2024-12-04T19:00:00+00:00,4920.055883,5143.937791,4.3523
2024-12-04T19:15:00+00:00,4920.055883,5143.937791,4.3523
2024-12-04T19:30:00+00:00,4920.055883,5143.937791,4.3523
2024-12-04T19:45:00+00:00,4920.055883,5143.937791,4.3523
2024-12-04T20:00:00+00:00,4920.055883,5143.937791,4.3523
2024-12-04T20:15:00+00:00,4920.055883,5143.937791,4.3523
2024-12-04T20:30:00+00:00,4920.055883,5143.937791,4.3523
2024-12-04T20:45:00+00:00,4920.055883,5143.937791,4.3523
2024-12-04T21:00:00+00:00,4920.055883,5143.937791,4.3523
2024-12-04T21:15:00+00:00,4920.055883,5143.937791,4.3523
2024-12-04T21:30:00+00:00,4920.055883,5143.937791,4.3523
2024-12-04T21:45:00+00:00,4920.055883,5143.937791,4.3523
2024-12-04T22:00:00+00:00,4920.055883,5143.937791,4.3523
2024-12-04T22:15:00+00:00,4920.055883,5143.937791,4.3523
2024-12-04T22:30:00+00:00,4920.055883,5143.937791,4.3523
2024-12-04T22:45:00+00:00,4920.055883,5143.937791,4.3523
2024-12-04T23:00:00+00:00,4920.055883,5143.937791,4.3523
2024-12-04T23:15:00+00:00,4920.055883,5143.937791,4.3523
2024-12-04T23:30:00+00:00,4920.055883,5143.937791,4.3523
2024-12-04T23:45:00+00:00,4920.055883,5143.937791,4.3523
2024-12-05T00:00:00+00:00,4920.055883,5143.937791,4.3523
2024-12-05T00:15:00+00:00,4920.055883,5143.937791,4.3523
2024-12-05T00:30:00+00:00,4920.055883,5143.937791,4.3523
2024-12-05T00:45:00+00:00,4920.055883,5143.937791,4.3523
2024-12-05T01:00:00+00:00,4920.055883,5143.937791,4.3523
2024-12-05T01:15:00+00:00,4920.055883,5143.937791,4.3523
2024-12-05T01:30:00+00:00,4920.055883,5143.937791,4.3523
2024-12-05T01:45:00+00:00,4920.055883,5143.937791,4.3523
2024-12-05T02:00:00+00:00,4920.055883,5143.937791,4.3523
2024-12-05T02:15:00+00:00,4920.055883,5143.937791,4.3523
2024-12-05T02:30:00+00:00,4920.055883,5143.937791,4.3523
2024-12-05T02:45:00+00:00,4920.055883,5143.937791,4.3523
2024-12-05T03:00:00+00:00,4920.055883,5143.937791,4.3523
2024-12-05T03:15:00+00:00,4920.055883,5143.937791,4.3523
2024-12-05T03:30:00+00:00,4920.055883,5143.937791,4.3523
2024-12-05T03:45:00+00:00,4920.055883,5143.937791,4.3523
2024-12-05T04:00:00+00:00,4920.055883,5143.937791,4.3523
2024-12-05T04:15:00+00:00,4920.055883,5143.937791,4.3523
2024-12-05T04:30:00+00:00,4920.055883,5143.937791,4.3523
2024-12-05T04:45:00+00:00,4920.055883,5143.937791,4.3523
2024-12-05T05:00:00+00:00,4920.055883,5143.937791,4.3523
2024-12-05T05:15:00+00:00,4920.055883,5143.937791,4.3523
2024-12-05T05:30:00+00:00,4920.055883,5143.937791,4.3523
2024-12-05T05:45:00+00:00,4920.055883,5143.937791,4.3523
2024-12-05T06:00:00+00:00,4920.055883,5143.937791,4.3523
2024-12-05T06:15:00+00:00,4920.055883,5143.937791,4.3523
2024-12-05T06:30:00+00:00,4920.055883,5143.937791,4.3523
2024-12-05T06:45:00+00:00,4920.055883,5143.937791,4.3523
2024-12-05T07:00:00+00:00,4920.055883,5143.937791,4.3523
2024-12-05T07:15:00+00:00,4920.055883,5143.937791,4.3523
2024-12-05T07:30:00+00:00,4920.055883,5143.937791,4.3523
2024-12-05T07:45:00+00:00,4920.055883,5143.937791,4.3523
2024-12-05T08:00:00+00:00,4920.055883,5143.937791,4.3523
2024-12-05T08:15:00+00:00,4920.055883,5143.937791,4.3523
2024-12-05T08:30:00+00:00,4920.055883,5143.937791,4.3523
2024-12-05T08:45:00+00:00,4920.055883,5143.937791,4.3523
2024-12-05T09:00:00+00:00,4920.055883,5143.937791,4.3523
2024-12-05T09:15:00+00:00,4920.055883,5143.937791,4.3523
2024-12-05T09:30:00+00:00,4920.055883,5143.937791,4.3523
2024-12-05T09:45:00+00:00,4920.055883,5143.937791,4.3523
2024-12-05T10:00:00+00:00,4920.055883,5143.937791,4.3523
2024-12-05T10:15:00+00:00,4920.055883,5143.937791,4.3523
2024-12-05T10:30:00+00:00,4920.055883,5143.937791,4.3523
2024-12-05T10:45:00+00:00,4920.055883,5143.937791,4.3523
2024-12-05T11:00:00+00:00,4920.055883,5143.937791,4.3523
2024-12-05T11:15:00+00:00,4920.055883,5143.937791,4.3523
2024-12-05T11:30:00+00:00,4920.055883,5143.937791,4.3523
2024-12-05T11:45:00+00:00,4920.055883,5143.937791,4.3523
2024-12-05T12:00:00+00:00,4920.055883,5143.937791,4.3523
2024-12-05T12:15:00+00:00,4920.055883,5143.937791,4.3523
2024-12-05T12:30:00+00:00,4920.055883,5143.937791,4.3523
2024-12-05T12:45:00+00:00,4920.055883,5143.937791,4.3523
2024-12-05T13:00:00+00:00,4920.055883,5143.937791,4.3523
2024-12-05T13:15:00+00:00,4920.055883,5143.937791,4.3523
2024-12-05T13:30:00+00:00,4920.055883,5143.937791,4.3523
2024-12-05T13:45:00+00:00,4920.055883,5143.937791,4.3523
2024-12-05T14:00:00+00:00,4920.055883,5143.937791,4.3523
2024-12-05T14:15:00+00:00,4920.055883,5143.937791,4.3523
2024-12-05T14:30:00+00:00,4920.055883,5143.937791,4.3523
2024-12-05T14:45:00+00:00,4920.055883,5143.937791,4.3523
2024-12-05T15:00:00+00:00,4920.055883,5143.937791,4.3523
2024-12-05T15:15:00+00:00,4920.055883,5143.937791,4.3523
2024-12-05T15:30:00+00:00,4920.055883,5143.937791,4.3523
2024-12-05T15:45:00+00:00,4920.055883,5143.937791,4.3523
2024-12-05T16:00:00+00:00,4920.055883,5143.937791,4.3523
2024-12-05T16:15:00+00:00,4920.055883,5143.937791,4.3523
2024-12-05T16:30:00+00:00,4920.055883,5143.937791,4.3523
2024-12-05T16:45:00+00:00,4920.055883,5143.937791,4.3523
2024-12-05T17:00:00+00:00,4920.055883,5143.937791,4.3523
2024-12-05T17:15:00+00:00,4920.055883,5143.937791,4.3523
2024-12-05T17:30:00+00:00,4920.055883,5143.937791,4.3523
2024-12-05T17:45:00+00:00,4920.055883,5143.937791,4.3523
2024-12-05T18:00:00+00:00,4920.055883,5143.937791,4.3523
2024-12-05T18:15:00+00:00,4920.055883,5143.937791,4.3523
2024-12-05T18:30:00+00:00,4920.055883,5143.937791,4.3523
2024-12-05T18:45:00+00:00,4920.055883,5143.937791,4.3523
2024-12-05T19:00:00+00:00,4920.055883,5143.937791,4.3523
2024-12-05T19:15:00+00:00,4920.055883,5143.937791,4.3523
2024-12-05T19:30:00+00:00,4920.055883,5143.937791,4.3523
2024-12-05T19:45:00+00:00,4920.055883,5143.937791,4.3523
2024-12-05T20:00:00+00:00,4920.055883,5143.937791,4.3523
2024-12-05T20:15:00+00:00,4920.055883,5143.937791,4.3523
2024-12-05T20:30:00+00:00,4920.055883,5143.937791,4.3523
2024-12-05T20:45:00+00:00,4920.055883,5143.937791,4.3523
2024-12-05T21:00:00+00:00,4920.055883,5143.937791,4.3523
2024-12-05T21:15:00+00:00,4920.055883,5143.937791,4.3523
2024-12-05T21:30:00+00:00,4920.055883,5143.937791,4.3523
2024-12-05T21:45:00+00:00,4920.055883,5143.937791,4.3523
2024-12-05T22:00:00+00:00,4920.055883,5143.937791,4.3523
2024-12-05T22:15:00+00:00,4920.055883,5143.937791,4.3523
2024-12-05T22:30:00+00:00,4920.055883,5143.937791,4.3523
2024-12-05T22:45:00+00:00,4920.055883,5143.937791,4.3523
2024-12-05T23:00:00+00:00,4920.055883,5143.937791,4.3523
2024-12-05T23:15:00+00:00,4920.055883,5143.937791,4.3523
2024-12-05T23:30:00+00:00,4920.055883,5143.937791,4.3523
2024-12-05T23:45:00+00:00,4920.055883,5143.937791,4.3523
2024-12-06T00:00:00+00:00,4920.055883,5143.937791,4.3523
2024-12-06T00:15:00+00:00,4920.055883,5143.937791,4.3523
2024-12-06T00:30:00+00:00,4920.055883,5143.937791,4.3523
2024-12-06T00:45:00+00:00,4920.055883,5143.937791,4.3523
2024-12-06T01:00:00+00:00,4920.055883,5143.937791,4.3523
2024-12-06T01:15:00+00:00,4920.055883,5143.937791,4.3523
2024-12-06T01:30:00+00:00,4920.055883,5143.937791,4.3523
2024-12-06T01:45:00+00:00,4920.055883,5143.937791,4.3523
2024-12-06T02:00:00+00:00,4920.055883,5143.937791,4.3523
2024-12-06T02:15:00+00:00,4920.055883,5143.937791,4.3523
2024-12-06T02:30:00+00:00,4920.055883,5143.937791,4.3523
2024-12-06T02:45:00+00:00,4920.055883,5143.937791,4.3523
2024-12-06T03:00:00+00:00,4920.055883,5143.937791,4.3523
2024-12-06T03:15:00+00:00,4920.055883,5143.937791,4.3523
2024-12-06T03:30:00+00:00,4920.055883,5143.937791,4.3523
2024-12-06T03:45:00+00:00,4920.055883,5143.937791,4.3523
2024-12-06T04:00:00+00:00,4920.055883,5143.937791,4.3523
2024-12-06T04:15:00+00:00,4920.055883,5143.937791,4.3523
2024-12-06T04:30:00+00:00,4920.055883,5143.937791,4.3523
2024-12-06T04:45:00+00:00,4920.055883,5143.937791,4.3523
2024-12-06T05:00:00+00:00,4920.055883,5143.937791,4.3523
2024-12-06T05:15:00+00:00,4920.055883,5143.937791,4.3523
2024-12-06T05:30:00+00:00,4920.055883,5143.937791,4.3523
2024-12-06T05:45:00+00:00,4920.055883,5143.937791,4.3523
2024-12-06T06:00:00+00:00,4920.055883,5143.937791,4.3523
2024-12-06T06:15:00+00:00,4920.055883,5143.937791,4.3523
2024-12-06T06:30:00+00:00,4920.055883,5143.937791,4.3523
2024-12-06T06:45:00+00:00,4920.055883,5143.937791,4.3523
2024-12-06T07:00:00+00:00,4920.055883,5143.937791,4.3523
2024-12-06T07:15:00+00:00,4920.055883,5143.937791,4.3523
2024-12-06T07:30:00+00:00,4920.055883,5143.937791,4.3523
2024-12-06T07:45:00+00:00,4920.055883,5143.937791,4.3523
2024-12-06T08:00:00+00:00,4920.055883,5143.937791,4.3523
2024-12-06T08:15:00+00:00,4920.055883,5143.937791,4.3523
2024-12-06T08:30:00+00:00,4920.055883,5143.937791,4.3523
2024-12-06T08:45:00+00:00,4920.055883,5143.937791,4.3523
2024-12-06T09:00:00+00:00,4920.055883,5143.937791,4.3523
2024-12-06T09:15:00+00:00,4920.055883,5143.937791,4.3523
2024-12-06T09:30:00+00:00,4920.055883,5143.937791,4.3523
2024-12-06T09:45:00+00:00,4920.055883,5143.937791,4.3523
2024-12-06T10:00:00+00:00,4920.055883,5143.937791,4.3523
2024-12-06T10:15:00+00:00,4920.055883,5143.937791,4.3523
2024-12-06T10:30:00+00:00,4920.055883,5143.937791,4.3523
2024-12-06T10:45:00+00:00,4920.055883,5143.937791,4.3523
2024-12-06T11:00:00+00:00,4920.055883,5143.937791,4.3523
2024-12-06T11:15:00+00:00,4920.055883,5143.937791,4.3523
2024-12-06T11:30:00+00:00,4920.055883,5143.937791,4.3523
2024-12-06T11:45:00+00:00,4920.055883,5143.937791,4.3523
2024-12-06T12:00:00+00:00,4920.055883,5143.937791,4.3523
2024-12-06T12:15:00+00:00,4920.055883,5143.937791,4.3523
2024-12-06T12:30:00+00:00,4920.055883,5143.937791,4.3523
2024-12-06T12:45:00+00:00,4920.055883,5143.937791,4.3523
2024-12-06T13:00:00+00:00,4920.055883,5143.937791,4.3523
2024-12-06T13:15:00+00:00,4920.055883,5143.937791,4.3523
2024-12-06T13:30:00+00:00,4920.055883,5143.937791,4.3523
2024-12-06T13:45:00+00:00,4920.055883,5143.937791,4.3523
2024-12-06T14:00:00+00:00,4920.055883,5143.937791,4.3523
2024-12-06T14:15:00+00:00,4920.055883,5143.937791,4.3523
2024-12-06T14:30:00+00:00,4920.055883,5143.937791,4.3523
2024-12-06T14:45:00+00:00,4920.055883,5143.937791,4.3523
2024-12-06T15:00:00+00:00,4920.055883,5143.937791,4.3523
2024-12-06T15:15:00+00:00,4920.055883,5143.937791,4.3523
2024-12-06T15:30:00+00:00,4920.055883,5143.937791,4.3523
2024-12-06T15:45:00+00:00,4920.055883,5143.937791,4.3523
2024-12-06T16:00:00+00:00,4920.055883,5143.937791,4.3523
2024-12-06T16:15:00+00:00,4920.055883,5143.937791,4.3523
2024-12-06T16:30:00+00:00,4920.055883,5143.937791,4.3523
2024-12-06T16:45:00+00:00,4920.055883,5143.937791,4.3523
2024-12-06T17:00:00+00:00,4920.055883,5143.937791,4.3523
2024-12-06T17:15:00+00:00,4920.055883,5143.937791,4.3523
2024-12-06T17:30:00+00:00,4920.055883,5143.937791,4.3523
2024-12-06T17:45:00+00:00,4920.055883,5143.937791,4.3523
2024-12-06T18:00:00+00:00,4920.055883,5143.937791,4.3523
2024-12-06T18:15:00+00:00,4920.055883,5143.937791,4.3523
2024-12-06T18:30:00+00:00,4920.055883,5143.937791,4.3523
2024-12-06T18:45:00+00:00,4920.055883,5143.937791,4.3523
2024-12-06T19:00:00+00:00,4920.055883,5143.937791,4.3523
2024-12-06T19:15:00+00:00,4920.055883,5143.937791,4.3523
2024-12-06T19:30:00+00:00,4920.055883,5143.937791,4.3523
2024-12-06T19:45:00+00:00,4920.055883,5143.937791,4.3523
2024-12-06T20:00:00+00:00,4920.055883,5143.937791,4.3523
2024-12-06T20:15:00+00:00,4920.055883,5143.937791,4.3523
2024-12-06T20:30:00+00:00,4920.055883,5143.937791,4.3523
2024-12-06T20:45:00+00:00,4920.055883,5143.937791,4.3523
2024-12-06T21:00:00+00:00,4920.055883,5143.937791,4.3523
2024-12-06T21:15:00+00:00,4920.055883,5143.937791,4.3523
2024-12-06T21:30:00+00:00,4920.055883,5143.937791,4.3523
2024-12-06T21:45:00+00:00,4920.055883,5143.937791,4.3523
2024-12-06T22:00:00+00:00,4920.055883,5143.937791,4.3523
2024-12-06T22:15:00+00:00,4920.055883,5143.937791,4.3523
2024-12-06T22:30:00+00:00,4920.055883,5143.937791,4.3523
2024-12-06T22:45:00+00:00,4920.055883,5143.937791,4.3523
2024-12-06T23:00:00+00:00,4920.055883,5143.937791,4.3523
2024-12-06T23:15:00+00:00,4920.055883,5143.937791,4.3523
2024-12-06T23:30:00+00:00,4920.055883,5143.937791,4.3523
2024-12-06T23:45:00+00:00,4920.055883,5143.937791,4.3523
2024-12-07T00:00:00+00:00,4920.055883,5143.937791,4.3523
2024-12-07T00:15:00+00:00,4920.055883,5143.937791,4.3523
2024-12-07T00:30:00+00:00,4920.055883,5143.937791,4.3523
2024-12-07T00:45:00+00:00,4920.055883,5143.937791,4.3523
2024-12-07T01:00:00+00:00,4920.055883,5143.937791,4.3523
2024-12-07T01:15:00+00:00,4920.055883,5143.937791,4.3523
2024-12-07T01:30:00+00:00,4920.055883,5143.937791,4.3523
2024-12-07T01:45:00+00:00,4920.055883,5143.937791,4.3523
2024-12-07T02:00:00+00:00,4920.055883,5143.937791,4.3523
2024-12-07T02:15:00+00:00,4920.055883,5143.937791,4.3523
2024-12-07T02:30:00+00:00,4920.055883,5143.937791,4.3523
2024-12-07T02:45:00+00:00,4920.055883,5143.937791,4.3523
2024-12-07T03:00:00+00:00,4920.055883,5143.937791,4.3523
2024-12-07T03:15:00+00:00,4920.055883,5143.937791,4.3523
2024-12-07T03:30:00+00:00,4920.055883,5143.937791,4.3523
2024-12-07T03:45:00+00:00,4920.055883,5143.937791,4.3523
2024-12-07T04:00:00+00:00,4920.055883,5143.937791,4.3523
2024-12-07T04:15:00+00:00,4920.055883,5143.937791,4.3523
2024-12-07T04:30:00+00:00,4920.055883,5143.937791,4.3523
2024-12-07T04:45:00+00:00,4920.055883,5143.937791,4.3523
2024-12-07T05:00:00+00:00,4920.055883,5143.937791,4.3523
2024-12-07T05:15:00+00:00,4920.055883,5143.937791,4.3523
2024-12-07T05:30:00+00:00,4920.055883,5143.937791,4.3523
2024-12-07T05:45:00+00:00,4920.055883,5143.937791,4.3523
2024-12-07T06:00:00+00:00,4920.055883,5143.937791,4.3523
2024-12-07T06:15:00+00:00,4920.055883,5143.937791,4.3523
2024-12-07T06:30:00+00:00,4920.055883,5143.937791,4.3523
2024-12-07T06:45:00+00:00,4920.055883,5143.937791,4.3523
2024-12-07T07:00:00+00:00,4920.055883,5143.937791,4.3523
2024-12-07T07:15:00+00:00,4920.055883,5143.937791,4.3523
2024-12-07T07:30:00+00:00,4920.055883,5143.937791,4.3523
2024-12-07T07:45:00+00:00,4920.055883,5143.937791,4.3523
2024-12-07T08:00:00+00:00,4920.055883,5143.937791,4.3523
2024-12-07T08:15:00+00:00,4920.055883,5143.937791,4.3523
2024-12-07T08:30:00+00:00,4920.055883,5143.937791,4.3523
2024-12-07T08:45:00+00:00,4920.055883,5143.937791,4.3523
2024-12-07T09:00:00+00:00,4920.055883,5143.937791,4.3523
2024-12-07T09:15:00+00:00,4920.055883,5143.937791,4.3523
2024-12-07T09:30:00+00:00,4920.055883,5143.937791,4.3523
2024-12-07T09:45:00+00:00,4920.055883,5143.937791,4.3523
2024-12-07T10:00:00+00:00,4920.055883,5143.937791,4.3523
2024-12-07T10:15:00+00:00,4920.055883,5143.937791,4.3523
2024-12-07T10:30:00+00:00,4920.055883,5143.937791,4.3523
2024-12-07T10:45:00+00:00,4920.055883,5143.937791,4.3523
2024-12-07T11:00:00+00:00,4920.055883,5143.937791,4.3523
2024-12-07T11:15:00+00:00,4920.055883,5143.937791,4.3523
2024-12-07T11:30:00+00:00,4920.055883,5143.937791,4.3523
2024-12-07T11:45:00+00:00,4920.055883,5143.937791,4.3523
2024-12-07T12:00:00+00:00,4920.055883,5143.937791,4.3523
2024-12-07T12:15:00+00:00,4920.055883,5143.937791,4.3523
2024-12-07T12:30:00+00:00,4920.055883,5143.937791,4.3523
2024-12-07T12:45:00+00:00,4920.055883,5143.937791,4.3523
2024-12-07T13:00:00+00:00,4920.055883,5143.937791,4.3523
2024-12-07T13:15:00+00:00,4920.055883,5143.937791,4.3523
2024-12-07T13:30:00+00:00,4920.055883,5143.937791,4.3523
2024-12-07T13:45:00+00:00,4920.055883,5143.937791,4.3523
2024-12-07T14:00:00+00:00,4920.055883,5143.937791,4.3523
2024-12-07T14:15:00+00:00,4920.055883,5143.937791,4.3523
2024-12-07T14:30:00+00:00,4920.055883,5143.937791,4.3523
2024-12-07T14:45:00+00:00,4920.055883,5143.937791,4.3523
2024-12-07T15:00:00+00:00,4920.055883,5143.937791,4.3523
2024-12-07T15:15:00+00:00,4920.055883,5143.937791,4.3523
2024-12-07T15:30:00+00:00,4920.055883,5143.937791,4.3523
2024-12-07T15:45:00+00:00,4920.055883,5143.937791,4.3523
2024-12-07T16:00:00+00:00,4920.055883,5143.937791,4.3523
2024-12-07T16:15:00+00:00,4920.055883,5143.937791,4.3523
2024-12-07T16:30:00+00:00,4920.055883,5143.937791,4.3523
2024-12-07T16:45:00+00:00,4920.055883,5143.937791,4.3523
2024-12-07T17:00:00+00:00,4920.055883,5143.937791,4.3523
2024-12-07T17:15:00+00:00,4920.055883,5143.937791,4.3523
2024-12-07T17:30:00+00:00,4920.055883,5143.937791,4.3523
2024-12-07T17:45:00+00:00,4920.055883,5143.937791,4.3523
2024-12-07T18:00:00+00:00,4920.055883,5143.937791,4.3523
2024-12-07T18:15:00+00:00,4920.055883,5143.937791,4.3523
2024-12-07T18:30:00+00:00,4920.055883,5143.937791,4.3523
2024-12-07T18:45:00+00:00,4920.055883,5143.937791,4.3523
2024-12-07T19:00:00+00:00,4920.055883,5143.937791,4.3523
2024-12-07T19:15:00+00:00,4920.055883,5143.937791,4.3523
2024-12-07T19:30:00+00:00,4920.055883,5143.937791,4.3523
2024-12-07T19:45:00+00:00,4920.055883,5143.937791,4.3523
2024-12-07T20:00:00+00:00,4920.055883,5143.937791,4.3523
2024-12-07T20:15:00+00:00,4920.055883,5143.937791,4.3523
2024-12-07T20:30:00+00:00,4920.055883,5143.937791,4.3523
2024-12-07T20:45:00+00:00,4920.055883,5143.937791,4.3523
2024-12-07T21:00:00+00:00,4920.055883,5143.937791,4.3523
2024-12-07T21:15:00+00:00,4920.055883,5143.937791,4.3523
2024-12-07T21:30:00+00:00,4920.055883,5143.937791,4.3523
2024-12-07T21:45:00+00:00,4920.055883,5143.937791,4.3523
2024-12-07T22:00:00+00:00,4920.055883,5143.937791,4.3523
2024-12-07T22:15:00+00:00,4920.055883,5143.937791,4.3523
2024-12-07T22:30:00+00:00,4920.055883,5143.937791,4.3523
2024-12-07T22:45:00+00:00,4920.055883,5143.937791,4.3523
2024-12-07T23:00:00+00:00,4920.055883,5143.937791,4.3523
2024-12-07T23:15:00+00:00,4920.055883,5143.937791,4.3523
2024-12-07T23:30:00+00:00,4920.055883,5143.937791,4.3523
2024-12-07T23:45:00+00:00,4920.055883,5143.937791,4.3523
2024-12-08T00:00:00+00:00,4920.055883,5143.937791,4.3523
2024-12-08T00:15:00+00:00,4920.055883,5143.937791,4.3523
2024-12-08T00:30:00+00:00,4920.055883,5143.937791,4.3523
2024-12-08T00:45:00+00:00,4920.055883,5143.937791,4.3523
2024-12-08T01:00:00+00:00,4920.055883,5143.937791,4.3523
2024-12-08T01:15:00+00:00,4920.055883,5143.937791,4.3523
2024-12-08T01:30:00+00:00,4920.055883,5143.937791,4.3523
2024-12-08T01:45:00+00:00,4920.055883,5143.937791,4.3523
2024-12-08T02:00:00+00:00,4920.055883,5143.937791,4.3523
2024-12-08T02:15:00+00:00,4920.055883,5143.937791,4.3523
2024-12-08T02:30:00+00:00,4920.055883,5143.937791,4.3523
2024-12-08T02:45:00+00:00,4920.055883,5143.937791,4.3523
2024-12-08T03:00:00+00:00,4920.055883,5143.937791,4.3523
2024-12-08T03:15:00+00:00,4920.055883,5143.937791,4.3523
2024-12-08T03:30:00+00:00,4920.055883,5143.937791,4.3523
2024-12-08T03:45:00+00:00,4920.055883,5143.937791,4.3523
2024-12-08T04:00:00+00:00,4920.055883,5143.937791,4.3523
2024-12-08T04:15:00+00:00,4920.055883,5143.937791,4.3523
2024-12-08T04:30:00+00:00,4920.055883,5143.937791,4.3523
2024-12-08T04:45:00+00:00,4920.055883,5143.937791,4.3523
2024-12-08T05:00:00+00:00,4920.055883,5143.937791,4.3523
2024-12-08T05:15:00+00:00,4920.055883,5143.937791,4.3523
2024-12-08T05:30:00+00:00,4920.055883,5143.937791,4.3523
2024-12-08T05:45:00+00:00,4920.055883,5143.937791,4.3523
2024-12-08T06:00:00+00:00,4920.055883,5143.937791,4.3523
2024-12-08T06:15:00+00:00,4920.055883,5143.937791,4.3523
2024-12-08T06:30:00+00:00,4920.055883,5143.937791,4.3523
2024-12-08T06:45:00+00:00,4920.055883,5143.937791,4.3523
2024-12-08T07:00:00+00:00,4920.055883,5143.937791,4.3523
2024-12-08T07:15:00+00:00,4920.055883,5143.937791,4.3523
2024-12-08T07:30:00+00:00,4920.055883,5143.937791,4.3523
2024-12-08T07:45:00+00:00,4920.055883,5143.937791,4.3523
2024-12-08T08:00:00+00:00,4920.055883,5143.937791,4.3523
2024-12-08T08:15:00+00:00,4920.055883,5143.937791,4.3523
2024-12-08T08:30:00+00:00,4920.055883,5143.937791,4.3523
2024-12-08T08:45:00+00:00,4920.055883,5143.937791,4.3523
2024-12-08T09:00:00+00:00,4920.055883,5143.937791,4.3523
2024-12-08T09:15:00+00:00,4920.055883,5143.937791,4.3523
2024-12-08T09:30:00+00:00,4920.055883,5143.937791,4.3523
2024-12-08T09:45:00+00:00,4920.055883,5143.937791,4.3523
2024-12-08T10:00:00+00:00,4920.055883,5143.937791,4.3523
2024-12-08T10:15:00+00:00,4920.055883,5143.937791,4.3523
2024-12-08T10:30:00+00:00,4920.055883,5143.937791,4.3523
2024-12-08T10:45:00+00:00,4920.055883,5143.937791,4.3523
2024-12-08T11:00:00+00:00,4920.055883,5143.937791,4.3523
2024-12-08T11:15:00+00:00,4920.055883,5143.937791,4.3523
2024-12-08T11:30:00+00:00,4920.055883,5143.937791,4.3523
2024-12-08T11:45:00+00:00,4920.055883,5143.937791,4.3523
2024-12-08T12:00:00+00:00,4920.055883,5143.937791,4.3523
2024-12-08T12:15:00+00:00,4920.055883,5143.937791,4.3523
2024-12-08T12:30:00+00:00,4920.055883,5143.937791,4.3523
2024-12-08T12:45:00+00:00,4920.055883,5143.937791,4.3523
2024-12-08T13:00:00+00:00,4920.055883,5143.937791,4.3523
2024-12-08T13:15:00+00:00,4920.055883,5143.937791,4.3523
2024-12-08T13:30:00+00:00,4920.055883,5143.937791,4.3523
2024-12-08T13:45:00+00:00,4920.055883,5143.937791,4.3523
2024-12-08T14:00:00+00:00,4920.055883,5143.937791,4.3523
2024-12-08T14:15:00+00:00,4920.055883,5143.937791,4.3523
2024-12-08T14:30:00+00:00,4920.055883,5143.937791,4.3523
2024-12-08T14:45:00+00:00,4920.055883,5143.937791,4.3523
2024-12-08T15:00:00+00:00,4920.055883,5143.937791,4.3523
2024-12-08T15:15:00+00:00,4920.055883,5143.937791,4.3523
2024-12-08T15:30:00+00:00,4920.055883,5143.937791,4.3523
2024-12-08T15:45:00+00:00,4920.055883,5143.937791,4.3523
2024-12-08T16:00:00+00:00,4920.055883,5143.937791,4.3523
2024-12-08T16:15:00+00:00,4920.055883,5143.937791,4.3523
2024-12-08T16:30:00+00:00,4920.055883,5143.937791,4.3523
2024-12-08T16:45:00+00:00,4920.055883,5143.937791,4.3523
2024-12-08T17:00:00+00:00,4920.055883,5143.937791,4.3523
2024-12-08T17:15:00+00:00,4920.055883,5143.937791,4.3523
2024-12-08T17:30:00+00:00,4920.055883,5143.937791,4.3523
2024-12-08T17:45:00+00:00,4920.055883,5143.937791,4.3523
2024-12-08T18:00:00+00:00,4920.055883,5143.937791,4.3523
2024-12-08T18:15:00+00:00,4920.055883,5143.937791,4.3523
2024-12-08T18:30:00+00:00,4920.055883,5143.937791,4.3523
2024-12-08T18:45:00+00:00,4920.055883,5143.937791,4.3523
2024-12-08T19:00:00+00:00,4920.055883,5143.937791,4.3523
2024-12-08T19:15:00+00:00,4920.055883,5143.937791,4.3523
2024-12-08T19:30:00+00:00,4920.055883,5143.937791,4.3523
2024-12-08T19:45:00+00:00,4920.055883,5143.937791,4.3523
2024-12-08T20:00:00+00:00,4920.055883,5143.937791,4.3523
2024-12-08T20:15:00+00:00,4920.055883,5143.937791,4.3523
2024-12-08T20:30:00+00:00,4920.055883,5143.937791,4.3523
2024-12-08T20:45:00+00:00,4920.055883,5143.937791,4.3523
2024-12-08T21:00:00+00:00,4920.055883,5143.937791,4.3523
2024-12-08T21:15:00+00:00,4920.055883,5143.937791,4.3523
2024-12-08T21:30:00+00:00,4920.055883,5143.937791,4.3523
2024-12-08T21:45:00+00:00,4920.055883,5143.937791,4.3523
2024-12-08T22:00:00+00:00,4920.055883,5143.937791,4.3523
2024-12-08T22:15:00+00:00,4920.055883,5143.937791,4.3523
2024-12-08T22:30:00+00:00,4920.055883,5143.937791,4.3523
2024-12-08T22:45:00+00:00,4920.055883,5143.937791,4.3523
2024-12-08T23:00:00+00:00,4920.055883,5143.937791,4.3523
2024-12-08T23:15:00+00:00,4920.055883,5143.937791,4.3523
2024-12-08T23:30:00+00:00,4920.055883,5143.937791,4.3523
2024-12-08T23:45:00+00:00,4920.055883,5143.937791,4.3523
2024-12-09T00:00:00+00:00,4920.055883,5143.937791,4.3523
2024-12-09T00:15:00+00:00,4920.055883,5143.937791,4.3523
2024-12-09T00:30:00+00:00,4920.055883,5143.937791,4.3523
2024-12-09T00:45:00+00:00,4920.055883,5143.937791,4.3523
2024-12-09T01:00:00+00:00,4920.055883,5143.937791,4.3523
2024-12-09T01:15:00+00:00,4920.055883,5143.937791,4.3523
2024-12-09T01:30:00+00:00,4920.055883,5143.937791,4.3523
2024-12-09T01:45:00+00:00,4920.055883,5143.937791,4.3523
2024-12-09T02:00:00+00:00,4920.055883,5143.937791,4.3523
2024-12-09T02:15:00+00:00,4920.055883,5143.937791,4.3523
2024-12-09T02:30:00+00:00,4920.055883,5143.937791,4.3523
2024-12-09T02:45:00+00:00,4920.055883,5143.937791,4.3523
2024-12-09T03:00:00+00:00,4920.055883,5143.937791,4.3523
2024-12-09T03:15:00+00:00,4920.055883,5143.937791,4.3523
2024-12-09T03:30:00+00:00,4920.055883,5143.937791,4.3523
2024-12-09T03:45:00+00:00,4920.055883,5143.937791,4.3523
2024-12-09T04:00:00+00:00,4920.055883,5143.937791,4.3523
2024-12-09T04:15:00+00:00,4920.055883,5143.937791,4.3523
2024-12-09T04:30:00+00:00,4920.055883,5143.937791,4.3523
2024-12-09T04:45:00+00:00,4920.055883,5143.937791,4.3523
2024-12-09T05:00:00+00:00,4920.055883,5143.937791,4.3523
2024-12-09T05:15:00+00:00,4920.055883,5143.937791,4.3523
2024-12-09T05:30:00+00:00,4920.055883,5143.937791,4.3523
2024-12-09T05:45:00+00:00,4920.055883,5143.937791,4.3523
2024-12-09T06:00:00+00:00,4920.055883,5143.937791,4.3523
2024-12-09T06:15:00+00:00,4920.055883,5143.937791,4.3523
2024-12-09T06:30:00+00:00,4920.055883,5143.937791,4.3523
2024-12-09T06:45:00+00:00,4920.055883,5143.937791,4.3523
2024-12-09T07:00:00+00:00,4920.055883,5143.937791,4.3523
2024-12-09T07:15:00+00:00,4920.055883,5143.937791,4.3523
2024-12-09T07:30:00+00:00,4920.055883,5143.937791,4.3523
2024-12-09T07:45:00+00:00,4920.055883,5143.937791,4.3523
2024-12-09T08:00:00+00:00,4920.055883,5143.937791,4.3523
2024-12-09T08:15:00+00:00,4920.055883,5143.937791,4.3523
2024-12-09T08:30:00+00:00,4920.055883,5143.937791,4.3523
2024-12-09T08:45:00+00:00,4920.055883,5143.937791,4.3523
2024-12-09T09:00:00+00:00,4920.055883,5143.937791,4.3523
2024-12-09T09:15:00+00:00,4920.055883,5143.937791,4.3523
2024-12-09T09:30:00+00:00,4920.055883,5143.937791,4.3523
2024-12-09T09:45:00+00:00,4920.055883,5143.937791,4.3523
2024-12-09T10:00:00+00:00,4920.055883,5143.937791,4.3523
2024-12-09T10:15:00+00:00,4920.055883,5143.937791,4.3523
2024-12-09T10:30:00+00:00,4920.055883,5143.937791,4.3523
2024-12-09T10:45:00+00:00,4920.055883,5143.937791,4.3523
2024-12-09T11:00:00+00:00,4920.055883,5143.937791,4.3523
2024-12-09T11:15:00+00:00,4920.055883,5143.937791,4.3523
2024-12-09T11:30:00+00:00,4920.055883,5143.937791,4.3523
2024-12-09T11:45:00+00:00,4920.055883,5143.937791,4.3523
2024-12-09T12:00:00+00:00,4920.055883,5143.937791,4.3523
2024-12-09T12:15:00+00:00,4920.055883,5143.937791,4.3523
2024-12-09T12:30:00+00:00,4920.055883,5143.937791,4.3523
2024-12-09T12:45:00+00:00,4920.055883,5143.937791,4.3523
2024-12-09T13:00:00+00:00,4920.055883,5143.937791,4.3523
2024-12-09T13:15:00+00:00,4920.055883,5143.937791,4.3523
2024-12-09T13:30:00+00:00,4920.055883,5143.937791,4.3523
2024-12-09T13:45:00+00:00,4920.055883,5143.937791,4.3523
2024-12-09T14:00:00+00:00,4920.055883,5143.937791,4.3523
2024-12-09T14:15:00+00:00,4920.055883,5143.937791,4.3523
2024-12-09T14:30:00+00:00,4920.055883,5143.937791,4.3523
2024-12-09T14:45:00+00:00,4920.055883,5143.937791,4.3523
2024-12-09T15:00:00+00:00,4920.055883,5143.937791,4.3523
2024-12-09T15:15:00+00:00,4920.055883,5143.937791,4.3523
2024-12-09T15:30:00+00:00,4920.055883,5143.937791,4.3523
2024-12-09T15:45:00+00:00,4920.055883,5143.937791,4.3523
2024-12-09T16:00:00+00:00,4920.055883,5143.937791,4.3523
2024-12-09T16:15:00+00:00,4920.055883,5143.937791,4.3523
2024-12-09T16:30:00+00:00,4920.055883,5143.937791,4.3523
2024-12-09T16:45:00+00:00,4920.055883,5143.937791,4.3523
2024-12-09T17:00:00+00:00,4920.055883,5143.937791,4.3523
2024-12-09T17:15:00+00:00,4920.055883,5143.937791,4.3523
2024-12-09T17:30:00+00:00,4920.055883,5143.937791,4.3523
2024-12-09T17:45:00+00:00,4920.055883,5143.937791,4.3523
2024-12-09T18:00:00+00:00,4920.055883,5143.937791,4.3523
2024-12-09T18:15:00+00:00,4920.055883,5143.937791,4.3523
2024-12-09T18:30:00+00:00,4920.055883,5143.937791,4.3523
2024-12-09T18:45:00+00:00,4920.055883,5143.937791,4.3523
2024-12-09T19:00:00+00:00,4920.055883,5143.937791,4.3523
2024-12-09T19:15:00+00:00,4920.055883,5143.937791,4.3523
2024-12-09T19:30:00+00:00,4920.055883,5143.937791,4.3523
2024-12-09T19:45:00+00:00,4920.055883,5143.937791,4.3523
2024-12-09T20:00:00+00:00,4920.055883,5143.937791,4.3523
2024-12-09T20:15:00+00:00,4920.055883,5143.937791,4.3523
2024-12-09T20:30:00+00:00,4920.055883,5143.937791,4.3523
2024-12-09T20:45:00+00:00,4920.055883,5143.937791,4.3523
2024-12-09T21:00:00+00:00,4920.055883,5143.937791,4.3523
2024-12-09T21:01:00+00:00,4920.055883,5143.937791,4.3523
2024-12-09T21:02:00+00:00,4920.055883,5143.937791,4.3523
2024-12-09T21:03:00+00:00,4912.843971,5143.937791,4.4925
2024-12-09T21:04:00+00:00,4719.348164,5143.937791,8.2542
2024-12-09T21:15:00+00:00,4719.348164,5143.937791,8.2542
2024-12-09T21:30:00+00:00,4719.348164,5143.937791,8.2542
2024-12-09T21:45:00+00:00,4719.348164,5143.937791,8.2542
2024-12-09T22:00:00+00:00,4719.348164,5143.937791,8.2542
2024-12-09T22:01:00+00:00,4719.348164,5143.937791,8.2542
2024-12-09T22:02:00+00:00,4719.348164,5143.937791,8.2542
2024-12-09T22:03:00+00:00,4719.348164,5143.937791,8.2542
2024-12-09T22:04:00+00:00,4719.348164,5143.937791,8.2542
2024-12-09T22:05:00+00:00,4719.348164,5143.937791,8.2542
2024-12-09T22:15:00+00:00,4719.348164,5143.937791,8.2542
2024-12-09T22:30:00+00:00,4719.348164,5143.937791,8.2542
2024-12-09T22:45:00+00:00,4719.348164,5143.937791,8.2542
2024-12-09T23:00:00+00:00,4719.348164,5143.937791,8.2542
2024-12-09T23:15:00+00:00,4719.348164,5143.937791,8.2542
2024-12-09T23:30:00+00:00,4719.348164,5143.937791,8.2542
2024-12-09T23:45:00+00:00,4719.348164,5143.937791,8.2542
2024-12-10T00:00:00+00:00,4719.348164,5143.937791,8.2542
2024-12-10T00:15:00+00:00,4719.348164,5143.937791,8.2542
2024-12-10T00:30:00+00:00,4719.348164,5143.937791,8.2542
2024-12-10T00:45:00+00:00,4719.348164,5143.937791,8.2542
2024-12-10T01:00:00+00:00,4719.348164,5143.937791,8.2542
2024-12-10T01:15:00+00:00,4719.348164,5143.937791,8.2542
2024-12-10T01:30:00+00:00,4719.348164,5143.937791,8.2542
2024-12-10T01:45:00+00:00,4719.348164,5143.937791,8.2542
2024-12-10T02:00:00+00:00,4719.348164,5143.937791,8.2542
2024-12-10T02:15:00+00:00,4719.348164,5143.937791,8.2542
2024-12-10T02:30:00+00:00,4719.348164,5143.937791,8.2542
2024-12-10T02:45:00+00:00,4719.348164,5143.937791,8.2542
2024-12-10T03:00:00+00:00,4719.348164,5143.937791,8.2542
2024-12-10T03:15:00+00:00,4719.348164,5143.937791,8.2542
2024-12-10T03:30:00+00:00,4719.348164,5143.937791,8.2542
2024-12-10T03:45:00+00:00,4719.348164,5143.937791,8.2542
2024-12-10T04:00:00+00:00,4719.348164,5143.937791,8.2542
2024-12-10T04:15:00+00:00,4719.348164,5143.937791,8.2542
2024-12-10T04:30:00+00:00,4719.348164,5143.937791,8.2542
2024-12-10T04:45:00+00:00,4719.348164,5143.937791,8.2542
2024-12-10T05:00:00+00:00,4719.348164,5143.937791,8.2542
2024-12-10T05:15:00+00:00,4719.348164,5143.937791,8.2542
2024-12-10T05:30:00+00:00,4719.348164,5143.937791,8.2542
2024-12-10T05:45:00+00:00,4719.348164,5143.937791,8.2542
2024-12-10T06:00:00+00:00,4719.348164,5143.937791,8.2542
2024-12-10T06:15:00+00:00,4719.348164,5143.937791,8.2542
2024-12-10T06:30:00+00:00,4719.348164,5143.937791,8.2542
2024-12-10T06:45:00+00:00,4719.348164,5143.937791,8.2542
2024-12-10T07:00:00+00:00,4719.348164,5143.937791,8.2542
2024-12-10T07:15:00+00:00,4719.348164,5143.937791,8.2542
2024-12-10T07:30:00+00:00,4719.348164,5143.937791,8.2542
2024-12-10T07:45:00+00:00,4719.348164,5143.937791,8.2542
2024-12-10T08:00:00+00:00,4719.348164,5143.937791,8.2542
2024-12-10T08:15:00+00:00,4719.348164,5143.937791,8.2542
2024-12-10T08:30:00+00:00,4719.348164,5143.937791,8.2542
2024-12-10T08:45:00+00:00,4719.348164,5143.937791,8.2542
2024-12-10T09:00:00+00:00,4719.348164,5143.937791,8.2542
2024-12-10T09:15:00+00:00,4719.348164,5143.937791,8.2542
2024-12-10T09:30:00+00:00,4719.348164,5143.937791,8.2542
2024-12-10T09:45:00+00:00,4719.348164,5143.937791,8.2542
2024-12-10T10:00:00+00:00,4719.348164,5143.937791,8.2542
2024-12-10T10:15:00+00:00,4719.348164,5143.937791,8.2542
2024-12-10T10:30:00+00:00,4719.348164,5143.937791,8.2542
2024-12-10T10:45:00+00:00,4719.348164,5143.937791,8.2542
2024-12-10T11:00:00+00:00,4719.348164,5143.937791,8.2542
2024-12-10T11:15:00+00:00,4719.348164,5143.937791,8.2542
2024-12-10T11:30:00+00:00,4719.348164,5143.937791,8.2542
2024-12-10T11:45:00+00:00,4719.348164,5143.937791,8.2542
2024-12-10T12:00:00+00:00,4719.348164,5143.937791,8.2542
2024-12-10T12:15:00+00:00,4719.348164,5143.937791,8.2542
2024-12-10T12:30:00+00:00,4719.348164,5143.937791,8.2542
2024-12-10T12:45:00+00:00,4719.348164,5143.937791,8.2542
2024-12-10T13:00:00+00:00,4719.348164,5143.937791,8.2542
2024-12-10T13:15:00+00:00,4719.348164,5143.937791,8.2542
2024-12-10T13:30:00+00:00,4719.348164,5143.937791,8.2542
2024-12-10T13:45:00+00:00,4719.348164,5143.937791,8.2542
2024-12-10T14:00:00+00:00,4719.348164,5143.937791,8.2542
2024-12-10T14:15:00+00:00,4719.348164,5143.937791,8.2542
2024-12-10T14:30:00+00:00,4719.348164,5143.937791,8.2542
2024-12-10T14:45:00+00:00,4719.348164,5143.937791,8.2542
2024-12-10T15:00:00+00:00,4719.348164,5143.937791,8.2542
2024-12-10T15:15:00+00:00,4719.348164,5143.937791,8.2542
2024-12-10T15:30:00+00:00,4719.348164,5143.937791,8.2542
2024-12-10T15:45:00+00:00,4719.348164,5143.937791,8.2542
2024-12-10T16:00:00+00:00,4719.348164,5143.937791,8.2542
2024-12-10T16:15:00+00:00,4719.348164,5143.937791,8.2542
2024-12-10T16:30:00+00:00,4719.348164,5143.937791,8.2542
2024-12-10T16:45:00+00:00,4719.348164,5143.937791,8.2542
2024-12-10T17:00:00+00:00,4719.348164,5143.937791,8.2542
2024-12-10T17:15:00+00:00,4719.348164,5143.937791,8.2542
2024-12-10T17:30:00+00:00,4719.348164,5143.937791,8.2542
2024-12-10T17:45:00+00:00,4719.348164,5143.937791,8.2542
2024-12-10T18:00:00+00:00,4719.348164,5143.937791,8.2542
2024-12-10T18:15:00+00:00,4719.348164,5143.937791,8.2542
2024-12-10T18:30:00+00:00,4719.348164,5143.937791,8.2542
2024-12-10T18:45:00+00:00,4719.348164,5143.937791,8.2542
2024-12-10T19:00:00+00:00,4719.348164,5143.937791,8.2542
2024-12-10T19:15:00+00:00,4719.348164,5143.937791,8.2542
2024-12-10T19:30:00+00:00,4719.348164,5143.937791,8.2542
2024-12-10T19:45:00+00:00,4719.348164,5143.937791,8.2542
2024-12-10T20:00:00+00:00,4719.348164,5143.937791,8.2542
2024-12-10T20:15:00+00:00,4719.348164,5143.937791,8.2542
2024-12-10T20:30:00+00:00,4719.348164,5143.937791,8.2542
2024-12-10T20:45:00+00:00,4719.348164,5143.937791,8.2542
2024-12-10T21:00:00+00:00,4719.348164,5143.937791,8.2542
2024-12-10T21:15:00+00:00,4719.348164,5143.937791,8.2542
2024-12-10T21:30:00+00:00,4719.348164,5143.937791,8.2542
2024-12-10T21:45:00+00:00,4719.348164,5143.937791,8.2542
2024-12-10T22:00:00+00:00,4719.348164,5143.937791,8.2542
2024-12-10T22:15:00+00:00,4719.348164,5143.937791,8.2542
2024-12-10T22:30:00+00:00,4719.348164,5143.937791,8.2542
2024-12-10T22:45:00+00:00,4719.348164,5143.937791,8.2542
2024-12-10T23:00:00+00:00,4719.348164,5143.937791,8.2542
2024-12-10T23:15:00+00:00,4719.348164,5143.937791,8.2542
2024-12-10T23:30:00+00:00,4719.348164,5143.937791,8.2542
2024-12-10T23:45:00+00:00,4719.348164,5143.937791,8.2542
2024-12-11T00:00:00+00:00,4719.348164,5143.937791,8.2542
2024-12-11T00:15:00+00:00,4719.348164,5143.937791,8.2542
2024-12-11T00:30:00+00:00,4719.348164,5143.937791,8.2542
2024-12-11T00:45:00+00:00,4719.348164,5143.937791,8.2542
2024-12-11T01:00:00+00:00,4719.348164,5143.937791,8.2542
2024-12-11T01:15:00+00:00,4719.348164,5143.937791,8.2542
2024-12-11T01:30:00+00:00,4719.348164,5143.937791,8.2542
2024-12-11T01:45:00+00:00,4719.348164,5143.937791,8.2542
2024-12-11T02:00:00+00:00,4719.348164,5143.937791,8.2542
2024-12-11T02:15:00+00:00,4719.348164,5143.937791,8.2542
2024-12-11T02:30:00+00:00,4719.348164,5143.937791,8.2542
2024-12-11T02:45:00+00:00,4719.348164,5143.937791,8.2542
2024-12-11T03:00:00+00:00,4719.348164,5143.937791,8.2542
2024-12-11T03:15:00+00:00,4719.348164,5143.937791,8.2542
2024-12-11T03:30:00+00:00,4719.348164,5143.937791,8.2542
2024-12-11T03:45:00+00:00,4719.348164,5143.937791,8.2542
2024-12-11T04:00:00+00:00,4719.348164,5143.937791,8.2542
2024-12-11T04:15:00+00:00,4719.348164,5143.937791,8.2542
2024-12-11T04:30:00+00:00,4719.348164,5143.937791,8.2542
2024-12-11T04:45:00+00:00,4719.348164,5143.937791,8.2542
2024-12-11T05:00:00+00:00,4719.348164,5143.937791,8.2542
2024-12-11T05:15:00+00:00,4719.348164,5143.937791,8.2542
2024-12-11T05:30:00+00:00,4719.348164,5143.937791,8.2542
2024-12-11T05:45:00+00:00,4719.348164,5143.937791,8.2542
2024-12-11T06:00:00+00:00,4719.348164,5143.937791,8.2542
2024-12-11T06:15:00+00:00,4719.348164,5143.937791,8.2542
2024-12-11T06:30:00+00:00,4719.348164,5143.937791,8.2542
2024-12-11T06:45:00+00:00,4719.348164,5143.937791,8.2542
2024-12-11T07:00:00+00:00,4719.348164,5143.937791,8.2542
2024-12-11T07:15:00+00:00,4719.348164,5143.937791,8.2542
2024-12-11T07:30:00+00:00,4719.348164,5143.937791,8.2542
2024-12-11T07:45:00+00:00,4719.348164,5143.937791,8.2542
2024-12-11T08:00:00+00:00,4719.348164,5143.937791,8.2542
2024-12-11T08:15:00+00:00,4719.348164,5143.937791,8.2542
2024-12-11T08:30:00+00:00,4719.348164,5143.937791,8.2542
2024-12-11T08:45:00+00:00,4719.348164,5143.937791,8.2542
2024-12-11T09:00:00+00:00,4719.348164,5143.937791,8.2542
2024-12-11T09:15:00+00:00,4719.348164,5143.937791,8.2542
2024-12-11T09:30:00+00:00,4719.348164,5143.937791,8.2542
2024-12-11T09:45:00+00:00,4719.348164,5143.937791,8.2542
2024-12-11T10:00:00+00:00,4719.348164,5143.937791,8.2542
2024-12-11T10:15:00+00:00,4719.348164,5143.937791,8.2542
2024-12-11T10:30:00+00:00,4719.348164,5143.937791,8.2542
2024-12-11T10:45:00+00:00,4719.348164,5143.937791,8.2542
2024-12-11T11:00:00+00:00,4719.348164,5143.937791,8.2542
2024-12-11T11:15:00+00:00,4719.348164,5143.937791,8.2542
2024-12-11T11:30:00+00:00,4719.348164,5143.937791,8.2542
2024-12-11T11:45:00+00:00,4719.348164,5143.937791,8.2542
2024-12-11T12:00:00+00:00,4719.348164,5143.937791,8.2542
2024-12-11T12:15:00+00:00,4719.348164,5143.937791,8.2542
2024-12-11T12:30:00+00:00,4719.348164,5143.937791,8.2542
2024-12-11T12:45:00+00:00,4719.348164,5143.937791,8.2542
2024-12-11T13:00:00+00:00,4719.348164,5143.937791,8.2542
2024-12-11T13:15:00+00:00,4719.348164,5143.937791,8.2542
2024-12-11T13:30:00+00:00,4719.348164,5143.937791,8.2542
2024-12-11T13:45:00+00:00,4719.348164,5143.937791,8.2542
2024-12-11T14:00:00+00:00,4719.348164,5143.937791,8.2542
2024-12-11T14:15:00+00:00,4719.348164,5143.937791,8.2542
2024-12-11T14:30:00+00:00,4719.348164,5143.937791,8.2542
2024-12-11T14:45:00+00:00,4719.348164,5143.937791,8.2542
2024-12-11T15:00:00+00:00,4719.348164,5143.937791,8.2542
2024-12-11T15:15:00+00:00,4719.348164,5143.937791,8.2542
2024-12-11T15:30:00+00:00,4719.348164,5143.937791,8.2542
2024-12-11T15:45:00+00:00,4719.348164,5143.937791,8.2542
2024-12-11T16:00:00+00:00,4719.348164,5143.937791,8.2542
2024-12-11T16:15:00+00:00,4719.348164,5143.937791,8.2542
2024-12-11T16:30:00+00:00,4719.348164,5143.937791,8.2542
2024-12-11T16:45:00+00:00,4719.348164,5143.937791,8.2542
2024-12-11T17:00:00+00:00,4719.348164,5143.937791,8.2542
2024-12-11T17:15:00+00:00,4719.348164,5143.937791,8.2542
2024-12-11T17:30:00+00:00,4719.348164,5143.937791,8.2542
2024-12-11T17:45:00+00:00,4719.348164,5143.937791,8.2542
2024-12-11T18:00:00+00:00,4719.348164,5143.937791,8.2542
2024-12-11T18:15:00+00:00,4719.348164,5143.937791,8.2542
2024-12-11T18:30:00+00:00,4719.348164,5143.937791,8.2542
2024-12-11T18:45:00+00:00,4719.348164,5143.937791,8.2542
2024-12-11T19:00:00+00:00,4719.348164,5143.937791,8.2542
2024-12-11T19:15:00+00:00,4719.348164,5143.937791,8.2542
2024-12-11T19:30:00+00:00,4719.348164,5143.937791,8.2542
2024-12-11T19:45:00+00:00,4719.348164,5143.937791,8.2542
2024-12-11T20:00:00+00:00,4719.348164,5143.937791,8.2542
2024-12-11T20:15:00+00:00,4719.348164,5143.937791,8.2542
2024-12-11T20:30:00+00:00,4719.348164,5143.937791,8.2542
2024-12-11T20:45:00+00:00,4719.348164,5143.937791,8.2542
2024-12-11T21:00:00+00:00,4719.348164,5143.937791,8.2542
2024-12-11T21:15:00+00:00,4719.348164,5143.937791,8.2542
2024-12-11T21:30:00+00:00,4719.348164,5143.937791,8.2542
2024-12-11T21:45:00+00:00,4719.348164,5143.937791,8.2542
2024-12-11T22:00:00+00:00,4719.348164,5143.937791,8.2542
2024-12-11T22:15:00+00:00,4719.348164,5143.937791,8.2542
2024-12-11T22:30:00+00:00,4719.348164,5143.937791,8.2542
2024-12-11T22:45:00+00:00,4719.348164,5143.937791,8.2542
2024-12-11T23:00:00+00:00,4719.348164,5143.937791,8.2542
2024-12-11T23:15:00+00:00,4719.348164,5143.937791,8.2542
2024-12-11T23:30:00+00:00,4719.348164,5143.937791,8.2542
2024-12-11T23:45:00+00:00,4719.348164,5143.937791,8.2542
2024-12-12T00:00:00+00:00,4719.348164,5143.937791,8.2542
2024-12-12T00:15:00+00:00,4719.348164,5143.937791,8.2542
2024-12-12T00:30:00+00:00,4719.348164,5143.937791,8.2542
2024-12-12T00:45:00+00:00,4719.348164,5143.937791,8.2542
2024-12-12T01:00:00+00:00,4719.348164,5143.937791,8.2542
2024-12-12T01:15:00+00:00,4719.348164,5143.937791,8.2542
2024-12-12T01:30:00+00:00,4719.348164,5143.937791,8.2542
2024-12-12T01:45:00+00:00,4719.348164,5143.937791,8.2542
2024-12-12T02:00:00+00:00,4719.348164,5143.937791,8.2542
2024-12-12T02:15:00+00:00,4719.348164,5143.937791,8.2542
2024-12-12T02:30:00+00:00,4719.348164,5143.937791,8.2542
2024-12-12T02:45:00+00:00,4719.348164,5143.937791,8.2542
2024-12-12T03:00:00+00:00,4719.348164,5143.937791,8.2542
2024-12-12T03:15:00+00:00,4719.348164,5143.937791,8.2542
2024-12-12T03:30:00+00:00,4719.348164,5143.937791,8.2542
2024-12-12T03:45:00+00:00,4719.348164,5143.937791,8.2542
2024-12-12T04:00:00+00:00,4719.348164,5143.937791,8.2542
2024-12-12T04:15:00+00:00,4719.348164,5143.937791,8.2542
2024-12-12T04:30:00+00:00,4719.348164,5143.937791,8.2542
2024-12-12T04:45:00+00:00,4719.348164,5143.937791,8.2542
2024-12-12T05:00:00+00:00,4719.348164,5143.937791,8.2542
2024-12-12T05:15:00+00:00,4719.348164,5143.937791,8.2542
2024-12-12T05:30:00+00:00,4719.348164,5143.937791,8.2542
2024-12-12T05:45:00+00:00,4719.348164,5143.937791,8.2542
2024-12-12T06:00:00+00:00,4719.348164,5143.937791,8.2542
2024-12-12T06:15:00+00:00,4719.348164,5143.937791,8.2542
2024-12-12T06:30:00+00:00,4719.348164,5143.937791,8.2542
2024-12-12T06:45:00+00:00,4719.348164,5143.937791,8.2542
2024-12-12T07:00:00+00:00,4719.348164,5143.937791,8.2542
2024-12-12T07:15:00+00:00,4719.348164,5143.937791,8.2542
2024-12-12T07:30:00+00:00,4719.348164,5143.937791,8.2542
2024-12-12T07:45:00+00:00,4719.348164,5143.937791,8.2542
2024-12-12T08:00:00+00:00,4719.348164,5143.937791,8.2542
2024-12-12T08:15:00+00:00,4719.348164,5143.937791,8.2542
2024-12-12T08:30:00+00:00,4719.348164,5143.937791,8.2542
2024-12-12T08:45:00+00:00,4719.348164,5143.937791,8.2542
2024-12-12T09:00:00+00:00,4719.348164,5143.937791,8.2542
2024-12-12T09:15:00+00:00,4719.348164,5143.937791,8.2542
2024-12-12T09:30:00+00:00,4719.348164,5143.937791,8.2542
2024-12-12T09:45:00+00:00,4719.348164,5143.937791,8.2542
2024-12-12T10:00:00+00:00,4719.348164,5143.937791,8.2542
2024-12-12T10:15:00+00:00,4719.348164,5143.937791,8.2542
2024-12-12T10:30:00+00:00,4719.348164,5143.937791,8.2542
2024-12-12T10:45:00+00:00,4719.348164,5143.937791,8.2542
2024-12-12T11:00:00+00:00,4719.348164,5143.937791,8.2542
2024-12-12T11:15:00+00:00,4719.348164,5143.937791,8.2542
2024-12-12T11:30:00+00:00,4719.348164,5143.937791,8.2542
2024-12-12T11:45:00+00:00,4719.348164,5143.937791,8.2542
2024-12-12T12:00:00+00:00,4719.348164,5143.937791,8.2542
2024-12-12T12:15:00+00:00,4719.348164,5143.937791,8.2542
2024-12-12T12:30:00+00:00,4719.348164,5143.937791,8.2542
2024-12-12T12:45:00+00:00,4719.348164,5143.937791,8.2542
2024-12-12T13:00:00+00:00,4719.348164,5143.937791,8.2542
2024-12-12T13:15:00+00:00,4719.348164,5143.937791,8.2542
2024-12-12T13:30:00+00:00,4719.348164,5143.937791,8.2542
2024-12-12T13:45:00+00:00,4719.348164,5143.937791,8.2542
2024-12-12T14:00:00+00:00,4719.348164,5143.937791,8.2542
2024-12-12T14:15:00+00:00,4719.348164,5143.937791,8.2542
2024-12-12T14:30:00+00:00,4719.348164,5143.937791,8.2542
2024-12-12T14:45:00+00:00,4719.348164,5143.937791,8.2542
2024-12-12T15:00:00+00:00,4719.348164,5143.937791,8.2542
2024-12-12T15:15:00+00:00,4719.348164,5143.937791,8.2542
2024-12-12T15:30:00+00:00,4719.348164,5143.937791,8.2542
2024-12-12T15:45:00+00:00,4719.348164,5143.937791,8.2542
2024-12-12T16:00:00+00:00,4719.348164,5143.937791,8.2542
2024-12-12T16:15:00+00:00,4719.348164,5143.937791,8.2542
2024-12-12T16:30:00+00:00,4719.348164,5143.937791,8.2542
2024-12-12T16:45:00+00:00,4719.348164,5143.937791,8.2542
2024-12-12T17:00:00+00:00,4719.348164,5143.937791,8.2542
2024-12-12T17:15:00+00:00,4719.348164,5143.937791,8.2542
2024-12-12T17:30:00+00:00,4719.348164,5143.937791,8.2542
2024-12-12T17:45:00+00:00,4719.348164,5143.937791,8.2542
2024-12-12T18:00:00+00:00,4719.348164,5143.937791,8.2542
2024-12-12T18:15:00+00:00,4719.348164,5143.937791,8.2542
2024-12-12T18:30:00+00:00,4719.348164,5143.937791,8.2542
2024-12-12T18:45:00+00:00,4719.348164,5143.937791,8.2542
2024-12-12T19:00:00+00:00,4719.348164,5143.937791,8.2542
2024-12-12T19:15:00+00:00,4719.348164,5143.937791,8.2542
2024-12-12T19:30:00+00:00,4719.348164,5143.937791,8.2542
2024-12-12T19:45:00+00:00,4719.348164,5143.937791,8.2542
2024-12-12T20:00:00+00:00,4719.348164,5143.937791,8.2542
2024-12-12T20:15:00+00:00,4719.348164,5143.937791,8.2542
2024-12-12T20:30:00+00:00,4719.348164,5143.937791,8.2542
2024-12-12T20:45:00+00:00,4719.348164,5143.937791,8.2542
2024-12-12T21:00:00+00:00,4719.348164,5143.937791,8.2542
2024-12-12T21:15:00+00:00,4719.348164,5143.937791,8.2542
2024-12-12T21:30:00+00:00,4719.348164,5143.937791,8.2542
2024-12-12T21:45:00+00:00,4719.348164,5143.937791,8.2542
2024-12-12T22:00:00+00:00,4719.348164,5143.937791,8.2542
2024-12-12T22:15:00+00:00,4719.348164,5143.937791,8.2542
2024-12-12T22:30:00+00:00,4719.348164,5143.937791,8.2542
2024-12-12T22:45:00+00:00,4719.348164,5143.937791,8.2542
2024-12-12T23:00:00+00:00,4719.348164,5143.937791,8.2542
2024-12-12T23:15:00+00:00,4719.348164,5143.937791,8.2542
2024-12-12T23:30:00+00:00,4719.348164,5143.937791,8.2542
2024-12-12T23:45:00+00:00,4719.348164,5143.937791,8.2542
2024-12-13T00:00:00+00:00,4719.348164,5143.937791,8.2542
2024-12-13T00:15:00+00:00,4719.348164,5143.937791,8.2542
2024-12-13T00:30:00+00:00,4719.348164,5143.937791,8.2542
2024-12-13T00:45:00+00:00,4719.348164,5143.937791,8.2542
2024-12-13T01:00:00+00:00,4719.348164,5143.937791,8.2542
2024-12-13T01:15:00+00:00,4719.348164,5143.937791,8.2542
2024-12-13T01:30:00+00:00,4719.348164,5143.937791,8.2542
2024-12-13T01:45:00+00:00,4719.348164,5143.937791,8.2542
2024-12-13T02:00:00+00:00,4719.348164,5143.937791,8.2542
2024-12-13T02:15:00+00:00,4719.348164,5143.937791,8.2542
2024-12-13T02:30:00+00:00,4719.348164,5143.937791,8.2542
2024-12-13T02:45:00+00:00,4719.348164,5143.937791,8.2542
2024-12-13T03:00:00+00:00,4719.348164,5143.937791,8.2542
2024-12-13T03:15:00+00:00,4719.348164,5143.937791,8.2542
2024-12-13T03:30:00+00:00,4719.348164,5143.937791,8.2542
2024-12-13T03:45:00+00:00,4719.348164,5143.937791,8.2542
2024-12-13T04:00:00+00:00,4719.348164,5143.937791,8.2542
2024-12-13T04:15:00+00:00,4719.348164,5143.937791,8.2542
2024-12-13T04:30:00+00:00,4719.348164,5143.937791,8.2542
2024-12-13T04:45:00+00:00,4719.348164,5143.937791,8.2542
2024-12-13T05:00:00+00:00,4719.348164,5143.937791,8.2542
2024-12-13T05:15:00+00:00,4719.348164,5143.937791,8.2542
2024-12-13T05:30:00+00:00,4719.348164,5143.937791,8.2542
2024-12-13T05:45:00+00:00,4719.348164,5143.937791,8.2542
2024-12-13T06:00:00+00:00,4719.348164,5143.937791,8.2542
2024-12-13T06:15:00+00:00,4719.348164,5143.937791,8.2542
2024-12-13T06:30:00+00:00,4719.348164,5143.937791,8.2542
2024-12-13T06:45:00+00:00,4719.348164,5143.937791,8.2542
2024-12-13T07:00:00+00:00,4719.348164,5143.937791,8.2542
2024-12-13T07:15:00+00:00,4719.348164,5143.937791,8.2542
2024-12-13T07:30:00+00:00,4719.348164,5143.937791,8.2542
2024-12-13T07:45:00+00:00,4719.348164,5143.937791,8.2542
2024-12-13T08:00:00+00:00,4719.348164,5143.937791,8.2542
2024-12-13T08:15:00+00:00,4719.348164,5143.937791,8.2542
2024-12-13T08:30:00+00:00,4719.348164,5143.937791,8.2542
2024-12-13T08:45:00+00:00,4719.348164,5143.937791,8.2542
2024-12-13T09:00:00+00:00,4719.348164,5143.937791,8.2542
2024-12-13T09:15:00+00:00,4719.348164,5143.937791,8.2542
2024-12-13T09:30:00+00:00,4719.348164,5143.937791,8.2542
2024-12-13T09:45:00+00:00,4719.348164,5143.937791,8.2542
2024-12-13T10:00:00+00:00,4719.348164,5143.937791,8.2542
2024-12-13T10:15:00+00:00,4719.348164,5143.937791,8.2542
2024-12-13T10:30:00+00:00,4719.348164,5143.937791,8.2542
2024-12-13T10:45:00+00:00,4719.348164,5143.937791,8.2542
2024-12-13T11:00:00+00:00,4719.348164,5143.937791,8.2542
2024-12-13T11:15:00+00:00,4719.348164,5143.937791,8.2542
2024-12-13T11:30:00+00:00,4719.348164,5143.937791,8.2542
2024-12-13T11:45:00+00:00,4719.348164,5143.937791,8.2542
2024-12-13T12:00:00+00:00,4719.348164,5143.937791,8.2542
2024-12-13T12:15:00+00:00,4719.348164,5143.937791,8.2542
2024-12-13T12:30:00+00:00,4719.348164,5143.937791,8.2542
2024-12-13T12:45:00+00:00,4719.348164,5143.937791,8.2542
2024-12-13T13:00:00+00:00,4719.348164,5143.937791,8.2542
2024-12-13T13:15:00+00:00,4719.348164,5143.937791,8.2542
2024-12-13T13:30:00+00:00,4719.348164,5143.937791,8.2542
2024-12-13T13:45:00+00:00,4719.348164,5143.937791,8.2542
2024-12-13T14:00:00+00:00,4719.348164,5143.937791,8.2542
2024-12-13T14:15:00+00:00,4719.348164,5143.937791,8.2542
2024-12-13T14:30:00+00:00,4719.348164,5143.937791,8.2542
2024-12-13T14:45:00+00:00,4719.348164,5143.937791,8.2542
2024-12-13T15:00:00+00:00,4719.348164,5143.937791,8.2542
2024-12-13T15:15:00+00:00,4719.348164,5143.937791,8.2542
2024-12-13T15:30:00+00:00,4719.348164,5143.937791,8.2542
2024-12-13T15:45:00+00:00,4719.348164,5143.937791,8.2542
2024-12-13T16:00:00+00:00,4719.348164,5143.937791,8.2542
2024-12-13T16:15:00+00:00,4719.348164,5143.937791,8.2542
2024-12-13T16:30:00+00:00,4719.348164,5143.937791,8.2542
2024-12-13T16:45:00+00:00,4719.348164,5143.937791,8.2542
2024-12-13T17:00:00+00:00,4719.348164,5143.937791,8.2542
2024-12-13T17:15:00+00:00,4719.348164,5143.937791,8.2542
2024-12-13T17:30:00+00:00,4719.348164,5143.937791,8.2542
2024-12-13T17:45:00+00:00,4719.348164,5143.937791,8.2542
2024-12-13T18:00:00+00:00,4719.348164,5143.937791,8.2542
2024-12-13T18:15:00+00:00,4719.348164,5143.937791,8.2542
2024-12-13T18:30:00+00:00,4719.348164,5143.937791,8.2542
2024-12-13T18:45:00+00:00,4719.348164,5143.937791,8.2542
2024-12-13T19:00:00+00:00,4719.348164,5143.937791,8.2542
2024-12-13T19:15:00+00:00,4719.348164,5143.937791,8.2542
2024-12-13T19:30:00+00:00,4719.348164,5143.937791,8.2542
2024-12-13T19:45:00+00:00,4719.348164,5143.937791,8.2542
2024-12-13T20:00:00+00:00,4719.348164,5143.937791,8.2542
2024-12-13T20:15:00+00:00,4719.348164,5143.937791,8.2542
2024-12-13T20:30:00+00:00,4719.348164,5143.937791,8.2542
2024-12-13T20:45:00+00:00,4719.348164,5143.937791,8.2542
2024-12-13T21:00:00+00:00,4719.348164,5143.937791,8.2542
2024-12-13T21:15:00+00:00,4719.348164,5143.937791,8.2542
2024-12-13T21:30:00+00:00,4719.348164,5143.937791,8.2542
2024-12-13T21:45:00+00:00,4719.348164,5143.937791,8.2542
2024-12-13T22:00:00+00:00,4719.348164,5143.937791,8.2542
2024-12-13T22:15:00+00:00,4719.348164,5143.937791,8.2542
2024-12-13T22:30:00+00:00,4719.348164,5143.937791,8.2542
2024-12-13T22:45:00+00:00,4719.348164,5143.937791,8.2542
2024-12-13T23:00:00+00:00,4719.348164,5143.937791,8.2542
2024-12-13T23:15:00+00:00,4719.348164,5143.937791,8.2542
2024-12-13T23:30:00+00:00,4719.348164,5143.937791,8.2542
2024-12-13T23:45:00+00:00,4719.348164,5143.937791,8.2542
2024-12-14T00:00:00+00:00,4719.348164,5143.937791,8.2542
2024-12-14T00:15:00+00:00,4719.348164,5143.937791,8.2542
2024-12-14T00:30:00+00:00,4719.348164,5143.937791,8.2542
2024-12-14T00:45:00+00:00,4719.348164,5143.937791,8.2542
2024-12-14T01:00:00+00:00,4719.348164,5143.937791,8.2542
2024-12-14T01:15:00+00:00,4719.348164,5143.937791,8.2542
2024-12-14T01:30:00+00:00,4719.348164,5143.937791,8.2542
2024-12-14T01:45:00+00:00,4719.348164,5143.937791,8.2542
2024-12-14T02:00:00+00:00,4719.348164,5143.937791,8.2542
2024-12-14T02:15:00+00:00,4719.348164,5143.937791,8.2542
2024-12-14T02:30:00+00:00,4719.348164,5143.937791,8.2542
2024-12-14T02:45:00+00:00,4719.348164,5143.937791,8.2542
2024-12-14T03:00:00+00:00,4719.348164,5143.937791,8.2542
2024-12-14T03:15:00+00:00,4719.348164,5143.937791,8.2542
2024-12-14T03:30:00+00:00,4719.348164,5143.937791,8.2542
2024-12-14T03:45:00+00:00,4719.348164,5143.937791,8.2542
2024-12-14T04:00:00+00:00,4719.348164,5143.937791,8.2542
2024-12-14T04:15:00+00:00,4719.348164,5143.937791,8.2542
2024-12-14T04:30:00+00:00,4719.348164,5143.937791,8.2542
2024-12-14T04:45:00+00:00,4719.348164,5143.937791,8.2542
2024-12-14T05:00:00+00:00,4719.348164,5143.937791,8.2542
2024-12-14T05:15:00+00:00,4719.348164,5143.937791,8.2542
2024-12-14T05:30:00+00:00,4719.348164,5143.937791,8.2542
2024-12-14T05:45:00+00:00,4719.348164,5143.937791,8.2542
2024-12-14T06:00:00+00:00,4719.348164,5143.937791,8.2542
2024-12-14T06:15:00+00:00,4719.348164,5143.937791,8.2542
2024-12-14T06:30:00+00:00,4719.348164,5143.937791,8.2542
2024-12-14T06:45:00+00:00,4719.348164,5143.937791,8.2542
2024-12-14T07:00:00+00:00,4719.348164,5143.937791,8.2542
2024-12-14T07:15:00+00:00,4719.348164,5143.937791,8.2542
2024-12-14T07:30:00+00:00,4719.348164,5143.937791,8.2542
2024-12-14T07:45:00+00:00,4719.348164,5143.937791,8.2542
2024-12-14T08:00:00+00:00,4719.348164,5143.937791,8.2542
2024-12-14T08:15:00+00:00,4719.348164,5143.937791,8.2542
2024-12-14T08:30:00+00:00,4719.348164,5143.937791,8.2542
2024-12-14T08:45:00+00:00,4719.348164,5143.937791,8.2542
2024-12-14T09:00:00+00:00,4719.348164,5143.937791,8.2542
2024-12-14T09:15:00+00:00,4719.348164,5143.937791,8.2542
2024-12-14T09:30:00+00:00,4719.348164,5143.937791,8.2542
2024-12-14T09:45:00+00:00,4719.348164,5143.937791,8.2542
2024-12-14T10:00:00+00:00,4719.348164,5143.937791,8.2542
2024-12-14T10:15:00+00:00,4719.348164,5143.937791,8.2542
2024-12-14T10:30:00+00:00,4719.348164,5143.937791,8.2542
2024-12-14T10:45:00+00:00,4719.348164,5143.937791,8.2542
2024-12-14T11:00:00+00:00,4719.348164,5143.937791,8.2542
2024-12-14T11:15:00+00:00,4719.348164,5143.937791,8.2542
2024-12-14T11:30:00+00:00,4719.348164,5143.937791,8.2542
2024-12-14T11:45:00+00:00,4719.348164,5143.937791,8.2542
2024-12-14T12:00:00+00:00,4719.348164,5143.937791,8.2542
2024-12-14T12:15:00+00:00,4719.348164,5143.937791,8.2542
2024-12-14T12:30:00+00:00,4719.348164,5143.937791,8.2542
2024-12-14T12:45:00+00:00,4719.348164,5143.937791,8.2542
2024-12-14T13:00:00+00:00,4719.348164,5143.937791,8.2542
2024-12-14T13:15:00+00:00,4719.348164,5143.937791,8.2542
2024-12-14T13:30:00+00:00,4719.348164,5143.937791,8.2542
2024-12-14T13:45:00+00:00,4719.348164,5143.937791,8.2542
2024-12-14T14:00:00+00:00,4719.348164,5143.937791,8.2542
2024-12-14T14:15:00+00:00,4719.348164,5143.937791,8.2542
2024-12-14T14:30:00+00:00,4719.348164,5143.937791,8.2542
2024-12-14T14:45:00+00:00,4719.348164,5143.937791,8.2542
2024-12-14T15:00:00+00:00,4719.348164,5143.937791,8.2542
2024-12-14T15:15:00+00:00,4719.348164,5143.937791,8.2542
2024-12-14T15:30:00+00:00,4719.348164,5143.937791,8.2542
2024-12-14T15:45:00+00:00,4719.348164,5143.937791,8.2542
2024-12-14T16:00:00+00:00,4719.348164,5143.937791,8.2542
2024-12-14T16:15:00+00:00,4719.348164,5143.937791,8.2542
2024-12-14T16:30:00+00:00,4719.348164,5143.937791,8.2542
2024-12-14T16:45:00+00:00,4719.348164,5143.937791,8.2542
2024-12-14T17:00:00+00:00,4719.348164,5143.937791,8.2542
2024-12-14T17:15:00+00:00,4719.348164,5143.937791,8.2542
2024-12-14T17:30:00+00:00,4719.348164,5143.937791,8.2542
2024-12-14T17:45:00+00:00,4719.348164,5143.937791,8.2542
2024-12-14T18:00:00+00:00,4719.348164,5143.937791,8.2542
2024-12-14T18:15:00+00:00,4719.348164,5143.937791,8.2542
2024-12-14T18:30:00+00:00,4719.348164,5143.937791,8.2542
2024-12-14T18:45:00+00:00,4719.348164,5143.937791,8.2542
2024-12-14T19:00:00+00:00,4719.348164,5143.937791,8.2542
2024-12-14T19:15:00+00:00,4719.348164,5143.937791,8.2542
2024-12-14T19:30:00+00:00,4719.348164,5143.937791,8.2542
2024-12-14T19:45:00+00:00,4719.348164,5143.937791,8.2542
2024-12-14T20:00:00+00:00,4719.348164,5143.937791,8.2542
2024-12-14T20:15:00+00:00,4719.348164,5143.937791,8.2542
2024-12-14T20:30:00+00:00,4719.348164,5143.937791,8.2542
2024-12-14T20:45:00+00:00,4719.348164,5143.937791,8.2542
2024-12-14T21:00:00+00:00,4719.348164,5143.937791,8.2542
2024-12-14T21:15:00+00:00,4719.348164,5143.937791,8.2542
2024-12-14T21:30:00+00:00,4719.348164,5143.937791,8.2542
2024-12-14T21:45:00+00:00,4719.348164,5143.937791,8.2542
2024-12-14T22:00:00+00:00,4719.348164,5143.937791,8.2542
2024-12-14T22:15:00+00:00,4719.348164,5143.937791,8.2542
2024-12-14T22:30:00+00:00,4719.348164,5143.937791,8.2542
2024-12-14T22:45:00+00:00,4719.348164,5143.937791,8.2542
2024-12-14T23:00:00+00:00,4719.348164,5143.937791,8.2542
2024-12-14T23:15:00+00:00,4719.348164,5143.937791,8.2542
2024-12-14T23:30:00+00:00,4719.348164,5143.937791,8.2542
2024-12-14T23:45:00+00:00,4719.348164,5143.937791,8.2542
2024-12-15T00:00:00+00:00,4719.348164,5143.937791,8.2542
2024-12-15T00:15:00+00:00,4719.348164,5143.937791,8.2542
2024-12-15T00:30:00+00:00,4719.348164,5143.937791,8.2542
2024-12-15T00:45:00+00:00,4719.348164,5143.937791,8.2542
2024-12-15T01:00:00+00:00,4719.348164,5143.937791,8.2542
2024-12-15T01:15:00+00:00,4719.348164,5143.937791,8.2542
2024-12-15T01:30:00+00:00,4719.348164,5143.937791,8.2542
2024-12-15T01:45:00+00:00,4719.348164,5143.937791,8.2542
2024-12-15T02:00:00+00:00,4719.348164,5143.937791,8.2542
2024-12-15T02:15:00+00:00,4719.348164,5143.937791,8.2542
2024-12-15T02:30:00+00:00,4719.348164,5143.937791,8.2542
2024-12-15T02:45:00+00:00,4719.348164,5143.937791,8.2542
2024-12-15T03:00:00+00:00,4719.348164,5143.937791,8.2542
2024-12-15T03:15:00+00:00,4719.348164,5143.937791,8.2542
2024-12-15T03:30:00+00:00,4719.348164,5143.937791,8.2542
2024-12-15T03:45:00+00:00,4719.348164,5143.937791,8.2542
2024-12-15T04:00:00+00:00,4719.348164,5143.937791,8.2542
2024-12-15T04:15:00+00:00,4719.348164,5143.937791,8.2542
2024-12-15T04:30:00+00:00,4719.348164,5143.937791,8.2542
2024-12-15T04:45:00+00:00,4719.348164,5143.937791,8.2542
2024-12-15T05:00:00+00:00,4719.348164,5143.937791,8.2542
2024-12-15T05:15:00+00:00,4719.348164,5143.937791,8.2542
2024-12-15T05:30:00+00:00,4719.348164,5143.937791,8.2542
2024-12-15T05:45:00+00:00,4719.348164,5143.937791,8.2542
2024-12-15T06:00:00+00:00,4719.348164,5143.937791,8.2542
2024-12-15T06:15:00+00:00,4719.348164,5143.937791,8.2542
2024-12-15T06:30:00+00:00,4719.348164,5143.937791,8.2542
2024-12-15T06:45:00+00:00,4719.348164,5143.937791,8.2542
2024-12-15T07:00:00+00:00,4719.348164,5143.937791,8.2542
2024-12-15T07:15:00+00:00,4719.348164,5143.937791,8.2542
2024-12-15T07:30:00+00:00,4719.348164,5143.937791,8.2542
2024-12-15T07:45:00+00:00,4719.348164,5143.937791,8.2542
2024-12-15T08:00:00+00:00,4719.348164,5143.937791,8.2542
2024-12-15T08:15:00+00:00,4719.348164,5143.937791,8.2542
2024-12-15T08:30:00+00:00,4719.348164,5143.937791,8.2542
2024-12-15T08:45:00+00:00,4719.348164,5143.937791,8.2542
2024-12-15T09:00:00+00:00,4719.348164,5143.937791,8.2542
2024-12-15T09:15:00+00:00,4719.348164,5143.937791,8.2542
2024-12-15T09:30:00+00:00,4719.348164,5143.937791,8.2542
2024-12-15T09:45:00+00:00,4719.348164,5143.937791,8.2542
2024-12-15T10:00:00+00:00,4719.348164,5143.937791,8.2542
2024-12-15T10:15:00+00:00,4719.348164,5143.937791,8.2542
2024-12-15T10:30:00+00:00,4719.348164,5143.937791,8.2542
2024-12-15T10:45:00+00:00,4719.348164,5143.937791,8.2542
2024-12-15T11:00:00+00:00,4719.348164,5143.937791,8.2542
2024-12-15T11:15:00+00:00,4719.348164,5143.937791,8.2542
2024-12-15T11:30:00+00:00,4719.348164,5143.937791,8.2542
2024-12-15T11:45:00+00:00,4719.348164,5143.937791,8.2542
2024-12-15T12:00:00+00:00,4719.348164,5143.937791,8.2542
2024-12-15T12:15:00+00:00,4719.348164,5143.937791,8.2542
2024-12-15T12:30:00+00:00,4719.348164,5143.937791,8.2542
2024-12-15T12:45:00+00:00,4719.348164,5143.937791,8.2542
2024-12-15T13:00:00+00:00,4719.348164,5143.937791,8.2542
2024-12-15T13:15:00+00:00,4719.348164,5143.937791,8.2542
2024-12-15T13:30:00+00:00,4719.348164,5143.937791,8.2542
2024-12-15T13:45:00+00:00,4719.348164,5143.937791,8.2542
2024-12-15T14:00:00+00:00,4719.348164,5143.937791,8.2542
2024-12-15T14:15:00+00:00,4719.348164,5143.937791,8.2542
2024-12-15T14:30:00+00:00,4719.348164,5143.937791,8.2542
2024-12-15T14:45:00+00:00,4719.348164,5143.937791,8.2542
2024-12-15T15:00:00+00:00,4719.348164,5143.937791,8.2542
2024-12-15T15:15:00+00:00,4719.348164,5143.937791,8.2542
2024-12-15T15:30:00+00:00,4719.348164,5143.937791,8.2542
2024-12-15T15:45:00+00:00,4719.348164,5143.937791,8.2542
2024-12-15T16:00:00+00:00,4719.348164,5143.937791,8.2542
2024-12-15T16:15:00+00:00,4719.348164,5143.937791,8.2542
2024-12-15T16:30:00+00:00,4719.348164,5143.937791,8.2542
2024-12-15T16:45:00+00:00,4719.348164,5143.937791,8.2542
2024-12-15T17:00:00+00:00,4719.348164,5143.937791,8.2542
2024-12-15T17:15:00+00:00,4719.348164,5143.937791,8.2542
2024-12-15T17:30:00+00:00,4719.348164,5143.937791,8.2542
2024-12-15T17:45:00+00:00,4719.348164,5143.937791,8.2542
2024-12-15T18:00:00+00:00,4719.348164,5143.937791,8.2542
2024-12-15T18:15:00+00:00,4719.348164,5143.937791,8.2542
2024-12-15T18:30:00+00:00,4719.348164,5143.937791,8.2542
2024-12-15T18:45:00+00:00,4719.348164,5143.937791,8.2542
2024-12-15T19:00:00+00:00,4719.348164,5143.937791,8.2542
2024-12-15T19:15:00+00:00,4719.348164,5143.937791,8.2542
2024-12-15T19:30:00+00:00,4719.348164,5143.937791,8.2542
2024-12-15T19:45:00+00:00,4719.348164,5143.937791,8.2542
2024-12-15T20:00:00+00:00,4719.348164,5143.937791,8.2542
2024-12-15T20:15:00+00:00,4719.348164,5143.937791,8.2542
2024-12-15T20:30:00+00:00,4719.348164,5143.937791,8.2542
2024-12-15T20:45:00+00:00,4719.348164,5143.937791,8.2542
2024-12-15T21:00:00+00:00,4719.348164,5143.937791,8.2542
2024-12-15T21:15:00+00:00,4719.348164,5143.937791,8.2542
2024-12-15T21:30:00+00:00,4719.348164,5143.937791,8.2542
2024-12-15T21:45:00+00:00,4719.348164,5143.937791,8.2542
2024-12-15T22:00:00+00:00,4719.348164,5143.937791,8.2542
2024-12-15T22:15:00+00:00,4719.348164,5143.937791,8.2542
2024-12-15T22:30:00+00:00,4719.348164,5143.937791,8.2542
2024-12-15T22:45:00+00:00,4719.348164,5143.937791,8.2542
2024-12-15T23:00:00+00:00,4719.348164,5143.937791,8.2542
2024-12-15T23:15:00+00:00,4719.348164,5143.937791,8.2542
2024-12-15T23:30:00+00:00,4719.348164,5143.937791,8.2542
2024-12-15T23:45:00+00:00,4719.348164,5143.937791,8.2542
2024-12-16T00:00:00+00:00,4719.348164,5143.937791,8.2542
2024-12-16T00:15:00+00:00,4719.348164,5143.937791,8.2542
2024-12-16T00:30:00+00:00,4719.348164,5143.937791,8.2542
2024-12-16T00:45:00+00:00,4719.348164,5143.937791,8.2542
2024-12-16T01:00:00+00:00,4719.348164,5143.937791,8.2542
2024-12-16T01:15:00+00:00,4719.348164,5143.937791,8.2542
2024-12-16T01:30:00+00:00,4719.348164,5143.937791,8.2542
2024-12-16T01:45:00+00:00,4719.348164,5143.937791,8.2542
2024-12-16T02:00:00+00:00,4719.348164,5143.937791,8.2542
2024-12-16T02:15:00+00:00,4719.348164,5143.937791,8.2542
2024-12-16T02:30:00+00:00,4719.348164,5143.937791,8.2542
2024-12-16T02:45:00+00:00,4719.348164,5143.937791,8.2542
2024-12-16T03:00:00+00:00,4719.348164,5143.937791,8.2542
2024-12-16T03:15:00+00:00,4719.348164,5143.937791,8.2542
2024-12-16T03:30:00+00:00,4719.348164,5143.937791,8.2542
2024-12-16T03:45:00+00:00,4719.348164,5143.937791,8.2542
2024-12-16T04:00:00+00:00,4719.348164,5143.937791,8.2542
2024-12-16T04:15:00+00:00,4719.348164,5143.937791,8.2542
2024-12-16T04:30:00+00:00,4719.348164,5143.937791,8.2542
2024-12-16T04:45:00+00:00,4719.348164,5143.937791,8.2542
2024-12-16T05:00:00+00:00,4719.348164,5143.937791,8.2542
2024-12-16T05:15:00+00:00,4719.348164,5143.937791,8.2542
2024-12-16T05:30:00+00:00,4719.348164,5143.937791,8.2542
2024-12-16T05:45:00+00:00,4719.348164,5143.937791,8.2542
2024-12-16T06:00:00+00:00,4719.348164,5143.937791,8.2542
2024-12-16T06:15:00+00:00,4719.348164,5143.937791,8.2542
2024-12-16T06:30:00+00:00,4719.348164,5143.937791,8.2542
2024-12-16T06:45:00+00:00,4719.348164,5143.937791,8.2542
2024-12-16T07:00:00+00:00,4719.348164,5143.937791,8.2542
2024-12-16T07:15:00+00:00,4719.348164,5143.937791,8.2542
2024-12-16T07:30:00+00:00,4719.348164,5143.937791,8.2542
2024-12-16T07:45:00+00:00,4719.348164,5143.937791,8.2542
2024-12-16T08:00:00+00:00,4719.348164,5143.937791,8.2542
2024-12-16T08:15:00+00:00,4719.348164,5143.937791,8.2542
2024-12-16T08:30:00+00:00,4719.348164,5143.937791,8.2542
2024-12-16T08:45:00+00:00,4719.348164,5143.937791,8.2542
2024-12-16T09:00:00+00:00,4719.348164,5143.937791,8.2542
2024-12-16T09:15:00+00:00,4719.348164,5143.937791,8.2542
2024-12-16T09:30:00+00:00,4719.348164,5143.937791,8.2542
2024-12-16T09:45:00+00:00,4719.348164,5143.937791,8.2542
2024-12-16T10:00:00+00:00,4719.348164,5143.937791,8.2542
2024-12-16T10:15:00+00:00,4719.348164,5143.937791,8.2542
2024-12-16T10:30:00+00:00,4719.348164,5143.937791,8.2542
2024-12-16T10:45:00+00:00,4719.348164,5143.937791,8.2542
2024-12-16T11:00:00+00:00,4719.348164,5143.937791,8.2542
2024-12-16T11:15:00+00:00,4719.348164,5143.937791,8.2542
2024-12-16T11:30:00+00:00,4719.348164,5143.937791,8.2542
2024-12-16T11:45:00+00:00,4719.348164,5143.937791,8.2542
2024-12-16T12:00:00+00:00,4719.348164,5143.937791,8.2542
2024-12-16T12:15:00+00:00,4719.348164,5143.937791,8.2542
2024-12-16T12:30:00+00:00,4719.348164,5143.937791,8.2542
2024-12-16T12:45:00+00:00,4719.348164,5143.937791,8.2542
2024-12-16T13:00:00+00:00,4719.348164,5143.937791,8.2542
2024-12-16T13:15:00+00:00,4719.348164,5143.937791,8.2542
2024-12-16T13:30:00+00:00,4719.348164,5143.937791,8.2542
2024-12-16T13:45:00+00:00,4719.348164,5143.937791,8.2542
2024-12-16T14:00:00+00:00,4719.348164,5143.937791,8.2542
2024-12-16T14:15:00+00:00,4719.348164,5143.937791,8.2542
2024-12-16T14:30:00+00:00,4719.348164,5143.937791,8.2542
2024-12-16T14:45:00+00:00,4719.348164,5143.937791,8.2542
2024-12-16T15:00:00+00:00,4719.348164,5143.937791,8.2542
2024-12-16T15:15:00+00:00,4719.348164,5143.937791,8.2542
2024-12-16T15:30:00+00:00,4719.348164,5143.937791,8.2542
2024-12-16T15:45:00+00:00,4719.348164,5143.937791,8.2542
2024-12-16T16:00:00+00:00,4719.348164,5143.937791,8.2542
2024-12-16T16:15:00+00:00,4719.348164,5143.937791,8.2542
2024-12-16T16:30:00+00:00,4719.348164,5143.937791,8.2542
2024-12-16T16:45:00+00:00,4719.348164,5143.937791,8.2542
2024-12-16T17:00:00+00:00,4719.348164,5143.937791,8.2542
2024-12-16T17:15:00+00:00,4719.348164,5143.937791,8.2542
2024-12-16T17:30:00+00:00,4719.348164,5143.937791,8.2542
2024-12-16T17:45:00+00:00,4719.348164,5143.937791,8.2542
2024-12-16T18:00:00+00:00,4719.348164,5143.937791,8.2542
2024-12-16T18:15:00+00:00,4719.348164,5143.937791,8.2542
2024-12-16T18:30:00+00:00,4719.348164,5143.937791,8.2542
2024-12-16T18:45:00+00:00,4719.348164,5143.937791,8.2542
2024-12-16T19:00:00+00:00,4719.348164,5143.937791,8.2542
2024-12-16T19:15:00+00:00,4719.348164,5143.937791,8.2542
2024-12-16T19:30:00+00:00,4719.348164,5143.937791,8.2542
2024-12-16T19:45:00+00:00,4719.348164,5143.937791,8.2542
2024-12-16T20:00:00+00:00,4719.348164,5143.937791,8.2542
2024-12-16T20:15:00+00:00,4719.348164,5143.937791,8.2542
2024-12-16T20:30:00+00:00,4719.348164,5143.937791,8.2542
2024-12-16T20:45:00+00:00,4719.348164,5143.937791,8.2542
2024-12-16T21:00:00+00:00,4719.348164,5143.937791,8.2542
2024-12-16T21:15:00+00:00,4719.348164,5143.937791,8.2542
2024-12-16T21:30:00+00:00,4719.348164,5143.937791,8.2542
2024-12-16T21:45:00+00:00,4719.348164,5143.937791,8.2542
2024-12-16T22:00:00+00:00,4719.348164,5143.937791,8.2542
2024-12-16T22:15:00+00:00,4719.348164,5143.937791,8.2542
2024-12-16T22:30:00+00:00,4719.348164,5143.937791,8.2542
2024-12-16T22:45:00+00:00,4719.348164,5143.937791,8.2542
2024-12-16T23:00:00+00:00,4719.348164,5143.937791,8.2542
2024-12-16T23:15:00+00:00,4719.348164,5143.937791,8.2542
2024-12-16T23:30:00+00:00,4719.348164,5143.937791,8.2542
2024-12-16T23:45:00+00:00,4719.348164,5143.937791,8.2542
2024-12-17T00:00:00+00:00,4719.348164,5143.937791,8.2542
2024-12-17T00:15:00+00:00,4719.348164,5143.937791,8.2542
2024-12-17T00:30:00+00:00,4719.348164,5143.937791,8.2542
2024-12-17T00:45:00+00:00,4719.348164,5143.937791,8.2542
2024-12-17T01:00:00+00:00,4719.348164,5143.937791,8.2542
2024-12-17T01:15:00+00:00,4719.348164,5143.937791,8.2542
2024-12-17T01:30:00+00:00,4719.348164,5143.937791,8.2542
2024-12-17T01:45:00+00:00,4719.348164,5143.937791,8.2542
2024-12-17T02:00:00+00:00,4719.348164,5143.937791,8.2542
2024-12-17T02:15:00+00:00,4719.348164,5143.937791,8.2542
2024-12-17T02:30:00+00:00,4719.348164,5143.937791,8.2542
2024-12-17T02:45:00+00:00,4719.348164,5143.937791,8.2542
2024-12-17T03:00:00+00:00,4719.348164,5143.937791,8.2542
2024-12-17T03:15:00+00:00,4719.348164,5143.937791,8.2542
2024-12-17T03:30:00+00:00,4719.348164,5143.937791,8.2542
2024-12-17T03:45:00+00:00,4719.348164,5143.937791,8.2542
2024-12-17T04:00:00+00:00,4719.348164,5143.937791,8.2542
2024-12-17T04:15:00+00:00,4719.348164,5143.937791,8.2542
2024-12-17T04:30:00+00:00,4719.348164,5143.937791,8.2542
2024-12-17T04:45:00+00:00,4719.348164,5143.937791,8.2542
2024-12-17T05:00:00+00:00,4719.348164,5143.937791,8.2542
2024-12-17T05:15:00+00:00,4719.348164,5143.937791,8.2542
2024-12-17T05:30:00+00:00,4719.348164,5143.937791,8.2542
2024-12-17T05:45:00+00:00,4719.348164,5143.937791,8.2542
2024-12-17T06:00:00+00:00,4719.348164,5143.937791,8.2542
2024-12-17T06:15:00+00:00,4719.348164,5143.937791,8.2542
2024-12-17T06:30:00+00:00,4719.348164,5143.937791,8.2542
2024-12-17T06:45:00+00:00,4719.348164,5143.937791,8.2542
2024-12-17T07:00:00+00:00,4719.348164,5143.937791,8.2542
2024-12-17T07:15:00+00:00,4719.348164,5143.937791,8.2542
2024-12-17T07:30:00+00:00,4719.348164,5143.937791,8.2542
2024-12-17T07:45:00+00:00,4719.348164,5143.937791,8.2542
2024-12-17T08:00:00+00:00,4719.348164,5143.937791,8.2542
2024-12-17T08:15:00+00:00,4719.348164,5143.937791,8.2542
2024-12-17T08:30:00+00:00,4719.348164,5143.937791,8.2542
2024-12-17T08:45:00+00:00,4719.348164,5143.937791,8.2542
2024-12-17T09:00:00+00:00,4719.348164,5143.937791,8.2542
2024-12-17T09:15:00+00:00,4719.348164,5143.937791,8.2542
2024-12-17T09:30:00+00:00,4719.348164,5143.937791,8.2542
2024-12-17T09:45:00+00:00,4719.348164,5143.937791,8.2542
2024-12-17T10:00:00+00:00,4719.348164,5143.937791,8.2542
2024-12-17T10:15:00+00:00,4719.348164,5143.937791,8.2542
2024-12-17T10:30:00+00:00,4719.348164,5143.937791,8.2542
2024-12-17T10:45:00+00:00,4719.348164,5143.937791,8.2542
2024-12-17T11:00:00+00:00,4719.348164,5143.937791,8.2542
2024-12-17T11:15:00+00:00,4719.348164,5143.937791,8.2542
2024-12-17T11:30:00+00:00,4719.348164,5143.937791,8.2542
2024-12-17T11:45:00+00:00,4719.348164,5143.937791,8.2542
2024-12-17T12:00:00+00:00,4719.348164,5143.937791,8.2542
2024-12-17T12:15:00+00:00,4719.348164,5143.937791,8.2542
2024-12-17T12:30:00+00:00,4719.348164,5143.937791,8.2542
2024-12-17T12:45:00+00:00,4719.348164,5143.937791,8.2542
2024-12-17T13:00:00+00:00,4719.348164,5143.937791,8.2542
2024-12-17T13:15:00+00:00,4719.348164,5143.937791,8.2542
2024-12-17T13:30:00+00:00,4719.348164,5143.937791,8.2542
2024-12-17T13:45:00+00:00,4719.348164,5143.937791,8.2542
2024-12-17T14:00:00+00:00,4719.348164,5143.937791,8.2542
2024-12-17T14:15:00+00:00,4719.348164,5143.937791,8.2542
2024-12-17T14:30:00+00:00,4719.348164,5143.937791,8.2542
2024-12-17T14:45:00+00:00,4719.348164,5143.937791,8.2542
2024-12-17T15:00:00+00:00,4719.348164,5143.937791,8.2542
2024-12-17T15:15:00+00:00,4719.348164,5143.937791,8.2542
2024-12-17T15:30:00+00:00,4719.348164,5143.937791,8.2542
2024-12-17T15:45:00+00:00,4719.348164,5143.937791,8.2542
2024-12-17T16:00:00+00:00,4719.348164,5143.937791,8.2542
2024-12-17T16:15:00+00:00,4719.348164,5143.937791,8.2542
2024-12-17T16:30:00+00:00,4719.348164,5143.937791,8.2542
2024-12-17T16:45:00+00:00,4719.348164,5143.937791,8.2542
2024-12-17T17:00:00+00:00,4719.348164,5143.937791,8.2542
2024-12-17T17:15:00+00:00,4719.348164,5143.937791,8.2542
2024-12-17T17:30:00+00:00,4719.348164,5143.937791,8.2542
2024-12-17T17:45:00+00:00,4719.348164,5143.937791,8.2542
2024-12-17T18:00:00+00:00,4719.348164,5143.937791,8.2542
2024-12-17T18:15:00+00:00,4719.348164,5143.937791,8.2542
2024-12-17T18:30:00+00:00,4719.348164,5143.937791,8.2542
2024-12-17T18:45:00+00:00,4719.348164,5143.937791,8.2542
2024-12-17T19:00:00+00:00,4719.348164,5143.937791,8.2542
2024-12-17T19:15:00+00:00,4719.348164,5143.937791,8.2542
2024-12-17T19:30:00+00:00,4719.348164,5143.937791,8.2542
2024-12-17T19:45:00+00:00,4719.348164,5143.937791,8.2542
2024-12-17T20:00:00+00:00,4719.348164,5143.937791,8.2542
2024-12-17T20:15:00+00:00,4719.348164,5143.937791,8.2542
2024-12-17T20:30:00+00:00,4719.348164,5143.937791,8.2542
2024-12-17T20:45:00+00:00,4719.348164,5143.937791,8.2542
2024-12-17T21:00:00+00:00,4719.348164,5143.937791,8.2542
2024-12-17T21:15:00+00:00,4719.348164,5143.937791,8.2542
2024-12-17T21:30:00+00:00,4719.348164,5143.937791,8.2542
2024-12-17T21:45:00+00:00,4719.348164,5143.937791,8.2542
2024-12-17T22:00:00+00:00,4719.348164,5143.937791,8.2542
2024-12-17T22:15:00+00:00,4719.348164,5143.937791,8.2542
2024-12-17T22:30:00+00:00,4719.348164,5143.937791,8.2542
2024-12-17T22:45:00+00:00,4719.348164,5143.937791,8.2542
2024-12-17T23:00:00+00:00,4719.348164,5143.937791,8.2542
2024-12-17T23:15:00+00:00,4719.348164,5143.937791,8.2542
2024-12-17T23:30:00+00:00,4719.348164,5143.937791,8.2542
2024-12-17T23:45:00+00:00,4719.348164,5143.937791,8.2542
2024-12-18T00:00:00+00:00,4719.348164,5143.937791,8.2542
2024-12-18T00:15:00+00:00,4719.348164,5143.937791,8.2542
2024-12-18T00:30:00+00:00,4719.348164,5143.937791,8.2542
2024-12-18T00:45:00+00:00,4719.348164,5143.937791,8.2542
2024-12-18T01:00:00+00:00,4719.348164,5143.937791,8.2542
2024-12-18T01:15:00+00:00,4719.348164,5143.937791,8.2542
2024-12-18T01:30:00+00:00,4719.348164,5143.937791,8.2542
2024-12-18T01:45:00+00:00,4719.348164,5143.937791,8.2542
2024-12-18T02:00:00+00:00,4719.348164,5143.937791,8.2542
2024-12-18T02:15:00+00:00,4719.348164,5143.937791,8.2542
2024-12-18T02:30:00+00:00,4719.348164,5143.937791,8.2542
2024-12-18T02:45:00+00:00,4719.348164,5143.937791,8.2542
2024-12-18T03:00:00+00:00,4719.348164,5143.937791,8.2542
2024-12-18T03:15:00+00:00,4719.348164,5143.937791,8.2542
2024-12-18T03:30:00+00:00,4719.348164,5143.937791,8.2542
2024-12-18T03:45:00+00:00,4719.348164,5143.937791,8.2542
2024-12-18T04:00:00+00:00,4719.348164,5143.937791,8.2542
2024-12-18T04:15:00+00:00,4719.348164,5143.937791,8.2542
2024-12-18T04:30:00+00:00,4719.348164,5143.937791,8.2542
2024-12-18T04:45:00+00:00,4719.348164,5143.937791,8.2542
2024-12-18T05:00:00+00:00,4719.348164,5143.937791,8.2542
2024-12-18T05:15:00+00:00,4719.348164,5143.937791,8.2542
2024-12-18T05:30:00+00:00,4719.348164,5143.937791,8.2542
2024-12-18T05:45:00+00:00,4719.348164,5143.937791,8.2542
2024-12-18T06:00:00+00:00,4719.348164,5143.937791,8.2542
2024-12-18T06:15:00+00:00,4719.348164,5143.937791,8.2542
2024-12-18T06:30:00+00:00,4719.348164,5143.937791,8.2542
2024-12-18T06:45:00+00:00,4719.348164,5143.937791,8.2542
2024-12-18T07:00:00+00:00,4719.348164,5143.937791,8.2542
2024-12-18T07:15:00+00:00,4719.348164,5143.937791,8.2542
2024-12-18T07:30:00+00:00,4719.348164,5143.937791,8.2542
2024-12-18T07:45:00+00:00,4719.348164,5143.937791,8.2542
2024-12-18T08:00:00+00:00,4719.348164,5143.937791,8.2542
2024-12-18T08:15:00+00:00,4719.348164,5143.937791,8.2542
2024-12-18T08:30:00+00:00,4719.348164,5143.937791,8.2542
2024-12-18T08:45:00+00:00,4719.348164,5143.937791,8.2542
2024-12-18T09:00:00+00:00,4719.348164,5143.937791,8.2542
2024-12-18T09:15:00+00:00,4719.348164,5143.937791,8.2542
2024-12-18T09:30:00+00:00,4719.348164,5143.937791,8.2542
2024-12-18T09:45:00+00:00,4719.348164,5143.937791,8.2542
2024-12-18T10:00:00+00:00,4719.348164,5143.937791,8.2542
2024-12-18T10:15:00+00:00,4719.348164,5143.937791,8.2542
2024-12-18T10:30:00+00:00,4719.348164,5143.937791,8.2542
2024-12-18T10:45:00+00:00,4719.348164,5143.937791,8.2542
2024-12-18T11:00:00+00:00,4719.348164,5143.937791,8.2542
2024-12-18T11:15:00+00:00,4719.348164,5143.937791,8.2542
2024-12-18T11:30:00+00:00,4719.348164,5143.937791,8.2542
2024-12-18T11:45:00+00:00,4719.348164,5143.937791,8.2542
2024-12-18T12:00:00+00:00,4719.348164,5143.937791,8.2542
2024-12-18T12:15:00+00:00,4719.348164,5143.937791,8.2542
2024-12-18T12:30:00+00:00,4719.348164,5143.937791,8.2542
2024-12-18T12:45:00+00:00,4719.348164,5143.937791,8.2542
2024-12-18T13:00:00+00:00,4719.348164,5143.937791,8.2542
2024-12-18T13:15:00+00:00,4719.348164,5143.937791,8.2542
2024-12-18T13:30:00+00:00,4719.348164,5143.937791,8.2542
2024-12-18T13:45:00+00:00,4719.348164,5143.937791,8.2542
2024-12-18T14:00:00+00:00,4719.348164,5143.937791,8.2542
2024-12-18T14:15:00+00:00,4719.348164,5143.937791,8.2542
2024-12-18T14:30:00+00:00,4719.348164,5143.937791,8.2542
2024-12-18T14:45:00+00:00,4719.348164,5143.937791,8.2542
2024-12-18T15:00:00+00:00,4719.348164,5143.937791,8.2542
2024-12-18T15:15:00+00:00,4719.348164,5143.937791,8.2542
2024-12-18T15:30:00+00:00,4719.348164,5143.937791,8.2542
2024-12-18T15:45:00+00:00,4719.348164,5143.937791,8.2542
2024-12-18T16:00:00+00:00,4719.348164,5143.937791,8.2542
2024-12-18T16:15:00+00:00,4719.348164,5143.937791,8.2542
2024-12-18T16:30:00+00:00,4719.348164,5143.937791,8.2542
2024-12-18T16:45:00+00:00,4719.348164,5143.937791,8.2542
2024-12-18T17:00:00+00:00,4719.348164,5143.937791,8.2542
2024-12-18T17:15:00+00:00,4719.348164,5143.937791,8.2542
2024-12-18T17:30:00+00:00,4719.348164,5143.937791,8.2542
2024-12-18T17:45:00+00:00,4719.348164,5143.937791,8.2542
2024-12-18T18:00:00+00:00,4719.348164,5143.937791,8.2542
2024-12-18T18:15:00+00:00,4719.348164,5143.937791,8.2542
2024-12-18T18:30:00+00:00,4719.348164,5143.937791,8.2542
2024-12-18T18:45:00+00:00,4719.348164,5143.937791,8.2542
2024-12-18T19:00:00+00:00,4719.348164,5143.937791,8.2542
2024-12-18T19:15:00+00:00,4719.348164,5143.937791,8.2542
2024-12-18T19:30:00+00:00,4719.348164,5143.937791,8.2542
2024-12-18T19:45:00+00:00,4719.348164,5143.937791,8.2542
2024-12-18T20:00:00+00:00,4719.348164,5143.937791,8.2542
2024-12-18T20:15:00+00:00,4719.348164,5143.937791,8.2542
2024-12-18T20:30:00+00:00,4719.348164,5143.937791,8.2542
2024-12-18T20:45:00+00:00,4719.348164,5143.937791,8.2542
2024-12-18T21:00:00+00:00,4719.348164,5143.937791,8.2542
2024-12-18T21:01:00+00:00,4712.430293,5143.937791,8.3887
2024-12-18T21:02:00+00:00,4720.969403,5143.937791,8.2227
2024-12-18T21:03:00+00:00,4720.969403,5143.937791,8.2227
2024-12-18T21:04:00+00:00,4719.073702,5143.937791,8.2595
2024-12-18T21:05:00+00:00,4719.073702,5143.937791,8.2595
2024-12-18T21:06:00+00:00,4702.723275,5143.937791,8.5774
2024-12-18T21:07:00+00:00,4699.405798,5143.937791,8.6419
2024-12-18T21:08:00+00:00,4699.405798,5143.937791,8.6419
2024-12-18T21:09:00+00:00,4699.405798,5143.937791,8.6419
2024-12-18T21:10:00+00:00,4719.547627,5143.937791,8.2503
2024-12-18T21:11:00+00:00,4712.675709,5143.937791,8.3839
2024-12-18T21:12:00+00:00,4739.926419,5143.937791,7.8541
2024-12-18T21:13:00+00:00,4746.324412,5143.937791,7.7297
2024-12-18T21:14:00+00:00,4765.992316,5143.937791,7.3474
2024-12-18T21:15:00+00:00,4772.153346,5143.937791,7.2276
2024-12-18T21:16:00+00:00,4787.792884,5143.937791,6.9236
2024-12-18T21:17:00+00:00,4771.916383,5143.937791,7.2322
2024-12-18T21:18:00+00:00,4771.916383,5143.937791,7.2322
2024-12-18T21:19:00+00:00,4766.703204,5143.937791,7.3336
2024-12-18T21:20:00+00:00,4768.361943,5143.937791,7.3013
2024-12-18T21:21:00+00:00,4762.200913,5143.937791,7.4211
2024-12-18T21:22:00+00:00,4778.551339,5143.937791,7.1032
2024-12-18T21:23:00+00:00,4768.598906,5143.937791,7.2967
2024-12-18T21:24:00+00:00,4768.598906,5143.937791,7.2967
2024-12-18T21:25:00+00:00,4764.807502,5143.937791,7.3704
2024-12-18T21:26:00+00:00,4771.679421,5143.937791,7.2368
2024-12-18T21:27:00+00:00,4789.451623,5143.937791,6.8913
2024-12-18T21:28:00+00:00,4789.451623,5143.937791,6.8913
2024-12-18T21:29:00+00:00,4775.233861,5143.937791,7.1677
2024-12-18T21:30:00+00:00,4775.233861,5143.937791,7.1677
2024-12-18T21:31:00+00:00,4775.944749,5143.937791,7.1539
2024-12-18T21:32:00+00:00,4779.025264,5143.937791,7.0940
2024-12-18T21:33:00+00:00,4779.025264,5143.937791,7.0940
2024-12-18T21:34:00+00:00,4775.707787,5143.937791,7.1585
2024-12-18T21:35:00+00:00,4772.390309,5143.937791,7.2230
2024-12-18T21:36:00+00:00,4785.423257,5143.937791,6.9697
2024-12-18T21:37:00+00:00,4785.660220,5143.937791,6.9650
2024-12-18T21:38:00+00:00,4795.612653,5143.937791,6.7716
2024-12-18T21:39:00+00:00,4800.114944,5143.937791,6.6840
2024-12-18T21:40:00+00:00,4772.390309,5143.937791,7.2230
2024-12-18T21:41:00+00:00,4774.049048,5143.937791,7.1908
2024-12-18T21:42:00+00:00,4774.049048,5143.937791,7.1908
2024-12-18T21:43:00+00:00,4761.253062,5143.937791,7.4395
2024-12-18T21:44:00+00:00,4774.759936,5143.937791,7.1770
2024-12-18T21:45:00+00:00,4774.759936,5143.937791,7.1770
2024-12-18T21:46:00+00:00,4781.394891,5143.937791,7.0480
2024-12-18T21:47:00+00:00,4778.788302,5143.937791,7.0986
2024-12-18T21:48:00+00:00,4781.157929,5143.937791,7.0526
2024-12-18T21:49:00+00:00,4769.783719,5143.937791,7.2737
2024-12-18T21:50:00+00:00,4769.309794,5143.937791,7.2829
2024-12-18T21:51:00+00:00,4769.309794,5143.937791,7.2829
2024-12-18T21:52:00+00:00,4770.020682,5143.937791,7.2691
2024-12-18T21:53:00+00:00,4770.731570,5143.937791,7.2553
2024-12-18T21:54:00+00:00,4770.731570,5143.937791,7.2553
2024-12-18T21:55:00+00:00,4772.627271,5143.937791,7.2184
2024-12-18T21:56:00+00:00,4778.788302,5143.937791,7.0986
2024-12-18T21:57:00+00:00,4778.788302,5143.937791,7.0986
2024-12-18T21:58:00+00:00,4772.627271,5143.937791,7.2184
2024-12-18T21:59:00+00:00,4772.627271,5143.937791,7.2184
2024-12-18T22:00:00+00:00,4772.627271,5143.937791,7.2184
2024-12-18T22:01:00+00:00,4772.627271,5143.937791,7.2184
2024-12-18T22:02:00+00:00,4756.513808,5143.937791,7.5317
2024-12-18T22:03:00+00:00,4750.115815,5143.937791,7.6560
2024-12-18T22:04:00+00:00,4750.115815,5143.937791,7.6560
2024-12-18T22:05:00+00:00,4755.565957,5143.937791,7.5501
2024-12-18T22:06:00+00:00,4747.035300,5143.937791,7.7159
2024-12-18T22:07:00+00:00,4747.035300,5143.937791,7.7159
2024-12-18T22:08:00+00:00,4732.343613,5143.937791,8.0015
2024-12-18T22:09:00+00:00,4732.343613,5143.937791,8.0015
2024-12-18T22:10:00+00:00,4730.921837,5143.937791,8.0292
2024-12-18T22:11:00+00:00,4730.921837,5143.937791,8.0292
2024-12-18T22:12:00+00:00,4724.760806,5143.937791,8.1490
2024-12-18T22:13:00+00:00,4732.817538,5143.937791,7.9923
2024-12-18T22:14:00+00:00,4730.921837,5143.937791,8.0292
2024-12-18T22:15:00+00:00,4730.921837,5143.937791,8.0292
2024-12-18T22:16:00+00:00,4730.921837,5143.937791,8.0292
2024-12-18T22:17:00+00:00,4729.500060,5143.937791,8.0568
2024-12-18T22:18:00+00:00,4744.191748,5143.937791,7.7712
2024-12-18T22:19:00+00:00,4756.513808,5143.937791,7.5317
2024-12-18T22:20:00+00:00,4754.144181,5143.937791,7.5777
2024-12-18T22:21:00+00:00,4740.874270,5143.937791,7.8357
2024-12-18T22:22:00+00:00,4740.874270,5143.937791,7.8357
2024-12-18T22:23:00+00:00,4740.874270,5143.937791,7.8357
2024-12-18T22:24:00+00:00,4743.243897,5143.937791,7.7896
2024-12-18T22:25:00+00:00,4755.092032,5143.937791,7.5593
2024-12-18T22:26:00+00:00,4749.878852,5143.937791,7.6606
2024-12-18T22:27:00+00:00,4763.148764,5143.937791,7.4027
2024-12-18T22:28:00+00:00,4765.992316,5143.937791,7.3474
2024-12-18T22:29:00+00:00,4773.575122,5143.937791,7.2000
2024-12-18T22:30:00+00:00,4773.575122,5143.937791,7.2000
2024-12-18T22:31:00+00:00,4764.096614,5143.937791,7.3842
2024-12-18T22:32:00+00:00,4765.518391,5143.937791,7.3566
2024-12-18T22:33:00+00:00,4765.518391,5143.937791,7.3566
2024-12-18T22:34:00+00:00,4765.518391,5143.937791,7.3566
2024-12-18T22:35:00+00:00,4785.423257,5143.937791,6.9697
2024-12-18T22:36:00+00:00,4785.423257,5143.937791,6.9697
2024-12-18T22:37:00+00:00,4777.840451,5143.937791,7.1171
2024-12-18T22:38:00+00:00,4770.968533,5143.937791,7.2507
2024-12-18T22:39:00+00:00,4767.177129,5143.937791,7.3244
2024-12-18T22:40:00+00:00,4770.494607,5143.937791,7.2599
2024-12-18T22:41:00+00:00,4770.494607,5143.937791,7.2599
2024-12-18T22:42:00+00:00,4770.494607,5143.937791,7.2599
2024-12-18T22:43:00+00:00,4761.016099,5143.937791,7.4441
2024-12-18T22:44:00+00:00,4756.513808,5143.937791,7.5317
2024-12-18T22:45:00+00:00,4749.167964,5143.937791,7.6745
2024-12-18T22:46:00+00:00,4748.457076,5143.937791,7.6883
2024-12-18T22:47:00+00:00,4748.457076,5143.937791,7.6883
2024-12-18T22:48:00+00:00,4748.457076,5143.937791,7.6883
2024-12-18T22:49:00+00:00,4748.457076,5143.937791,7.6883
2024-12-18T22:50:00+00:00,4748.457076,5143.937791,7.6883
2024-12-18T22:51:00+00:00,4748.457076,5143.937791,7.6883
2024-12-18T22:52:00+00:00,4762.911801,5143.937791,7.4073
2024-12-18T22:53:00+00:00,4762.911801,5143.937791,7.4073
2024-12-18T22:54:00+00:00,4762.911801,5143.937791,7.4073
2024-12-18T22:55:00+00:00,4762.911801,5143.937791,7.4073
2024-12-18T22:56:00+00:00,4762.911801,5143.937791,7.4073
2024-12-18T22:57:00+00:00,4762.911801,5143.937791,7.4073
2024-12-18T22:58:00+00:00,4762.911801,5143.937791,7.4073
2024-12-18T22:59:00+00:00,4755.328994,5143.937791,7.5547
2024-12-18T23:00:00+00:00,4755.328994,5143.937791,7.5547
2024-12-18T23:01:00+00:00,4755.328994,5143.937791,7.5547
2024-12-18T23:02:00+00:00,4740.637307,5143.937791,7.8403
2024-12-18T23:03:00+00:00,4740.637307,5143.937791,7.8403
2024-12-18T23:04:00+00:00,4724.760806,5143.937791,8.1490
2024-12-18T23:05:00+00:00,4713.386597,5143.937791,8.3701
2024-12-18T23:06:00+00:00,4713.386597,5143.937791,8.3701
2024-12-18T23:07:00+00:00,4713.386597,5143.937791,8.3701
2024-12-18T23:08:00+00:00,4726.182583,5143.937791,8.1213
2024-12-18T23:09:00+00:00,4726.182583,5143.937791,8.1213
2024-12-18T23:10:00+00:00,4726.182583,5143.937791,8.1213
2024-12-18T23:11:00+00:00,4726.182583,5143.937791,8.1213
2024-12-18T23:12:00+00:00,4724.760806,5143.937791,8.1490
2024-12-18T23:13:00+00:00,4714.334448,5143.937791,8.3516
2024-12-18T23:14:00+00:00,4714.334448,5143.937791,8.3516
2024-12-18T23:15:00+00:00,4716.704075,5143.937791,8.3056
2024-12-18T23:16:00+00:00,4716.704075,5143.937791,8.3056
2024-12-18T23:17:00+00:00,4724.997769,5143.937791,8.1443
2024-12-18T23:18:00+00:00,4724.997769,5143.937791,8.1443
2024-12-18T23:19:00+00:00,4724.997769,5143.937791,8.1443
2024-12-18T23:20:00+00:00,4724.997769,5143.937791,8.1443
2024-12-18T23:21:00+00:00,4728.552210,5143.937791,8.0752
2024-12-18T23:22:00+00:00,4728.552210,5143.937791,8.0752
2024-12-18T23:23:00+00:00,4728.552210,5143.937791,8.0752
2024-12-18T23:24:00+00:00,4745.613524,5143.937791,7.7436
2024-12-18T23:25:00+00:00,4750.589741,5143.937791,7.6468
2024-12-18T23:26:00+00:00,4750.589741,5143.937791,7.6468
2024-12-18T23:27:00+00:00,4766.466241,5143.937791,7.3382
2024-12-18T23:28:00+00:00,4773.101197,5143.937791,7.2092
2024-12-18T23:29:00+00:00,4770.020682,5143.937791,7.2691
2024-12-18T23:30:00+00:00,4772.627271,5143.937791,7.2184
2024-12-18T23:31:00+00:00,4772.627271,5143.937791,7.2184
2024-12-18T23:32:00+00:00,4758.883435,5143.937791,7.4856
2024-12-18T23:33:00+00:00,4758.883435,5143.937791,7.4856
2024-12-18T23:34:00+00:00,4747.746188,5143.937791,7.7021
2024-12-18T23:35:00+00:00,4747.746188,5143.937791,7.7021
2024-12-18T23:36:00+00:00,4747.746188,5143.937791,7.7021
2024-12-18T23:37:00+00:00,4747.746188,5143.937791,7.7021
2024-12-18T23:38:00+00:00,4741.585158,5143.937791,7.8219
2024-12-18T23:39:00+00:00,4731.158799,5143.937791,8.0246
2024-12-18T23:40:00+00:00,4730.921837,5143.937791,8.0292
2024-12-18T23:41:00+00:00,4735.661091,5143.937791,7.9370
2024-12-18T23:42:00+00:00,4735.661091,5143.937791,7.9370
2024-12-18T23:43:00+00:00,4735.661091,5143.937791,7.9370
2024-12-18T23:44:00+00:00,4738.978568,5143.937791,7.8726
2024-12-18T23:45:00+00:00,4738.978568,5143.937791,7.8726
2024-12-18T23:46:00+00:00,4738.978568,5143.937791,7.8726
2024-12-18T23:47:00+00:00,4738.978568,5143.937791,7.8726
2024-12-18T23:48:00+00:00,4738.978568,5143.937791,7.8726
2024-12-18T23:49:00+00:00,4724.760806,5143.937791,8.1490
2024-12-18T23:50:00+00:00,4711.490895,5143.937791,8.4069
2024-12-18T23:51:00+00:00,4711.253933,5143.937791,8.4115
2024-12-18T23:52:00+00:00,4711.253933,5143.937791,8.4115
2024-12-18T23:53:00+00:00,4711.253933,5143.937791,8.4115
2024-12-18T23:54:00+00:00,4725.945620,5143.937791,8.1259
2024-12-18T23:55:00+00:00,4713.623560,5143.937791,8.3655
2024-12-18T23:56:00+00:00,4710.543044,5143.937791,8.4253
2024-12-18T23:57:00+00:00,4719.073702,5143.937791,8.2595
2024-12-18T23:58:00+00:00,4719.073702,5143.937791,8.2595
2024-12-18T23:59:00+00:00,4713.860522,5143.937791,8.3609
2024-12-19T00:00:00+00:00,4720.021552,5143.937791,8.2411
2024-12-19T00:01:00+00:00,4720.021552,5143.937791,8.2411
2024-12-19T00:02:00+00:00,4720.021552,5143.937791,8.2411
2024-12-19T00:03:00+00:00,4680.448782,5143.937791,9.0104
2024-12-19T00:04:00+00:00,4692.770842,5143.937791,8.7708
2024-12-19T00:05:00+00:00,4692.770842,5143.937791,8.7708
2024-12-19T00:06:00+00:00,4713.386597,5143.937791,8.3701
2024-12-19T00:07:00+00:00,4725.471694,5143.937791,8.1351
2024-12-19T00:08:00+00:00,4739.452494,5143.937791,7.8633
2024-12-19T00:09:00+00:00,4739.452494,5143.937791,7.8633
2024-12-19T00:10:00+00:00,4716.941037,5143.937791,8.3010
2024-12-19T00:11:00+00:00,4711.964821,5143.937791,8.3977
2024-12-19T00:12:00+00:00,4711.016970,5143.937791,8.4161
2024-12-19T00:13:00+00:00,4711.016970,5143.937791,8.4161
2024-12-19T00:14:00+00:00,4711.016970,5143.937791,8.4161
2024-12-19T00:15:00+00:00,4721.680291,5143.937791,8.2088
2024-12-19T00:16:00+00:00,4722.628142,5143.937791,8.1904
2024-12-19T00:17:00+00:00,4705.329865,5143.937791,8.5267
2024-12-19T00:18:00+00:00,4705.329865,5143.937791,8.5267
2024-12-19T00:19:00+00:00,4705.329865,5143.937791,8.5267
2024-12-19T00:20:00+00:00,4692.533879,5143.937791,8.7755
2024-12-19T00:21:00+00:00,4692.533879,5143.937791,8.7755
2024-12-19T00:22:00+00:00,4692.533879,5143.937791,8.7755
2024-12-19T00:23:00+00:00,4692.533879,5143.937791,8.7755
2024-12-19T00:24:00+00:00,4692.533879,5143.937791,8.7755
2024-12-19T00:25:00+00:00,4692.533879,5143.937791,8.7755
2024-12-19T00:26:00+00:00,4692.533879,5143.937791,8.7755
2024-12-19T00:27:00+00:00,4727.130433,5143.937791,8.1029
2024-12-19T00:28:00+00:00,4732.106650,5143.937791,8.0061
2024-12-19T00:29:00+00:00,4742.059083,5143.937791,7.8127
2024-12-19T00:30:00+00:00,4742.059083,5143.937791,7.8127
2024-12-19T00:31:00+00:00,4738.978568,5143.937791,7.8726
2024-12-19T00:32:00+00:00,4738.978568,5143.937791,7.8726
2024-12-19T00:33:00+00:00,4738.978568,5143.937791,7.8726
2024-12-19T00:34:00+00:00,4746.324412,5143.937791,7.7297
2024-12-19T00:35:00+00:00,4743.954785,5143.937791,7.7758
2024-12-19T00:36:00+00:00,4743.954785,5143.937791,7.7758
2024-12-19T00:37:00+00:00,4750.352778,5143.937791,7.6514
2024-12-19T00:38:00+00:00,4737.082867,5143.937791,7.9094
2024-12-19T00:39:00+00:00,4737.082867,5143.937791,7.9094
2024-12-19T00:40:00+00:00,4737.082867,5143.937791,7.9094
2024-12-19T00:41:00+00:00,4737.082867,5143.937791,7.9094
2024-12-19T00:42:00+00:00,4737.082867,5143.937791,7.9094
2024-12-19T00:43:00+00:00,4711.490895,5143.937791,8.4069
2024-12-19T00:44:00+00:00,4711.490895,5143.937791,8.4069
2024-12-19T00:45:00+00:00,4711.490895,5143.937791,8.4069
2024-12-19T00:46:00+00:00,4711.490895,5143.937791,8.4069
2024-12-19T00:47:00+00:00,4711.490895,5143.937791,8.4069
2024-12-19T00:48:00+00:00,4711.490895,5143.937791,8.4069
2024-12-19T00:49:00+00:00,4711.490895,5143.937791,8.4069
2024-12-19T00:50:00+00:00,4711.490895,5143.937791,8.4069
2024-12-19T00:51:00+00:00,4711.490895,5143.937791,8.4069
2024-12-19T00:52:00+00:00,4711.490895,5143.937791,8.4069
2024-12-19T00:53:00+00:00,4711.490895,5143.937791,8.4069
2024-12-19T00:54:00+00:00,4734.476277,5143.937791,7.9601
2024-12-19T00:55:00+00:00,4734.476277,5143.937791,7.9601
2024-12-19T00:56:00+00:00,4734.476277,5143.937791,7.9601
2024-12-19T00:57:00+00:00,4734.476277,5143.937791,7.9601
2024-12-19T00:58:00+00:00,4734.476277,5143.937791,7.9601
2024-12-19T00:59:00+00:00,4734.476277,5143.937791,7.9601
2024-12-19T01:00:00+00:00,4734.476277,5143.937791,7.9601
2024-12-19T01:01:00+00:00,4746.324412,5143.937791,7.7297
2024-12-19T01:02:00+00:00,4738.267680,5143.937791,7.8864
2024-12-19T01:03:00+00:00,4738.267680,5143.937791,7.8864
2024-12-19T01:04:00+00:00,4738.267680,5143.937791,7.8864
2024-12-19T01:05:00+00:00,4738.267680,5143.937791,7.8864
2024-12-19T01:06:00+00:00,4738.267680,5143.937791,7.8864
2024-12-19T01:07:00+00:00,4738.267680,5143.937791,7.8864
2024-12-19T01:08:00+00:00,4738.267680,5143.937791,7.8864
2024-12-19T01:09:00+00:00,4738.267680,5143.937791,7.8864
2024-12-19T01:10:00+00:00,4738.267680,5143.937791,7.8864
2024-12-19T01:11:00+00:00,4711.490895,5143.937791,8.4069
2024-12-19T01:12:00+00:00,4711.490895,5143.937791,8.4069
2024-12-19T01:13:00+00:00,4715.519261,5143.937791,8.3286
2024-12-19T01:14:00+00:00,4715.519261,5143.937791,8.3286
2024-12-19T01:15:00+00:00,4715.519261,5143.937791,8.3286
2024-12-19T01:16:00+00:00,4715.519261,5143.937791,8.3286
2024-12-19T01:17:00+00:00,4715.519261,5143.937791,8.3286
2024-12-19T01:18:00+00:00,4746.324412,5143.937791,7.7297
2024-12-19T01:19:00+00:00,4746.324412,5143.937791,7.7297
2024-12-19T01:20:00+00:00,4743.717822,5143.937791,7.7804
2024-12-19T01:21:00+00:00,4743.717822,5143.937791,7.7804
2024-12-19T01:22:00+00:00,4750.352778,5143.937791,7.6514
2024-12-19T01:23:00+00:00,4750.352778,5143.937791,7.6514
2024-12-19T01:24:00+00:00,4750.352778,5143.937791,7.6514
2024-12-19T01:25:00+00:00,4750.352778,5143.937791,7.6514
2024-12-19T01:26:00+00:00,4743.006934,5143.937791,7.7942
2024-12-19T01:27:00+00:00,4743.006934,5143.937791,7.7942
2024-12-19T01:28:00+00:00,4743.006934,5143.937791,7.7942
2024-12-19T01:29:00+00:00,4739.215531,5143.937791,7.8679
2024-12-19T01:30:00+00:00,4739.215531,5143.937791,7.8679
2024-12-19T01:31:00+00:00,4736.135016,5143.937791,7.9278
2024-12-19T01:32:00+00:00,4736.135016,5143.937791,7.9278
2024-12-19T01:33:00+00:00,4736.135016,5143.937791,7.9278
2024-12-19T01:34:00+00:00,4724.049918,5143.937791,8.1628
2024-12-19T01:35:00+00:00,4715.045336,5143.937791,8.3378
2024-12-19T01:36:00+00:00,4711.490895,5143.937791,8.4069
2024-12-19T01:37:00+00:00,4711.490895,5143.937791,8.4069
2024-12-19T01:38:00+00:00,4711.490895,5143.937791,8.4069
2024-12-19T01:39:00+00:00,4711.490895,5143.937791,8.4069
2024-12-19T01:40:00+00:00,4711.490895,5143.937791,8.4069
2024-12-19T01:41:00+00:00,4711.490895,5143.937791,8.4069
2024-12-19T01:42:00+00:00,4711.490895,5143.937791,8.4069
2024-12-19T01:43:00+00:00,4711.490895,5143.937791,8.4069
2024-12-19T01:44:00+00:00,4711.490895,5143.937791,8.4069
2024-12-19T01:45:00+00:00,4711.490895,5143.937791,8.4069
2024-12-19T01:46:00+00:00,4711.490895,5143.937791,8.4069
2024-12-19T01:47:00+00:00,4711.490895,5143.937791,8.4069
2024-12-19T01:48:00+00:00,4711.490895,5143.937791,8.4069
2024-12-19T01:49:00+00:00,4711.490895,5143.937791,8.4069
2024-12-19T01:50:00+00:00,4711.490895,5143.937791,8.4069
2024-12-19T01:51:00+00:00,4711.490895,5143.937791,8.4069
2024-12-19T01:52:00+00:00,4711.490895,5143.937791,8.4069
2024-12-19T01:53:00+00:00,4711.490895,5143.937791,8.4069
2024-12-19T01:54:00+00:00,4711.490895,5143.937791,8.4069
2024-12-19T01:55:00+00:00,4703.434164,5143.937791,8.5635
2024-12-19T01:56:00+00:00,4703.434164,5143.937791,8.5635
2024-12-19T01:57:00+00:00,4703.434164,5143.937791,8.5635
2024-12-19T01:58:00+00:00,4686.135887,5143.937791,8.8998
2024-12-19T01:59:00+00:00,4644.083324,5143.937791,9.7174
2024-12-19T02:00:00+00:00,4644.083324,5143.937791,9.7174
2024-12-19T02:15:00+00:00,4644.083324,5143.937791,9.7174
2024-12-19T02:16:00+00:00,4644.083324,5143.937791,9.7174
2024-12-19T02:17:00+00:00,4644.083324,5143.937791,9.7174
2024-12-19T02:18:00+00:00,4644.083324,5143.937791,9.7174
2024-12-19T02:19:00+00:00,4644.083324,5143.937791,9.7174
2024-12-19T02:20:00+00:00,4644.083324,5143.937791,9.7174
2024-12-19T02:30:00+00:00,4644.083324,5143.937791,9.7174
2024-12-19T02:45:00+00:00,4644.083324,5143.937791,9.7174
2024-12-19T03:00:00+00:00,4644.083324,5143.937791,9.7174
2024-12-19T03:15:00+00:00,4644.083324,5143.937791,9.7174
2024-12-19T03:30:00+00:00,4644.083324,5143.937791,9.7174
2024-12-19T03:45:00+00:00,4644.083324,5143.937791,9.7174
2024-12-19T04:00:00+00:00,4644.083324,5143.937791,9.7174
2024-12-19T04:15:00+00:00,4644.083324,5143.937791,9.7174
2024-12-19T04:30:00+00:00,4644.083324,5143.937791,9.7174
2024-12-19T04:45:00+00:00,4644.083324,5143.937791,9.7174
2024-12-19T05:00:00+00:00,4644.083324,5143.937791,9.7174
2024-12-19T05:15:00+00:00,4644.083324,5143.937791,9.7174
2024-12-19T05:30:00+00:00,4644.083324,5143.937791,9.7174
2024-12-19T05:45:00+00:00,4644.083324,5143.937791,9.7174
2024-12-19T06:00:00+00:00,4644.083324,5143.937791,9.7174
2024-12-19T06:15:00+00:00,4644.083324,5143.937791,9.7174
2024-12-19T06:30:00+00:00,4644.083324,5143.937791,9.7174
2024-12-19T06:45:00+00:00,4644.083324,5143.937791,9.7174
2024-12-19T07:00:00+00:00,4644.083324,5143.937791,9.7174
2024-12-19T07:15:00+00:00,4644.083324,5143.937791,9.7174
2024-12-19T07:30:00+00:00,4644.083324,5143.937791,9.7174
2024-12-19T07:45:00+00:00,4644.083324,5143.937791,9.7174
2024-12-19T08:00:00+00:00,4644.083324,5143.937791,9.7174
2024-12-19T08:15:00+00:00,4644.083324,5143.937791,9.7174
2024-12-19T08:30:00+00:00,4644.083324,5143.937791,9.7174
2024-12-19T08:45:00+00:00,4644.083324,5143.937791,9.7174
2024-12-19T09:00:00+00:00,4644.083324,5143.937791,9.7174
2024-12-19T09:15:00+00:00,4644.083324,5143.937791,9.7174
2024-12-19T09:30:00+00:00,4644.083324,5143.937791,9.7174
2024-12-19T09:45:00+00:00,4644.083324,5143.937791,9.7174
2024-12-19T10:00:00+00:00,4644.083324,5143.937791,9.7174
2024-12-19T10:15:00+00:00,4644.083324,5143.937791,9.7174
2024-12-19T10:30:00+00:00,4644.083324,5143.937791,9.7174
2024-12-19T10:45:00+00:00,4644.083324,5143.937791,9.7174
2024-12-19T11:00:00+00:00,4644.083324,5143.937791,9.7174
2024-12-19T11:15:00+00:00,4644.083324,5143.937791,9.7174
2024-12-19T11:30:00+00:00,4644.083324,5143.937791,9.7174
2024-12-19T11:45:00+00:00,4644.083324,5143.937791,9.7174
2024-12-19T12:00:00+00:00,4644.083324,5143.937791,9.7174
2024-12-19T12:15:00+00:00,4644.083324,5143.937791,9.7174
2024-12-19T12:30:00+00:00,4644.083324,5143.937791,9.7174
2024-12-19T12:45:00+00:00,4644.083324,5143.937791,9.7174
2024-12-19T13:00:00+00:00,4644.083324,5143.937791,9.7174
2024-12-19T13:15:00+00:00,4644.083324,5143.937791,9.7174
2024-12-19T13:30:00+00:00,4644.083324,5143.937791,9.7174
2024-12-19T13:45:00+00:00,4644.083324,5143.937791,9.7174
2024-12-19T14:00:00+00:00,4644.083324,5143.937791,9.7174
2024-12-19T14:15:00+00:00,4644.083324,5143.937791,9.7174
2024-12-19T14:30:00+00:00,4644.083324,5143.937791,9.7174
2024-12-19T14:45:00+00:00,4644.083324,5143.937791,9.7174
2024-12-19T15:00:00+00:00,4644.083324,5143.937791,9.7174
2024-12-19T15:15:00+00:00,4644.083324,5143.937791,9.7174
2024-12-19T15:30:00+00:00,4644.083324,5143.937791,9.7174
2024-12-19T15:45:00+00:00,4644.083324,5143.937791,9.7174
2024-12-19T16:00:00+00:00,4644.083324,5143.937791,9.7174
2024-12-19T16:15:00+00:00,4644.083324,5143.937791,9.7174
2024-12-19T16:30:00+00:00,4644.083324,5143.937791,9.7174
2024-12-19T16:45:00+00:00,4644.083324,5143.937791,9.7174
2024-12-19T17:00:00+00:00,4644.083324,5143.937791,9.7174
2024-12-19T17:15:00+00:00,4644.083324,5143.937791,9.7174
2024-12-19T17:30:00+00:00,4644.083324,5143.937791,9.7174
2024-12-19T17:45:00+00:00,4644.083324,5143.937791,9.7174
2024-12-19T18:00:00+00:00,4644.083324,5143.937791,9.7174
2024-12-19T18:15:00+00:00,4644.083324,5143.937791,9.7174
2024-12-19T18:30:00+00:00,4644.083324,5143.937791,9.7174
2024-12-19T18:45:00+00:00,4644.083324,5143.937791,9.7174
2024-12-19T19:00:00+00:00,4644.083324,5143.937791,9.7174
2024-12-19T19:15:00+00:00,4644.083324,5143.937791,9.7174
2024-12-19T19:30:00+00:00,4644.083324,5143.937791,9.7174
2024-12-19T19:45:00+00:00,4644.083324,5143.937791,9.7174
2024-12-19T20:00:00+00:00,4644.083324,5143.937791,9.7174
2024-12-19T20:01:00+00:00,4644.083324,5143.937791,9.7174
2024-12-19T20:02:00+00:00,4644.083324,5143.937791,9.7174
2024-12-19T20:03:00+00:00,4644.083324,5143.937791,9.7174
2024-12-19T20:04:00+00:00,4637.281381,5143.937791,9.8496
2024-12-19T20:05:00+00:00,4625.953355,5143.937791,10.0698
2024-12-19T20:06:00+00:00,4620.063366,5143.937791,10.1843
2024-12-19T20:07:00+00:00,4620.063366,5143.937791,10.1843
2024-12-19T20:08:00+00:00,4620.063366,5143.937791,10.1843
2024-12-19T20:09:00+00:00,4625.953355,5143.937791,10.0698
2024-12-19T20:10:00+00:00,4614.173376,5143.937791,10.2988
2024-12-19T20:11:00+00:00,4578.035501,5143.937791,11.0013
2024-12-19T20:15:00+00:00,4578.035501,5143.937791,11.0013
2024-12-19T20:30:00+00:00,4578.035501,5143.937791,11.0013
2024-12-19T20:45:00+00:00,4578.035501,5143.937791,11.0013
2024-12-19T21:00:00+00:00,4578.035501,5143.937791,11.0013
2024-12-19T21:15:00+00:00,4578.035501,5143.937791,11.0013
2024-12-19T21:30:00+00:00,4578.035501,5143.937791,11.0013
2024-12-19T21:45:00+00:00,4578.035501,5143.937791,11.0013
2024-12-19T22:00:00+00:00,4578.035501,5143.937791,11.0013
2024-12-19T22:15:00+00:00,4578.035501,5143.937791,11.0013
2024-12-19T22:30:00+00:00,4578.035501,5143.937791,11.0013
2024-12-19T22:45:00+00:00,4578.035501,5143.937791,11.0013
2024-12-19T23:00:00+00:00,4578.035501,5143.937791,11.0013
2024-12-19T23:15:00+00:00,4578.035501,5143.937791,11.0013
2024-12-19T23:30:00+00:00,4578.035501,5143.937791,11.0013
2024-12-19T23:45:00+00:00,4578.035501,5143.937791,11.0013
2024-12-20T00:00:00+00:00,4578.035501,5143.937791,11.0013
2024-12-20T00:15:00+00:00,4578.035501,5143.937791,11.0013
2024-12-20T00:30:00+00:00,4578.035501,5143.937791,11.0013
2024-12-20T00:45:00+00:00,4578.035501,5143.937791,11.0013
2024-12-20T01:00:00+00:00,4578.035501,5143.937791,11.0013
2024-12-20T01:15:00+00:00,4578.035501,5143.937791,11.0013
2024-12-20T01:30:00+00:00,4578.035501,5143.937791,11.0013
2024-12-20T01:45:00+00:00,4578.035501,5143.937791,11.0013
2024-12-20T02:00:00+00:00,4578.035501,5143.937791,11.0013
2024-12-20T02:15:00+00:00,4578.035501,5143.937791,11.0013
2024-12-20T02:30:00+00:00,4578.035501,5143.937791,11.0013
2024-12-20T02:45:00+00:00,4578.035501,5143.937791,11.0013
2024-12-20T03:00:00+00:00,4578.035501,5143.937791,11.0013
2024-12-20T03:15:00+00:00,4578.035501,5143.937791,11.0013
2024-12-20T03:30:00+00:00,4578.035501,5143.937791,11.0013
2024-12-20T03:45:00+00:00,4578.035501,5143.937791,11.0013
2024-12-20T04:00:00+00:00,4578.035501,5143.937791,11.0013
2024-12-20T04:15:00+00:00,4578.035501,5143.937791,11.0013
2024-12-20T04:30:00+00:00,4578.035501,5143.937791,11.0013
2024-12-20T04:45:00+00:00,4578.035501,5143.937791,11.0013
2024-12-20T05:00:00+00:00,4578.035501,5143.937791,11.0013
2024-12-20T05:15:00+00:00,4578.035501,5143.937791,11.0013
2024-12-20T05:30:00+00:00,4578.035501,5143.937791,11.0013
2024-12-20T05:45:00+00:00,4578.035501,5143.937791,11.0013
2024-12-20T06:00:00+00:00,4578.035501,5143.937791,11.0013
2024-12-20T06:15:00+00:00,4578.035501,5143.937791,11.0013
2024-12-20T06:30:00+00:00,4578.035501,5143.937791,11.0013
2024-12-20T06:45:00+00:00,4578.035501,5143.937791,11.0013
2024-12-20T07:00:00+00:00,4578.035501,5143.937791,11.0013
2024-12-20T07:15:00+00:00,4578.035501,5143.937791,11.0013
2024-12-20T07:30:00+00:00,4578.035501,5143.937791,11.0013
2024-12-20T07:45:00+00:00,4578.035501,5143.937791,11.0013
2024-12-20T08:00:00+00:00,4578.035501,5143.937791,11.0013
2024-12-20T08:15:00+00:00,4578.035501,5143.937791,11.0013
2024-12-20T08:30:00+00:00,4578.035501,5143.937791,11.0013
2024-12-20T08:45:00+00:00,4578.035501,5143.937791,11.0013
2024-12-20T09:00:00+00:00,4578.035501,5143.937791,11.0013
2024-12-20T09:15:00+00:00,4578.035501,5143.937791,11.0013
2024-12-20T09:30:00+00:00,4578.035501,5143.937791,11.0013
2024-12-20T09:45:00+00:00,4578.035501,5143.937791,11.0013
2024-12-20T10:00:00+00:00,4578.035501,5143.937791,11.0013
2024-12-20T10:15:00+00:00,4578.035501,5143.937791,11.0013
2024-12-20T10:30:00+00:00,4578.035501,5143.937791,11.0013
2024-12-20T10:45:00+00:00,4578.035501,5143.937791,11.0013
2024-12-20T11:00:00+00:00,4578.035501,5143.937791,11.0013
2024-12-20T11:15:00+00:00,4578.035501,5143.937791,11.0013
2024-12-20T11:30:00+00:00,4578.035501,5143.937791,11.0013
2024-12-20T11:45:00+00:00,4578.035501,5143.937791,11.0013
2024-12-20T12:00:00+00:00,4578.035501,5143.937791,11.0013
2024-12-20T12:15:00+00:00,4578.035501,5143.937791,11.0013
2024-12-20T12:30:00+00:00,4578.035501,5143.937791,11.0013
2024-12-20T12:45:00+00:00,4578.035501,5143.937791,11.0013
2024-12-20T13:00:00+00:00,4578.035501,5143.937791,11.0013
2024-12-20T13:15:00+00:00,4578.035501,5143.937791,11.0013
2024-12-20T13:30:00+00:00,4578.035501,5143.937791,11.0013
2024-12-20T13:45:00+00:00,4578.035501,5143.937791,11.0013
2024-12-20T14:00:00+00:00,4578.035501,5143.937791,11.0013
2024-12-20T14:15:00+00:00,4578.035501,5143.937791,11.0013
2024-12-20T14:30:00+00:00,4578.035501,5143.937791,11.0013
2024-12-20T14:45:00+00:00,4578.035501,5143.937791,11.0013
2024-12-20T15:00:00+00:00,4578.035501,5143.937791,11.0013
2024-12-20T15:15:00+00:00,4578.035501,5143.937791,11.0013
2024-12-20T15:30:00+00:00,4578.035501,5143.937791,11.0013
2024-12-20T15:45:00+00:00,4578.035501,5143.937791,11.0013
2024-12-20T16:00:00+00:00,4578.035501,5143.937791,11.0013
2024-12-20T16:15:00+00:00,4578.035501,5143.937791,11.0013
2024-12-20T16:30:00+00:00,4578.035501,5143.937791,11.0013
2024-12-20T16:45:00+00:00,4578.035501,5143.937791,11.0013
2024-12-20T17:00:00+00:00,4578.035501,5143.937791,11.0013
2024-12-20T17:15:00+00:00,4578.035501,5143.937791,11.0013
2024-12-20T17:30:00+00:00,4578.035501,5143.937791,11.0013
2024-12-20T17:45:00+00:00,4578.035501,5143.937791,11.0013
2024-12-20T18:00:00+00:00,4578.035501,5143.937791,11.0013
2024-12-20T18:15:00+00:00,4578.035501,5143.937791,11.0013
2024-12-20T18:30:00+00:00,4578.035501,5143.937791,11.0013
2024-12-20T18:45:00+00:00,4578.035501,5143.937791,11.0013
2024-12-20T19:00:00+00:00,4578.035501,5143.937791,11.0013
2024-12-20T19:15:00+00:00,4578.035501,5143.937791,11.0013
2024-12-20T19:30:00+00:00,4578.035501,5143.937791,11.0013
2024-12-20T19:45:00+00:00,4578.035501,5143.937791,11.0013
2024-12-20T20:00:00+00:00,4578.035501,5143.937791,11.0013
2024-12-20T20:15:00+00:00,4578.035501,5143.937791,11.0013
2024-12-20T20:30:00+00:00,4578.035501,5143.937791,11.0013
2024-12-20T20:45:00+00:00,4578.035501,5143.937791,11.0013
2024-12-20T21:00:00+00:00,4578.035501,5143.937791,11.0013
2024-12-20T21:15:00+00:00,4578.035501,5143.937791,11.0013
2024-12-20T21:30:00+00:00,4578.035501,5143.937791,11.0013
2024-12-20T21:45:00+00:00,4578.035501,5143.937791,11.0013
2024-12-20T22:00:00+00:00,4578.035501,5143.937791,11.0013
2024-12-20T22:15:00+00:00,4578.035501,5143.937791,11.0013
2024-12-20T22:30:00+00:00,4578.035501,5143.937791,11.0013
2024-12-20T22:45:00+00:00,4578.035501,5143.937791,11.0013
2024-12-20T23:00:00+00:00,4578.035501,5143.937791,11.0013
2024-12-20T23:15:00+00:00,4578.035501,5143.937791,11.0013
2024-12-20T23:30:00+00:00,4578.035501,5143.937791,11.0013
2024-12-20T23:45:00+00:00,4578.035501,5143.937791,11.0013
2024-12-21T00:00:00+00:00,4578.035501,5143.937791,11.0013
2024-12-21T00:15:00+00:00,4578.035501,5143.937791,11.0013
2024-12-21T00:30:00+00:00,4578.035501,5143.937791,11.0013
2024-12-21T00:45:00+00:00,4578.035501,5143.937791,11.0013
2024-12-21T01:00:00+00:00,4578.035501,5143.937791,11.0013
2024-12-21T01:15:00+00:00,4578.035501,5143.937791,11.0013
2024-12-21T01:30:00+00:00,4578.035501,5143.937791,11.0013
2024-12-21T01:45:00+00:00,4578.035501,5143.937791,11.0013
2024-12-21T02:00:00+00:00,4578.035501,5143.937791,11.0013
2024-12-21T02:15:00+00:00,4578.035501,5143.937791,11.0013
2024-12-21T02:30:00+00:00,4578.035501,5143.937791,11.0013
2024-12-21T02:45:00+00:00,4578.035501,5143.937791,11.0013
2024-12-21T03:00:00+00:00,4578.035501,5143.937791,11.0013
2024-12-21T03:15:00+00:00,4578.035501,5143.937791,11.0013
2024-12-21T03:30:00+00:00,4578.035501,5143.937791,11.0013
2024-12-21T03:45:00+00:00,4578.035501,5143.937791,11.0013
2024-12-21T04:00:00+00:00,4578.035501,5143.937791,11.0013
2024-12-21T04:15:00+00:00,4578.035501,5143.937791,11.0013
2024-12-21T04:30:00+00:00,4578.035501,5143.937791,11.0013
2024-12-21T04:45:00+00:00,4578.035501,5143.937791,11.0013
2024-12-21T05:00:00+00:00,4578.035501,5143.937791,11.0013
2024-12-21T05:15:00+00:00,4578.035501,5143.937791,11.0013
2024-12-21T05:30:00+00:00,4578.035501,5143.937791,11.0013
2024-12-21T05:45:00+00:00,4578.035501,5143.937791,11.0013
2024-12-21T06:00:00+00:00,4578.035501,5143.937791,11.0013
2024-12-21T06:15:00+00:00,4578.035501,5143.937791,11.0013
2024-12-21T06:30:00+00:00,4578.035501,5143.937791,11.0013
2024-12-21T06:45:00+00:00,4578.035501,5143.937791,11.0013
2024-12-21T07:00:00+00:00,4578.035501,5143.937791,11.0013
2024-12-21T07:15:00+00:00,4578.035501,5143.937791,11.0013
2024-12-21T07:30:00+00:00,4578.035501,5143.937791,11.0013
2024-12-21T07:45:00+00:00,4578.035501,5143.937791,11.0013
2024-12-21T08:00:00+00:00,4578.035501,5143.937791,11.0013
2024-12-21T08:15:00+00:00,4578.035501,5143.937791,11.0013
2024-12-21T08:30:00+00:00,4578.035501,5143.937791,11.0013
2024-12-21T08:45:00+00:00,4578.035501,5143.937791,11.0013
2024-12-21T09:00:00+00:00,4578.035501,5143.937791,11.0013
2024-12-21T09:15:00+00:00,4578.035501,5143.937791,11.0013
2024-12-21T09:30:00+00:00,4578.035501,5143.937791,11.0013
2024-12-21T09:45:00+00:00,4578.035501,5143.937791,11.0013
2024-12-21T10:00:00+00:00,4578.035501,5143.937791,11.0013
2024-12-21T10:15:00+00:00,4578.035501,5143.937791,11.0013
2024-12-21T10:30:00+00:00,4578.035501,5143.937791,11.0013
2024-12-21T10:45:00+00:00,4578.035501,5143.937791,11.0013
2024-12-21T11:00:00+00:00,4578.035501,5143.937791,11.0013
2024-12-21T11:15:00+00:00,4578.035501,5143.937791,11.0013
2024-12-21T11:30:00+00:00,4578.035501,5143.937791,11.0013
2024-12-21T11:45:00+00:00,4578.035501,5143.937791,11.0013
2024-12-21T12:00:00+00:00,4578.035501,5143.937791,11.0013
2024-12-21T12:15:00+00:00,4578.035501,5143.937791,11.0013
2024-12-21T12:30:00+00:00,4578.035501,5143.937791,11.0013
2024-12-21T12:45:00+00:00,4578.035501,5143.937791,11.0013
2024-12-21T13:00:00+00:00,4578.035501,5143.937791,11.0013
2024-12-21T13:15:00+00:00,4578.035501,5143.937791,11.0013
2024-12-21T13:30:00+00:00,4578.035501,5143.937791,11.0013
2024-12-21T13:45:00+00:00,4578.035501,5143.937791,11.0013
2024-12-21T14:00:00+00:00,4578.035501,5143.937791,11.0013
2024-12-21T14:15:00+00:00,4578.035501,5143.937791,11.0013
2024-12-21T14:30:00+00:00,4578.035501,5143.937791,11.0013
2024-12-21T14:45:00+00:00,4578.035501,5143.937791,11.0013
2024-12-21T15:00:00+00:00,4578.035501,5143.937791,11.0013
2024-12-21T15:15:00+00:00,4578.035501,5143.937791,11.0013
2024-12-21T15:30:00+00:00,4578.035501,5143.937791,11.0013
2024-12-21T15:45:00+00:00,4578.035501,5143.937791,11.0013
2024-12-21T16:00:00+00:00,4578.035501,5143.937791,11.0013
2024-12-21T16:15:00+00:00,4578.035501,5143.937791,11.0013
2024-12-21T16:30:00+00:00,4578.035501,5143.937791,11.0013
2024-12-21T16:45:00+00:00,4578.035501,5143.937791,11.0013
2024-12-21T17:00:00+00:00,4578.035501,5143.937791,11.0013
2024-12-21T17:15:00+00:00,4578.035501,5143.937791,11.0013
2024-12-21T17:30:00+00:00,4578.035501,5143.937791,11.0013
2024-12-21T17:45:00+00:00,4578.035501,5143.937791,11.0013
2024-12-21T18:00:00+00:00,4578.035501,5143.937791,11.0013
2024-12-21T18:15:00+00:00,4578.035501,5143.937791,11.0013
2024-12-21T18:30:00+00:00,4578.035501,5143.937791,11.0013
2024-12-21T18:45:00+00:00,4578.035501,5143.937791,11.0013
2024-12-21T19:00:00+00:00,4578.035501,5143.937791,11.0013
2024-12-21T19:15:00+00:00,4578.035501,5143.937791,11.0013
2024-12-21T19:30:00+00:00,4578.035501,5143.937791,11.0013
2024-12-21T19:45:00+00:00,4578.035501,5143.937791,11.0013
2024-12-21T20:00:00+00:00,4578.035501,5143.937791,11.0013
2024-12-21T20:15:00+00:00,4578.035501,5143.937791,11.0013
2024-12-21T20:30:00+00:00,4578.035501,5143.937791,11.0013
2024-12-21T20:45:00+00:00,4578.035501,5143.937791,11.0013
2024-12-21T21:00:00+00:00,4578.035501,5143.937791,11.0013
2024-12-21T21:15:00+00:00,4578.035501,5143.937791,11.0013
2024-12-21T21:30:00+00:00,4578.035501,5143.937791,11.0013
2024-12-21T21:45:00+00:00,4578.035501,5143.937791,11.0013
2024-12-21T22:00:00+00:00,4578.035501,5143.937791,11.0013
2024-12-21T22:15:00+00:00,4578.035501,5143.937791,11.0013
2024-12-21T22:30:00+00:00,4578.035501,5143.937791,11.0013
2024-12-21T22:45:00+00:00,4578.035501,5143.937791,11.0013
2024-12-21T23:00:00+00:00,4578.035501,5143.937791,11.0013
2024-12-21T23:15:00+00:00,4578.035501,5143.937791,11.0013
2024-12-21T23:30:00+00:00,4578.035501,5143.937791,11.0013
2024-12-21T23:45:00+00:00,4578.035501,5143.937791,11.0013
2024-12-22T00:00:00+00:00,4578.035501,5143.937791,11.0013
2024-12-22T00:15:00+00:00,4578.035501,5143.937791,11.0013
2024-12-22T00:30:00+00:00,4578.035501,5143.937791,11.0013
2024-12-22T00:45:00+00:00,4578.035501,5143.937791,11.0013
2024-12-22T01:00:00+00:00,4578.035501,5143.937791,11.0013
2024-12-22T01:15:00+00:00,4578.035501,5143.937791,11.0013
2024-12-22T01:30:00+00:00,4578.035501,5143.937791,11.0013
2024-12-22T01:45:00+00:00,4578.035501,5143.937791,11.0013
2024-12-22T02:00:00+00:00,4578.035501,5143.937791,11.0013
2024-12-22T02:15:00+00:00,4578.035501,5143.937791,11.0013
2024-12-22T02:30:00+00:00,4578.035501,5143.937791,11.0013
2024-12-22T02:45:00+00:00,4578.035501,5143.937791,11.0013
2024-12-22T03:00:00+00:00,4578.035501,5143.937791,11.0013
2024-12-22T03:15:00+00:00,4578.035501,5143.937791,11.0013
2024-12-22T03:30:00+00:00,4578.035501,5143.937791,11.0013
2024-12-22T03:45:00+00:00,4578.035501,5143.937791,11.0013
2024-12-22T04:00:00+00:00,4578.035501,5143.937791,11.0013
2024-12-22T04:15:00+00:00,4578.035501,5143.937791,11.0013
2024-12-22T04:30:00+00:00,4578.035501,5143.937791,11.0013
2024-12-22T04:45:00+00:00,4578.035501,5143.937791,11.0013
